id,y_true,mean_prediction,abs_error
7376,35.153847,35.15386475,1.7749999997818122e-05
5800,2.9473684,2.9463698000000003,0.0009985999999999606
6029,29.358974,29.354363,0.004611000000000587
6484,10.027027,10.00859225,0.018434750000000832
6920,1.1315789,1.15527162525,0.02369272524999988
