id,y_true,mean_prediction,aleatoric_uncertainty,epistemic_uncertainty,predictive_uncertainty,model_predicted_std,model,abs_error
6789,33.28205,33.28298,27.526928,1.7219652,29.248894,5.219291,ensemble100percent_mc_predictions.csv,0.0009300000000038722
6532,56.74359,56.74482,24.650438,6.3425665,30.993004,4.9550304,dropconnect100percent_mc_predictions.csv,0.0012299999999996203
5684,31.128204,31.129726,14.48332,1.5802208,16.063541,3.790675,ensemble100percent_mc_predictions.csv,0.0015220000000013556
6663,38.42105,38.422855,21.392452,2.21348,23.605932,4.5831685,ensemble100percent_mc_predictions.csv,0.001804999999997392
7010,29.45946,29.457016,19.613604,4.8751607,24.488764,4.4050856,flipout100percentlastlayer_mc_predictions.csv,0.002444000000000557
