id,y_true,mean_prediction,abs_error
5809,86.23684,22.788281750000003,63.44855825
6332,78.210526,23.26697625,54.94354975
6226,67.552635,13.04495125,54.50768375
6064,70.4359,17.107897,53.328003
6699,80.35897,28.00347125,52.355498749999995
