id,y_true,mean_prediction,aleatoric_uncertainty,epistemic_uncertainty,predictive_uncertainty,model_predicted_std,abs_error
5809,86.23684,20.203485,12.474142,6.654494,19.128635,3.507686,66.033355
5809,86.23684,22.281628,8.827598,1.2282567,10.055855,2.9356558,63.955212
5809,86.23684,23.953144,11.818316,7.330518,19.148834,3.41554,62.283696
5809,86.23684,24.71487,12.443411,7.498044,19.941456,3.4701009,61.521969999999996
6332,78.210526,18.786228,11.6828,5.6011076,17.283909,3.3867779,59.424298
