id,y_true,mean_prediction,aleatoric_uncertainty,epistemic_uncertainty,predictive_uncertainty,model_predicted_std,model,abs_error
5809,86.23684,20.203485,12.474142,6.654494,19.128635,3.507686,dropconnect100percent_mc_predictions.csv,66.033355
6332,78.210526,18.786228,11.6828,5.6011076,17.283909,3.3867779,flipout100percentlastlayer_mc_predictions.csv,59.424298
6226,67.552635,8.841495,1.6754143,2.3655572,4.0409718,1.2454492,flipout100percent_mc_predictions.csv,58.71113999999999
6699,80.35897,22.740305,13.9025135,5.9113364,19.81385,3.706787,dropconnect100percent_mc_predictions.csv,57.618665
6516,68.702705,12.567892,3.5280704,2.4689603,5.9970307,1.8251289,flipout100percent_mc_predictions.csv,56.134812999999994
