{
  "apparent_age_avg_loss": [
    54.38362503051758,
    53.51941680908203,
    46.385719299316406,
    46.490928649902344,
    38.36750411987305,
    42.85657501220703,
    43.42003631591797,
    33.369075775146484,
    45.15158462524414,
    40.36213302612305,
    40.105552673339844,
    38.31207275390625,
    39.49660110473633,
    31.146669387817383,
    34.232852935791016,
    36.752872467041016,
    32.94518280029297,
    28.396541595458984,
    32.29545211791992,
    31.58892250061035,
    24.0350341796875,
    26.991117477416992,
    32.615509033203125,
    32.56583023071289,
    32.503456115722656,
    36.32135772705078,
    25.995100021362305,
    33.036800384521484
  ],
  "apparent_age_avg_mean_absolute_error": [
    5.467800140380859,
    5.723535060882568,
    5.2808990478515625,
    5.3365325927734375,
    4.904764652252197,
    5.081996440887451,
    5.151106834411621,
    4.6729021072387695,
    5.226455211639404,
    4.975740909576416,
    4.731987953186035,
    4.9428935050964355,
    4.940982818603516,
    4.424783229827881,
    4.587803840637207,
    4.655228137969971,
    4.583495140075684,
    4.256918430328369,
    4.5105743408203125,
    4.474993705749512,
    3.7838265895843506,
    3.98761248588562,
    4.364970684051514,
    4.532567024230957,
    4.603575706481934,
    4.934779644012451,
    4.048174858093262,
    4.556243419647217
  ],
  "apparent_age_avg_mean_squared_error": [
    54.38362503051758,
    53.51941680908203,
    46.385719299316406,
    46.490928649902344,
    38.36750411987305,
    42.85657501220703,
    43.42003631591797,
    33.369075775146484,
    45.15158462524414,
    40.36213302612305,
    40.105552673339844,
    38.31207275390625,
    39.49660110473633,
    31.146669387817383,
    34.232852935791016,
    36.752872467041016,
    32.94518280029297,
    28.396541595458984,
    32.29545211791992,
    31.58892250061035,
    24.0350341796875,
    26.991117477416992,
    32.615509033203125,
    32.56583023071289,
    32.503456115722656,
    36.32135772705078,
    25.995100021362305,
    33.036800384521484
  ],
  "apparent_age_std_loss": [
    2.7019171714782715,
    3.2193281650543213,
    2.7646350860595703,
    3.1588947772979736,
    2.353233575820923,
    3.420828104019165,
    2.2328391075134277,
    2.8935866355895996,
    2.474276065826416,
    2.5149312019348145,
    2.5431954860687256,
    2.5659515857696533,
    2.573014497756958,
    2.812028646469116,
    2.7073168754577637,
    2.9607112407684326,
    2.261847972869873,
    2.4242541790008545,
    2.386275053024292,
    2.4246792793273926,
    2.293401002883911,
    2.3613874912261963,
    2.417858600616455,
    2.652958631515503,
    2.5805182456970215,
    2.6309492588043213,
    2.3017466068267822,
    2.5876755714416504
  ],
  "apparent_age_std_mean_absolute_error": [
    1.2500919103622437,
    1.3663266897201538,
    1.301975131034851,
    1.2876882553100586,
    1.2440930604934692,
    1.3358334302902222,
    1.1536099910736084,
    1.3367376327514648,
    1.238742709159851,
    1.1789358854293823,
    1.1865030527114868,
    1.2282050848007202,
    1.2352904081344604,
    1.2479217052459717,
    1.3130100965499878,
    1.2796381711959839,
    1.1551332473754883,
    1.1794817447662354,
    1.1474446058273315,
    1.1974318027496338,
    1.1161997318267822,
    1.1770334243774414,
    1.1817522048950195,
    1.2488290071487427,
    1.1987310647964478,
    1.226868987083435,
    1.172626256942749,
    1.238085389137268
  ],
  "apparent_age_std_mean_squared_error": [
    2.7019171714782715,
    3.2193281650543213,
    2.7646350860595703,
    3.1588947772979736,
    2.353233575820923,
    3.420828104019165,
    2.2328391075134277,
    2.8935866355895996,
    2.474276065826416,
    2.5149312019348145,
    2.5431954860687256,
    2.5659515857696533,
    2.573014497756958,
    2.812028646469116,
    2.7073168754577637,
    2.9607112407684326,
    2.261847972869873,
    2.4242541790008545,
    2.386275053024292,
    2.4246792793273926,
    2.293401002883911,
    2.3613874912261963,
    2.417858600616455,
    2.652958631515503,
    2.5805182456970215,
    2.6309492588043213,
    2.3017466068267822,
    2.5876755714416504
  ],
  "loss": [
    57.085540771484375,
    56.73875045776367,
    49.150360107421875,
    49.649818420410156,
    40.72073745727539,
    46.27740478515625,
    45.652870178222656,
    36.26266860961914,
    47.6258544921875,
    42.877071380615234,
    42.64874267578125,
    40.87802505493164,
    42.06961441040039,
    33.95869827270508,
    36.9401741027832,
    39.71358871459961,
    35.207027435302734,
    30.8207950592041,
    34.68172836303711,
    34.01359939575195,
    26.328433990478516,
    29.35250473022461,
    35.03336715698242,
    35.218788146972656,
    35.0839729309082,
    38.95230484008789,
    28.29684829711914,
    35.62447738647461
  ],
  "val_apparent_age_avg_loss": [
    187.53131103515625,
    176.0458526611328,
    162.32862854003906,
    180.0275421142578,
    173.8375701904297,
    161.7598419189453,
    163.55506896972656,
    169.585693359375,
    178.0046844482422,
    207.4619598388672,
    159.5944366455078,
    148.921875,
    164.09243774414062,
    164.1890869140625,
    184.8133087158203,
    134.72650146484375,
    184.1267547607422,
    122.31131744384766,
    166.24098205566406,
    154.3115997314453,
    149.7653350830078,
    177.2898406982422,
    172.8118133544922,
    170.9239044189453,
    177.0536346435547,
    145.2576446533203,
    159.67457580566406,
    183.35943603515625
  ],
  "val_apparent_age_avg_mean_absolute_error": [
    9.723920822143555,
    9.910956382751465,
    9.609375953674316,
    10.173396110534668,
    9.668302536010742,
    10.082913398742676,
    9.73592472076416,
    9.83109188079834,
    10.552775382995605,
    11.000557899475098,
    9.731359481811523,
    9.525290489196777,
    9.317569732666016,
    9.553460121154785,
    10.357090950012207,
    8.64298152923584,
    10.507584571838379,
    9.026597023010254,
    9.875503540039062,
    9.458386421203613,
    9.613078117370605,
    10.18428897857666,
    10.074413299560547,
    10.051399230957031,
    9.741869926452637,
    9.36349105834961,
    9.62341022491455,
    10.22775650024414
  ],
  "val_apparent_age_avg_mean_squared_error": [
    187.53131103515625,
    176.0458526611328,
    162.32862854003906,
    180.0275421142578,
    173.8375701904297,
    161.7598419189453,
    163.55506896972656,
    169.585693359375,
    178.0046844482422,
    207.4619598388672,
    159.5944366455078,
    148.921875,
    164.09243774414062,
    164.1890869140625,
    184.8133087158203,
    134.72650146484375,
    184.1267547607422,
    122.31131744384766,
    166.24098205566406,
    154.3115997314453,
    149.7653350830078,
    177.2898406982422,
    172.8118133544922,
    170.9239044189453,
    177.0536346435547,
    145.2576446533203,
    159.67457580566406,
    183.35943603515625
  ],
  "val_apparent_age_std_loss": [
    4.07940673828125,
    3.413614511489868,
    4.004506587982178,
    3.851520538330078,
    4.517426490783691,
    4.332777500152588,
    4.305250644683838,
    4.596539497375488,
    3.9886550903320312,
    4.590388774871826,
    4.7869181632995605,
    4.900157451629639,
    4.016842365264893,
    3.785914421081543,
    4.398038387298584,
    4.085386276245117,
    3.6389715671539307,
    3.9628045558929443,
    4.500064373016357,
    4.4498772621154785,
    4.200934886932373,
    3.321788787841797,
    3.8284356594085693,
    4.659262657165527,
    4.370678424835205,
    3.7306830883026123,
    4.016279697418213,
    4.0581135749816895
  ],