{
  "apparent_age_avg_loss": [
    1009.2137451171875,
    724.0814208984375,
    469.5631408691406,
    241.4730682373047,
    120.0423355102539,
    105.53382873535156,
    89.15308380126953,
    73.54951477050781,
    56.84394454956055,
    57.0385627746582
  ],
  "apparent_age_avg_mean_absolute_error": [
    28.39335060119629,
    23.165298461914062,
    18.162744522094727,
    12.339559555053711,
    8.611485481262207,
    8.04297924041748,
    7.451539516448975,
    6.959813117980957,
    5.861279010772705,
    5.803680896759033
  ],
  "apparent_age_std_loss": [
    0.0,
    0.0,
    0.0,
    0.0,
    0.0,
    0.0,
    0.0,
    0.0,
    0.0,
    0.0
  ],
  "loss": [
    1009.2137451171875,
    724.0814208984375,
    469.5631408691406,
    241.4730682373047,
    120.0423355102539,
    105.53382873535156,
    89.15308380126953,
    73.54951477050781,
    56.84394454956055,
    57.0385627746582
  ],
  "val_apparent_age_avg_loss": [
    937.9563598632812,
    659.2693481445312,
    413.728515625,
    222.0668182373047,
    173.05238342285156,
    181.3627471923828,
    209.4041290283203,
    186.54640197753906,
    181.5491180419922,
    211.8351287841797
  ],
  "val_apparent_age_avg_mean_absolute_error": [
    26.257286071777344,
    21.280569076538086,
    16.179052352905273,
    11.31201457977295,
    9.79675006866455,
    10.695324897766113,
    11.994873046875,
    10.52741527557373,
    10.288800239562988,
    11.503806114196777
  ],
  "val_apparent_age_std_loss": [
    0.0,
    0.0,
    0.0,
    0.0,
    0.0,
    0.0,
    0.0,
    0.0,
    0.0,
    0.0
  ],
  "val_loss": [
    937.9563598632812,
    659.2693481445312,
    413.728515625,
    222.0668182373047,
    173.05238342285156,
    181.3627471923828,
    209.4041290283203,
    186.54640197753906,
    181.5491180419922,
    211.8351287841797
  ]
}