{
  "apparent_age_avg_loss": [
    128.8278350830078,
    78.42388153076172,
    67.11158752441406,
    63.604583740234375,
    43.92925262451172,
    46.909271240234375,
    36.255104064941406,
    47.579811096191406,
    34.35336685180664,
    38.75225830078125,
    45.059879302978516,
    29.834230422973633,
    44.256717681884766,
    34.317100524902344
  ],
  "apparent_age_avg_mean_absolute_error": [
    8.467862129211426,
    6.809455871582031,
    6.295600891113281,
    6.212718486785889,
    5.178221225738525,
    5.3799238204956055,
    4.856193542480469,
    5.280842304229736,
    4.70535135269165,
    4.702673435211182,
    4.889324188232422,
    4.302249431610107,
    5.140012264251709,
    4.650970458984375
  ],
  "apparent_age_avg_mean_squared_error": [
    128.8278350830078,
    78.42388153076172,
    67.11158752441406,
    63.604583740234375,
    43.92925262451172,
    46.909271240234375,
    36.255104064941406,
    47.579811096191406,
    34.35336685180664,
    38.75225830078125,
    45.059879302978516,
    29.834230422973633,
    44.256717681884766,
    34.317100524902344
  ],
  "apparent_age_std_loss": [
    12.534902572631836,
    8.832845687866211,
    6.145336151123047,
    3.315946578979492,
    2.7253856658935547,
    2.819348096847534,
    2.619755268096924,
    2.6972298622131348,
    2.9724907875061035,
    2.277393341064453,
    2.4301674365997314,
    2.638986587524414,
    2.401805877685547,
    2.1436331272125244
  ],
  "apparent_age_std_mean_absolute_error": [
    3.085421323776245,
    2.4822592735290527,
    1.981303095817566,
    1.361811637878418,
    1.2874442338943481,
    1.2930948734283447,
    1.2312049865722656,
    1.2430278062820435,
    1.2683762311935425,
    1.1721628904342651,
    1.1680248975753784,
    1.235603928565979,
    1.1975853443145752,
    1.1276401281356812
  ],
  "apparent_age_std_mean_squared_error": [
    12.534902572631836,
    8.832845687866211,
    6.145336151123047,
    3.315946578979492,
    2.7253856658935547,
    2.819348096847534,
    2.619755268096924,
    2.6972298622131348,
    2.9724907875061035,
    2.277393341064453,
    2.4301674365997314,
    2.638986587524414,
    2.401805877685547,
    2.1436331272125244
  ],
  "loss": [
    141.3627471923828,
    87.25672149658203,
    73.25691986083984,
    66.9205322265625,
    46.654640197753906,
    49.72861862182617,
    38.874855041503906,
    50.27703857421875,
    37.32585525512695,
    41.02965545654297,
    47.49004364013672,
    32.47321701049805,
    46.65851974487305,
    36.460731506347656
  ],
  "val_apparent_age_avg_loss": [
    186.1553955078125,
    205.1962127685547,
    158.5868377685547,
    172.0946807861328,
    167.50672912597656,
    168.23995971679688,
    136.70469665527344,
    157.75924682617188,
    152.1626739501953,
    152.22654724121094,
    160.4904022216797,
    166.1800994873047,
    196.60169982910156,
    166.12586975097656
  ],
  "val_apparent_age_avg_mean_absolute_error": [
    10.512046813964844,
    10.582016944885254,
    9.738861083984375,
    9.71369457244873,
    9.534088134765625,
    10.033777236938477,
    9.001803398132324,
    9.617121696472168,
    10.099109649658203,
    9.543965339660645,
    9.724236488342285,
    9.924504280090332,
    10.269318580627441,
    9.585745811462402
  ],
  "val_apparent_age_avg_mean_squared_error": [
    186.1553955078125,
    205.1962127685547,
    158.5868377685547,
    172.0946807861328,
    167.50672912597656,
    168.23995971679688,
    136.70469665527344,
    157.75924682617188,
    152.1626739501953,
    152.22654724121094,
    160.4904022216797,
    166.1800994873047,
    196.60169982910156,
    166.12586975097656
  ],
  "val_apparent_age_std_loss": [
    10.350008010864258,
    6.991664886474609,
    4.776891231536865,
    4.224196910858154,
    4.662992000579834,
    4.5153913497924805,
    4.432472229003906,
    5.035034656524658,
    4.3120245933532715,
    3.7003328800201416,
    3.6828086376190186,
    4.5248122215271,
    3.467802047729492,
    3.588392972946167
  ],
  "val_apparent_age_std_mean_absolute_error": [
    2.6665637493133545,
    2.070301055908203,
    1.7037057876586914,
    1.64699125289917,
    1.702500343322754,
    1.684488296508789,
    1.696926236152649,
    1.759824275970459,
    1.676019310951233,
    1.5675259828567505,
    1.5625864267349243,
    1.795992374420166,
    1.5086170434951782,
    1.5625542402267456
  ],
  "val_apparent_age_std_mean_squared_error": [
    10.350008010864258,
    6.991664886474609,
    4.776891231536865,
    4.224196910858154,
    4.662992000579834,
    4.5153913497924805,
    4.432472229003906,
    5.035034656524658,
    4.3120245933532715,
    3.7003328800201416,
    3.6828086376190186,
    4.5248122215271,
    3.467802047729492,
    3.588392972946167
  ],
  "val_loss": [
    196.50538635253906,
    212.1878662109375,
    163.3637237548828,
    176.3188934326172,
    172.1697235107422,
    172.75535583496094,
    141.1371612548828,
    162.7942657470703,
    156.47471618652344,
    155.92686462402344,
    164.17320251464844,
    170.70489501953125,
    200.0695037841797,
    169.71424865722656
  ]
}