{
  "apparent_age_avg_loss": [
    104.13725280761719,
    77.33346557617188,
    65.82318878173828,
    52.4713020324707,
    57.87897872924805,
    47.329105377197266,
    45.62363052368164,
    39.54869079589844,
    39.01899719238281,
    38.67158126831055,
    32.09526062011719,
    37.979103088378906,
    36.10751724243164,
    36.48967361450195
  ],
  "apparent_age_avg_mean_absolute_error": [
    7.909968376159668,
    6.880674839019775,
    6.216200828552246,
    5.671171188354492,
    5.912187099456787,
    5.456091403961182,
    5.164722442626953,
    4.906286716461182,
    4.871607303619385,
    4.751228332519531,
    4.4423723220825195,
    4.7512946128845215,
    4.722151279449463,
    4.7351789474487305
  ],
  "apparent_age_avg_mean_squared_error": [
    104.13725280761719,
    77.33346557617188,
    65.82318878173828,
    52.4713020324707,
    57.87897872924805,
    47.329105377197266,
    45.62363052368164,
    39.54869079589844,
    39.01899719238281,
    38.67158126831055,
    32.09526062011719,
    37.979103088378906,
    36.10751724243164,
    36.48967361450195
  ],
  "apparent_age_std_loss": [
    7.224167823791504,
    3.148115396499634,
    2.730246067047119,
    2.5534260272979736,
    2.6567282676696777,
    2.309373617172241,
    2.3746049404144287,
    2.261293411254883,
    2.238722801208496,
    2.1677966117858887,
    2.019094467163086,
    2.126829147338867,
    2.07503604888916,
    2.160067319869995
  ],
  "apparent_age_std_mean_absolute_error": [
    2.1369996070861816,
    1.3501445055007935,
    1.2613444328308105,
    1.223384976387024,
    1.2331396341323853,
    1.15522301197052,
    1.1710306406021118,
    1.137171983718872,
    1.1039528846740723,
    1.1093071699142456,
    1.0741907358169556,
    1.0924389362335205,
    1.0969616174697876,
    1.0968998670578003
  ],
  "apparent_age_std_mean_squared_error": [
    7.224167823791504,
    3.148115396499634,
    2.730246067047119,
    2.5534260272979736,
    2.6567282676696777,
    2.309373617172241,
    2.3746049404144287,
    2.261293411254883,
    2.238722801208496,
    2.1677966117858887,
    2.019094467163086,
    2.126829147338867,
    2.07503604888916,
    2.160067319869995
  ],
  "loss": [
    111.36141967773438,
    80.48158264160156,
    68.55342864990234,
    55.02471923828125,
    60.53572463989258,
    49.63847351074219,
    47.998233795166016,
    41.80998992919922,
    41.25770950317383,
    40.83937454223633,
    34.11435317993164,
    40.10593032836914,
    38.18255615234375,
    38.649742126464844
  ],
  "val_apparent_age_avg_loss": [
    128.47479248046875,
    126.16048431396484,
    124.17221069335938,
    100.90328216552734,
    105.70340728759766,
    108.7308578491211,
    93.58834075927734,
    105.74890899658203,
    98.2386245727539,
    97.2355728149414,
    94.98902130126953,
    102.25704956054688,
    99.06929779052734,
    107.22374725341797
  ],
  "val_apparent_age_avg_mean_absolute_error": [
    8.978212356567383,
    8.607108116149902,
    8.293484687805176,
    7.79005765914917,
    7.8680806159973145,
    8.160160064697266,
    7.4754486083984375,
    7.961036682128906,
    7.782835483551025,
    7.502295970916748,
    7.655301570892334,
    7.935731410980225,
    7.821138381958008,
    7.849101543426514
  ],
  "val_apparent_age_avg_mean_squared_error": [
    128.47479248046875,
    126.16048431396484,
    124.17221069335938,
    100.90328216552734,
    105.70340728759766,
    108.7308578491211,
    93.58834075927734,
    105.74890899658203,
    98.2386245727539,
    97.2355728149414,
    94.98902130126953,
    102.25704956054688,
    99.06929779052734,
    107.22374725341797
  ],
  "val_apparent_age_std_loss": [
    3.5781755447387695,
    3.201463460922241,
    3.332622528076172,
    2.9647417068481445,
    2.966386556625366,
    3.09436297416687,
    2.950756072998047,
    2.8965437412261963,
    2.9508774280548096,
    2.716284990310669,
    2.7760169506073,
    2.9102070331573486,
    2.800280809402466,
    2.7345683574676514
  ],
  "val_apparent_age_std_mean_absolute_error": [
    1.4731273651123047,
    1.3979216814041138,
    1.4269877672195435,
    1.352868676185608,
    1.360533356666565,
    1.3506346940994263,
    1.329384207725525,
    1.3320220708847046,
    1.3142417669296265,
    1.2766426801681519,
    1.2860521078109741,
    1.2913216352462769,
    1.3168225288391113,
    1.2742925882339478
  ],
  "val_apparent_age_std_mean_squared_error": [
    3.5781755447387695,
    3.201463460922241,
    3.332622528076172,
    2.9647417068481445,
    2.966386556625366,
    3.09436297416687,
    2.950756072998047,
    2.8965437412261963,
    2.9508774280548096,
    2.716284990310669,
    2.7760169506073,
    2.9102070331573486,
    2.800280809402466,
    2.7345683574676514
  ],
  "val_loss": [
    132.052978515625,
    129.36195373535156,
    127.50484466552734,
    103.86803436279297,
    108.6697998046875,
    111.8252182006836,
    96.53909301757812,
    108.64545440673828,
    101.18950653076172,
    99.95185089111328,
    97.76504516601562,
    105.1672592163086,
    101.86957550048828,
    109.95830535888672
  ]
}