{
  "apparent_age_avg_loss": [
    53.431861877441406,
    48.18357849121094,
    47.07237243652344,
    41.117034912109375,
    44.05570602416992,
    40.79378128051758,
    40.336517333984375,
    47.46026611328125,
    39.4783821105957,
    36.20633316040039,
    32.61906433105469,
    35.98774337768555,
    35.601112365722656,
    34.72209167480469,
    34.69636154174805,
    28.601545333862305,
    33.52255630493164,
    31.005638122558594,
    31.759950637817383,
    32.70741271972656
  ],
  "apparent_age_avg_mean_absolute_error": [
    5.706785678863525,
    5.378656387329102,
    5.36089563369751,
    5.066240310668945,
    5.199822425842285,
    4.957963466644287,
    5.010804653167725,
    5.400396347045898,
    4.915154457092285,
    4.754897594451904,
    4.446932792663574,
    4.7570295333862305,
    4.670543670654297,
    4.548933029174805,
    4.561827659606934,
    4.195084095001221,
    4.584336280822754,
    4.344358921051025,
    4.368539810180664,
    4.483389854431152
  ],
  "apparent_age_avg_mean_squared_error": [
    53.431861877441406,
    48.18357849121094,
    47.07237243652344,
    41.117034912109375,
    44.05570602416992,
    40.79378128051758,
    40.336517333984375,
    47.46026611328125,
    39.4783821105957,
    36.20633316040039,
    32.61906433105469,
    35.98774337768555,
    35.601112365722656,
    34.72209167480469,
    34.69636154174805,
    28.601545333862305,
    33.52255630493164,
    31.005638122558594,
    31.759950637817383,
    32.70741271972656
  ],
  "apparent_age_std_loss": [
    2.4528403282165527,
    2.400273084640503,
    2.3141849040985107,
    2.3544201850891113,
    2.46441388130188,
    2.2591028213500977,
    2.0970020294189453,
    2.248981475830078,
    2.3362410068511963,
    2.3270514011383057,
    2.3585846424102783,
    2.323319435119629,
    2.1461658477783203,
    2.273209810256958,
    2.2523651123046875,
    2.170748472213745,
    2.330320119857788,
    2.0837817192077637,
    2.0774409770965576,
    1.9967646598815918
  ],
  "apparent_age_std_mean_absolute_error": [
    1.2024414539337158,
    1.175304889678955,
    1.1848609447479248,
    1.181082844734192,
    1.1722983121871948,
    1.1348756551742554,
    1.1200485229492188,
    1.1388143301010132,
    1.1571681499481201,
    1.135739803314209,
    1.1839386224746704,
    1.1499894857406616,
    1.125336766242981,
    1.153601050376892,
    1.1250327825546265,
    1.1132711172103882,
    1.1420586109161377,
    1.0713632106781006,
    1.1063956022262573,
    1.0606794357299805
  ],
  "apparent_age_std_mean_squared_error": [
    2.4528403282165527,
    2.400273084640503,
    2.3141849040985107,
    2.3544201850891113,
    2.46441388130188,
    2.2591028213500977,
    2.0970020294189453,
    2.248981475830078,
    2.3362410068511963,
    2.3270514011383057,
    2.3585846424102783,
    2.323319435119629,
    2.1461658477783203,
    2.273209810256958,
    2.2523651123046875,
    2.170748472213745,
    2.330320119857788,
    2.0837817192077637,
    2.0774409770965576,
    1.9967646598815918
  ],
  "loss": [
    55.88471221923828,
    50.5838623046875,
    49.38655471801758,
    43.47146224975586,
    46.520118713378906,
    43.05287170410156,
    42.43351745605469,
    49.7092399597168,
    41.81462478637695,
    38.53338623046875,
    34.9776496887207,
    38.311065673828125,
    37.74728012084961,
    36.99530029296875,
    36.94873809814453,
    30.77229881286621,
    35.85287857055664,
    33.08942413330078,
    33.83738327026367,
    34.70417785644531
  ],
  "val_apparent_age_avg_loss": [
    118.55672454833984,
    108.06997680664062,
    102.66256713867188,
    99.65921020507812,
    99.61813354492188,
    102.88362884521484,
    98.06800079345703,
    100.6791000366211,
    90.7481918334961,
    87.88118743896484,
    101.2322006225586,
    101.33235931396484,
    98.45580291748047,
    103.40653228759766,
    98.31723022460938,
    90.17620086669922,
    98.1042251586914,
    94.0752182006836,
    102.4703598022461,
    92.71530151367188
  ],
  "val_apparent_age_avg_mean_absolute_error": [
    8.564833641052246,
    8.152338027954102,
    7.822027206420898,
    7.977199554443359,
    7.687377452850342,
    7.86937952041626,
    7.929714679718018,
    7.833604335784912,
    7.456289768218994,
    7.16253137588501,
    7.755582332611084,
    7.788697719573975,
    7.74658727645874,
    7.895786762237549,
    7.791170120239258,
    7.253635883331299,
    7.612953186035156,
    7.517506122589111,
    7.846086025238037,
    7.483293533325195
  ],
  "val_apparent_age_avg_mean_squared_error": [
    118.55672454833984,
    108.06997680664062,
    102.66256713867188,
    99.65921020507812,
    99.61813354492188,
    102.88362884521484,
    98.06800079345703,
    100.6791000366211,
    90.7481918334961,
    87.88118743896484,
    101.2322006225586,
    101.33235931396484,
    98.45580291748047,
    103.40653228759766,
    98.31723022460938,
    90.17620086669922,
    98.1042251586914,
    94.0752182006836,
    102.4703598022461,
    92.71530151367188
  ],
  "val_apparent_age_std_loss": [
    3.0358381271362305,
    3.0660839080810547,
    2.866752862930298,
    3.031644821166992,
    2.773470878601074,
    2.8755178451538086,
    2.959132432937622,
    2.948270559310913,
    2.895195245742798,
    2.6060171127319336,
    2.8672091960906982,
    2.8462963104248047,
    3.039438486099243,
    3.0416018962860107,
    2.8553876876831055,
    2.8078877925872803,
    3.0010082721710205,
    2.8304412364959717,
    3.0626003742218018,
    2.748033285140991
  ],
  "val_apparent_age_std_mean_absolute_error": [
    1.3682039976119995,
    1.3636752367019653,
    1.3304823637008667,
    1.3533743619918823,
    1.307996392250061,
    1.3133701086044312,
    1.367652416229248,
    1.3201360702514648,
    1.3231465816497803,
    1.2600420713424683,
    1.2937848567962646,
    1.310113549232483,
    1.3929640054702759,
    1.3603955507278442,
    1.3271595239639282,
    1.3193248510360718,
    1.3516634702682495,
    1.3327219486236572,
    1.3917689323425293,
    1.2873280048370361
  ],
  "val_apparent_age_std_mean_squared_error": [
    3.0358381271362305,
    3.0660839080810547,
    2.866752862930298,
    3.031644821166992,
    2.773470878601074,
    2.8755178451538086,
    2.959132432937622,
    2.948270559310913,
    2.895195245742798,
    2.6060171127319336,
    2.8672091960906982,
    2.8462963104248047,
    3.039438486099243,
    3.0416018962860107,
    2.8553876876831055,
    2.8078877925872803,
    3.0010082721710205,
    2.8304412364959717,
    3.0626003742218018,
    2.748033285140991
  ],
  "val_loss": [
    121.59255981445312,
    111.13604736328125,
    105.52930450439453,
    102.69085693359375,
    102.3916015625,
    105.7591323852539,
    101.02713012695312,
    103.62738037109375,
    93.64337921142578,
    90.4872055053711,
    104.09941864013672,
    104.17864990234375,
    101.49523162841797,
    106.44812774658203,
    101.17261505126953,
    92.98407745361328,
    101.105224609375,
    96.90564727783203,
    105.5329818725586,
    95.46334075927734
  ]
}