{
  "apparent_age_avg_loss": [
    35.2413330078125,
    35.12311553955078,
    28.298566818237305,
    29.431726455688477,
    27.76168441772461,
    27.910442352294922,
    26.8763427734375,
    28.626161575317383,
    25.849971771240234,
    25.922836303710938,
    23.660940170288086,
    25.26372718811035,
    23.378904342651367,
    24.850473403930664,
    23.927770614624023,
    26.042062759399414,
    24.193552017211914,
    23.45561981201172,
    22.10157585144043,
    26.130813598632812,
    22.288320541381836,
    23.273853302001953,
    23.548856735229492,
    22.1138973236084,
    23.24553871154785,
    26.934911727905273,
    21.85213279724121,
    24.00042724609375,
    21.454830169677734,
    23.820161819458008,
    20.72004508972168,
    22.853343963623047,
    25.36028480529785,
    22.08978271484375,
    22.700748443603516,
    23.691665649414062,
    23.413103103637695,
    21.765552520751953,
    26.789249420166016,
    20.051212310791016
  ],
  "apparent_age_avg_mean_absolute_error": [
    4.619228363037109,
    4.554134845733643,
    4.086765766143799,
    4.1713457107543945,
    4.072099208831787,
    4.100957870483398,
    4.017241477966309,
    4.150179862976074,
    3.987717866897583,
    3.9495906829833984,
    3.7482476234436035,
    3.903615713119507,
    3.744138240814209,
    3.8873860836029053,
    3.7714498043060303,
    3.945810079574585,
    3.8165018558502197,
    3.791900873184204,
    3.6673128604888916,
    4.026737689971924,
    3.645676612854004,
    3.7622179985046387,
    3.742602825164795,
    3.670427083969116,
    3.7335798740386963,
    4.0209126472473145,
    3.6207566261291504,
    3.7238659858703613,
    3.601926326751709,
    3.763152599334717,
    3.5460875034332275,
    3.7041196823120117,
    3.8787472248077393,
    3.608154773712158,
    3.6657440662384033,
    3.7592241764068604,
    3.7392711639404297,
    3.6464486122131348,
    3.9838693141937256,
    3.499544143676758
  ],
  "apparent_age_avg_mean_squared_error": [
    35.2413330078125,
    35.12311553955078,
    28.298566818237305,
    29.431726455688477,
    27.76168441772461,
    27.910442352294922,
    26.8763427734375,
    28.626161575317383,
    25.849971771240234,
    25.922836303710938,
    23.660940170288086,
    25.26372718811035,
    23.378904342651367,
    24.850473403930664,
    23.927770614624023,
    26.042062759399414,
    24.193552017211914,
    23.45561981201172,
    22.10157585144043,
    26.130813598632812,
    22.288320541381836,
    23.273853302001953,
    23.548856735229492,
    22.1138973236084,
    23.24553871154785,
    26.934911727905273,
    21.85213279724121,
    24.00042724609375,
    21.454830169677734,
    23.820161819458008,
    20.72004508972168,
    22.853343963623047,
    25.36028480529785,
    22.08978271484375,
    22.700748443603516,
    23.691665649414062,
    23.413103103637695,
    21.765552520751953,
    26.789249420166016,
    20.051212310791016
  ],
  "apparent_age_std_loss": [
    1.9074910879135132,
    1.8696370124816895,
    1.7785967588424683,
    1.7702090740203857,
    1.7874329090118408,
    1.859192132949829,
    1.734066128730774,
    1.8028714656829834,
    1.7087888717651367,
    1.6769678592681885,
    1.67531418800354,
    1.7335280179977417,
    1.6919081211090088,
    1.7242906093597412,
    1.711424469947815,
    1.741028070449829,
    1.653685450553894,
    1.6876293420791626,
    1.7202743291854858,
    1.6847360134124756,
    1.6716649532318115,
    1.6632899045944214,
    1.645920991897583,
    1.7590514421463013,
    1.6525031328201294,
    1.7535836696624756,
    1.674965739250183,
    1.631239652633667,
    1.5966943502426147,
    1.6766667366027832,
    1.6664574146270752,
    1.7566237449645996,
    1.621225118637085,
    1.6254870891571045,
    1.5548076629638672,
    1.6887640953063965,
    1.676595687866211,
    1.6400282382965088,
    1.676613450050354,
    1.5865334272384644
  ],
  "apparent_age_std_mean_absolute_error": [
    1.036741018295288,
    1.0328452587127686,
    1.0056052207946777,
    1.0138425827026367,
    1.0112943649291992,
    1.0181206464767456,
    0.9938927292823792,
    1.012618064880371,
    0.9817585349082947,
    0.9758159518241882,
    0.9638233184814453,
    1.0023472309112549,
    0.9756321907043457,
    0.9802432060241699,
    0.9919411540031433,
    1.0107429027557373,
    0.9783211946487427,
    0.9803234338760376,
    0.9888707995414734,
    0.9758434295654297,
    0.9743975400924683,
    0.9667150974273682,
    0.9684216380119324,
    0.9942017793655396,
    0.9760713577270508,
    0.9983588457107544,
    0.9776493906974792,
    0.9639561772346497,
    0.9707381725311279,
    0.9758923649787903,
    0.9663045406341553,
    0.99007248878479,
    0.9601805210113525,
    0.9560827016830444,
    0.9413877129554749,
    0.9695190191268921,
    0.9652575850486755,
    0.964543879032135,
    0.9857123494148254,
    0.9488503336906433
  ],
  "apparent_age_std_mean_squared_error": [
    1.9074910879135132,
    1.8696370124816895,
    1.7785967588424683,
    1.7702090740203857,
    1.7874329090118408,
    1.859192132949829,
    1.734066128730774,
    1.8028714656829834,
    1.7087888717651367,
    1.6769678592681885,
    1.67531418800354,
    1.7335280179977417,
    1.6919081211090088,
    1.7242906093597412,
    1.711424469947815,
    1.741028070449829,
    1.653685450553894,
    1.6876293420791626,
    1.7202743291854858,
    1.6847360134124756,
    1.6716649532318115,
    1.6632899045944214,
    1.645920991897583,
    1.7590514421463013,
    1.6525031328201294,
    1.7535836696624756,
    1.674965739250183,
    1.631239652633667,
    1.5966943502426147,
    1.6766667366027832,
    1.6664574146270752,
    1.7566237449645996,
    1.621225118637085,
    1.6254870891571045,
    1.5548076629638672,
    1.6887640953063965,
    1.676595687866211,
    1.6400282382965088,
    1.676613450050354,
    1.5865334272384644
  ],
  "loss": [
    37.14881134033203,
    36.992759704589844,
    30.077159881591797,
    31.201934814453125,
    29.549118041992188,
    29.76963233947754,
    28.610410690307617,
    30.429025650024414,
    27.558761596679688,
    27.599802017211914,
    25.33625602722168,
    26.997257232666016,
    25.07080841064453,
    26.574764251708984,
    25.639192581176758,
    27.78308868408203,
    25.84723472595215,
    25.143245697021484,
    23.82184410095215,
    27.815536499023438,
    23.959983825683594,
    24.93714714050293,
    25.194774627685547,
    23.872953414916992,
    24.898040771484375,
    28.688493728637695,
    23.5271053314209,
    25.63166618347168,
    23.051528930664062,
    25.4968318939209,
    22.38650131225586,
    24.609962463378906,
    26.98150634765625,
    23.71527099609375,
    24.255556106567383,
    25.38043212890625,
    25.08970069885254,
    23.40557861328125,
    28.465864181518555,
    21.637744903564453
  ],
  "val_apparent_age_avg_loss": [
    98.68167877197266,
    95.57904052734375,
    91.08760833740234,
    95.58948516845703,
    90.91670989990234,
    95.27925872802734,
    87.47357177734375,
    87.66106414794922,
    93.42842864990234,
    84.80611419677734,
    89.02142333984375,
    87.9768295288086,
    88.4040298461914,
    91.15338134765625,
    88.86901092529297,
    91.82818603515625,
    89.15872955322266,
    87.19715118408203,
    85.06172943115234,
    82.32865142822266,
    85.54224395751953,
    82.20597076416016,
    80.97957611083984,
    85.9404067993164,
    87.35089874267578,
    87.56900787353516,
    90.48908233642578,
    85.77191925048828,
    89.5768051147461,
    78.37664031982422,
    83.50100708007812,
    83.0971450805664,
    79.04358673095703,
    81.23628234863281,
    84.99090576171875,
    86.12710571289062,
    83.1949234008789,
    85.73519134521484,
    80.46588897705078,
    84.60192108154297
  ],