{
  "apparent_age_avg_loss": [
    52.03273010253906,
    31.830678939819336,
    39.796470642089844,
    37.78511047363281,
    29.650148391723633,
    33.3254280090332,
    46.04328155517578,
    25.00173568725586,
    35.958656311035156,
    40.41075134277344,
    32.15692901611328
  ],
  "apparent_age_avg_mean_absolute_error": [
    5.319995880126953,
    4.2219319343566895,
    4.846452713012695,
    4.560482025146484,
    4.361629486083984,
    4.2713189125061035,
    4.771180152893066,
    4.072832107543945,
    4.35943603515625,
    4.423346519470215,
    3.878065347671509
  ],
  "apparent_age_avg_mean_squared_error": [
    52.03273010253906,
    31.830678939819336,
    39.796470642089844,
    37.78511047363281,
    29.650148391723633,
    33.3254280090332,
    46.04328155517578,
    25.00173568725586,
    35.958656311035156,
    40.41075134277344,
    32.15692901611328
  ],
  "apparent_age_std_loss": [
    18.195205688476562,
    18.27495002746582,
    15.881913185119629,
    17.320751190185547,
    13.218027114868164,
    12.54281997680664,
    13.031974792480469,
    11.154052734375,
    9.14951229095459,
    9.506671905517578,
    7.930062294006348
  ],
  "apparent_age_std_mean_absolute_error": [
    3.867800235748291,
    3.8451080322265625,
    3.5086135864257812,
    3.7468581199645996,
    3.2894489765167236,
    3.066293954849243,
    3.1604154109954834,
    2.857633590698242,
    2.5434389114379883,
    2.5863356590270996,
    2.339592456817627
  ],
  "apparent_age_std_mean_squared_error": [
    18.195205688476562,
    18.27495002746582,
    15.881913185119629,
    17.320751190185547,
    13.218027114868164,
    12.54281997680664,
    13.031974792480469,
    11.154052734375,
    9.14951229095459,
    9.506671905517578,
    7.930062294006348
  ],
  "loss": [
    70.22793579101562,
    50.105628967285156,
    55.678382873535156,
    55.105857849121094,
    42.8681755065918,
    45.868247985839844,
    59.07525634765625,
    36.15578842163086,
    45.10816955566406,
    49.917423248291016,
    40.08699035644531
  ],
  "val_apparent_age_avg_loss": [
    237.46343994140625,
    308.79022216796875,
    293.80242919921875,
    179.24325561523438,
    204.0626678466797,
    272.4031982421875,
    319.5101318359375,
    237.29104614257812,
    262.8439025878906,
    221.0312957763672,
    228.7595977783203
  ],
  "val_apparent_age_avg_mean_absolute_error": [
    12.398011207580566,
    12.96843147277832,
    12.090154647827148,
    10.619218826293945,
    11.097698211669922,
    11.929723739624023,
    13.721231460571289,
    11.688437461853027,
    12.058457374572754,
    11.053082466125488,
    10.42350959777832
  ],
  "val_apparent_age_avg_mean_squared_error": [
    237.46343994140625,
    308.79022216796875,
    293.80242919921875,
    179.24325561523438,
    204.0626678466797,
    272.4031982421875,
    319.5101318359375,
    237.29104614257812,
    262.8439025878906,
    221.0312957763672,
    228.7595977783203
  ],
  "val_apparent_age_std_loss": [
    13.572304725646973,
    11.56744384765625,
    11.882038116455078,
    11.408746719360352,
    10.695280075073242,
    9.251352310180664,
    8.363946914672852,
    7.757785797119141,
    7.237394332885742,
    6.136485576629639,
    6.034815788269043
  ],
  "val_apparent_age_std_mean_absolute_error": [
    3.23671817779541,
    3.0036983489990234,
    2.9360694885253906,
    2.9239120483398438,
    2.7210614681243896,
    2.588252544403076,
    2.3437891006469727,
    2.197000026702881,
    2.026477813720703,
    1.8799610137939453,
    1.9880759716033936
  ],
  "val_apparent_age_std_mean_squared_error": [
    13.572304725646973,
    11.56744384765625,
    11.882038116455078,
    11.408746719360352,
    10.695280075073242,
    9.251352310180664,
    8.363946914672852,
    7.757785797119141,
    7.237394332885742,
    6.136485576629639,
    6.034815788269043
  ],
  "val_loss": [
    251.03575134277344,
    320.357666015625,
    305.6844787597656,
    190.65200805664062,
    214.75794982910156,
    281.654541015625,
    327.87408447265625,
    245.048828125,
    270.081298828125,
    227.16778564453125,
    234.79441833496094
  ]
}