{
  "apparent_age_avg_loss": [
    112.65127563476562,
    82.13982391357422,
    65.58621215820312,
    59.80099868774414,
    46.79034423828125,
    50.141929626464844,
    47.93597412109375,
    46.204124450683594,
    42.141353607177734,
    39.17837142944336,
    40.915733337402344,
    33.571815490722656,
    41.03071594238281,
    37.741485595703125,
    31.10896873474121,
    31.485042572021484,
    30.992706298828125
  ],
  "apparent_age_avg_mean_absolute_error": [
    8.395484924316406,
    7.212922096252441,
    6.381598949432373,
    6.054891586303711,
    5.451817989349365,
    5.527375221252441,
    5.477906227111816,
    5.3291096687316895,
    5.010238170623779,
    4.723904132843018,
    4.886880874633789,
    4.559035301208496,
    4.979166507720947,
    4.635207176208496,
    4.315402507781982,
    4.241316795349121,
    4.166294574737549
  ],
  "apparent_age_avg_mean_squared_error": [
    112.65127563476562,
    82.13982391357422,
    65.58621215820312,
    59.80099868774414,
    46.79034423828125,
    50.141929626464844,
    47.93597412109375,
    46.204124450683594,
    42.141353607177734,
    39.17837142944336,
    40.915733337402344,
    33.571815490722656,
    41.03071594238281,
    37.741485595703125,
    31.10896873474121,
    31.485042572021484,
    30.992706298828125
  ],
  "apparent_age_std_loss": [
    13.45365047454834,
    7.070703506469727,
    3.3343865871429443,
    2.9208896160125732,
    2.665450096130371,
    2.405785322189331,
    2.456709861755371,
    2.253208637237549,
    2.3009755611419678,
    1.912026047706604,
    2.389535665512085,
    1.972846269607544,
    2.2446274757385254,
    2.2342700958251953,
    1.9971280097961426,
    1.950612187385559,
    1.7282345294952393
  ],
  "apparent_age_std_mean_absolute_error": [
    3.2536001205444336,
    2.203517436981201,
    1.4198346138000488,
    1.3060622215270996,
    1.261362075805664,
    1.1939398050308228,
    1.1958719491958618,
    1.134658932685852,
    1.169236660003662,
    1.06785249710083,
    1.1749011278152466,
    1.1001811027526855,
    1.1461927890777588,
    1.1293495893478394,
    1.0689046382904053,
    1.0795255899429321,
    1.0034639835357666
  ],
  "apparent_age_std_mean_squared_error": [
    13.45365047454834,
    7.070703506469727,
    3.3343865871429443,
    2.9208896160125732,
    2.665450096130371,
    2.405785322189331,
    2.456709861755371,
    2.253208637237549,
    2.3009755611419678,
    1.912026047706604,
    2.389535665512085,
    1.972846269607544,
    2.2446274757385254,
    2.2342700958251953,
    1.9971280097961426,
    1.950612187385559,
    1.7282345294952393
  ],
  "loss": [
    126.10490417480469,
    89.21054077148438,
    68.92060089111328,
    62.72188186645508,
    49.45579147338867,
    52.54772186279297,
    50.39269256591797,
    48.457340240478516,
    44.442325592041016,
    41.090396881103516,
    43.30527114868164,
    35.54466247558594,
    43.27533721923828,
    39.97575378417969,
    33.10609817504883,
    33.43565368652344,
    32.72093963623047
  ],
  "val_apparent_age_avg_loss": [
    171.62353515625,
    149.4622344970703,
    145.83261108398438,
    141.48033142089844,
    133.78396606445312,
    136.4713592529297,
    146.13119506835938,
    132.527587890625,
    137.146240234375,
    114.52973937988281,
    127.19627380371094,
    123.81341552734375,
    127.90501403808594,
    148.4945526123047,
    137.6301727294922,
    129.5233612060547,
    124.2288589477539
  ],
  "val_apparent_age_avg_mean_absolute_error": [
    10.331195831298828,
    9.424220085144043,
    9.33434009552002,
    9.247969627380371,
    8.861926078796387,
    9.093177795410156,
    9.25999641418457,
    8.972678184509277,
    8.844995498657227,
    8.107531547546387,
    8.875504493713379,
    8.507950782775879,
    8.463569641113281,
    9.404033660888672,
    8.809453964233398,
    8.727758407592773,
    8.687185287475586
  ],
  "val_apparent_age_avg_mean_squared_error": [
    171.62353515625,
    149.4622344970703,
    145.83261108398438,
    141.48033142089844,
    133.78396606445312,
    136.4713592529297,
    146.13119506835938,
    132.527587890625,
    137.146240234375,
    114.52973937988281,
    127.19627380371094,
    123.81341552734375,
    127.90501403808594,
    148.4945526123047,
    137.6301727294922,
    129.5233612060547,
    124.2288589477539
  ],
  "val_apparent_age_std_loss": [
    10.110907554626465,
    4.560775279998779,
    4.861932277679443,
    4.158429145812988,
    3.63464093208313,
    4.156800270080566,
    3.5619595050811768,
    3.456063747406006,
    3.3026435375213623,
    3.136164903640747,
    3.1173129081726074,
    3.319829225540161,
    3.3395965099334717,
    3.277484178543091,
    3.14338755607605,
    2.959475517272949,
    3.0464015007019043
  ],
  "val_apparent_age_std_mean_absolute_error": [
    2.661513090133667,
    1.6700150966644287,
    1.699427843093872,
    1.6427587270736694,
    1.4547513723373413,
    1.5852997303009033,
    1.47661292552948,
    1.4220396280288696,
    1.4294214248657227,
    1.3976092338562012,
    1.424247145652771,
    1.462123990058899,
    1.3778440952301025,
    1.4392588138580322,
    1.372808814048767,
    1.3370361328125,
    1.378843903541565
  ],
  "val_apparent_age_std_mean_squared_error": [
    10.110907554626465,
    4.560775279998779,
    4.861932277679443,
    4.158429145812988,
    3.63464093208313,
    4.156800270080566,
    3.5619595050811768,
    3.456063747406006,
    3.3026435375213623,
    3.136164903640747,
    3.1173129081726074,
    3.319829225540161,
    3.3395965099334717,
    3.277484178543091,
    3.14338755607605,
    2.959475517272949,
    3.0464015007019043
  ],
  "val_loss": [
    181.7344512939453,
    154.0230255126953,
    150.6945343017578,
    145.63876342773438,
    137.41860961914062,
    140.628173828125,
    149.6931610107422,
    135.98367309570312,
    140.44888305664062,
    117.66590881347656,
    130.31358337402344,
    127.13323974609375,
    131.24461364746094,
    151.77203369140625,
    140.77357482910156,
    132.48284912109375,
    127.27525329589844
  ]
}