{
  "apparent_age_avg_loss": [
    29.106801986694336,
    25.5048828125,
    25.480186462402344,
    22.573810577392578,
    22.467411041259766,
    21.501386642456055,
    21.387958526611328,
    22.894590377807617,
    20.919252395629883,
    21.438077926635742,
    22.10074234008789,
    22.186351776123047,
    21.46941566467285,
    20.343032836914062,
    20.543865203857422,
    20.23130226135254,
    20.37959098815918,
    21.651031494140625,
    19.571277618408203,
    19.140382766723633,
    18.806245803833008,
    20.03662872314453,
    18.59832763671875,
    20.10019874572754,
    18.41524314880371
  ],
  "apparent_age_avg_mean_absolute_error": [
    4.15372896194458,
    3.902033567428589,
    3.9020445346832275,
    3.657935857772827,
    3.6781580448150635,
    3.5828325748443604,
    3.618401050567627,
    3.710986375808716,
    3.5335068702697754,
    3.6188533306121826,
    3.6173884868621826,
    3.6612560749053955,
    3.565358877182007,
    3.4999589920043945,
    3.5142459869384766,
    3.4771997928619385,
    3.4614710807800293,
    3.585315704345703,
    3.4323084354400635,
    3.4227755069732666,
    3.3664655685424805,
    3.477837562561035,
    3.3402559757232666,
    3.4381697177886963,
    3.3207051753997803
  ],
  "apparent_age_avg_mean_squared_error": [
    29.106801986694336,
    25.5048828125,
    25.480186462402344,
    22.573810577392578,
    22.467411041259766,
    21.501386642456055,
    21.387958526611328,
    22.894590377807617,
    20.919252395629883,
    21.438077926635742,
    22.10074234008789,
    22.186351776123047,
    21.46941566467285,
    20.343032836914062,
    20.543865203857422,
    20.23130226135254,
    20.37959098815918,
    21.651031494140625,
    19.571277618408203,
    19.140382766723633,
    18.806245803833008,
    20.03662872314453,
    18.59832763671875,
    20.10019874572754,
    18.41524314880371
  ],
  "apparent_age_std_loss": [
    1.6756172180175781,
    1.6026026010513306,
    1.6123920679092407,
    1.5807384252548218,
    1.583891749382019,
    1.5347814559936523,
    1.557431697845459,
    1.591741681098938,
    1.5732163190841675,
    1.5600192546844482,
    1.5970312356948853,
    1.5651509761810303,
    1.5452749729156494,
    1.5949642658233643,
    1.557159662246704,
    1.5507258176803589,
    1.537136197090149,
    1.5729252099990845,
    1.5515758991241455,
    1.4866173267364502,
    1.516653060913086,
    1.49570631980896,
    1.4854917526245117,
    1.5747146606445312,
    1.5058414936065674
  ],
  "apparent_age_std_mean_absolute_error": [
    0.9691973328590393,
    0.9593290090560913,
    0.9636883735656738,
    0.9415149688720703,
    0.9387764930725098,
    0.9386728405952454,
    0.9381906390190125,
    0.9500847458839417,
    0.9479370713233948,
    0.9420784115791321,
    0.9544670581817627,
    0.9418954253196716,
    0.938386857509613,
    0.9515950679779053,
    0.9394765496253967,
    0.936062753200531,
    0.9335271716117859,
    0.9444210529327393,
    0.9387168884277344,
    0.930755615234375,
    0.9251714944839478,
    0.9245862364768982,
    0.9182976484298706,
    0.9396542310714722,
    0.9181270003318787
  ],
  "apparent_age_std_mean_squared_error": [
    1.6756172180175781,
    1.6026026010513306,
    1.6123920679092407,
    1.5807384252548218,
    1.583891749382019,
    1.5347814559936523,
    1.557431697845459,
    1.591741681098938,
    1.5732163190841675,
    1.5600192546844482,
    1.5970312356948853,
    1.5651509761810303,
    1.5452749729156494,
    1.5949642658233643,
    1.557159662246704,
    1.5507258176803589,
    1.537136197090149,
    1.5729252099990845,
    1.5515758991241455,
    1.4866173267364502,
    1.516653060913086,
    1.49570631980896,
    1.4854917526245117,
    1.5747146606445312,
    1.5058414936065674
  ],
  "loss": [
    30.78242301940918,
    27.107494354248047,
    27.092575073242188,
    24.154552459716797,
    24.051300048828125,
    23.036169052124023,
    22.945388793945312,
    24.4863338470459,
    22.49247169494629,
    22.998098373413086,
    23.697772979736328,
    23.751508712768555,
    23.01468276977539,
    21.93800163269043,
    22.10102653503418,
    21.78202247619629,
    21.916723251342773,
    23.223957061767578,
    21.122852325439453,
    20.62700653076172,
    20.32289695739746,
    21.532344818115234,
    20.083826065063477,
    21.674922943115234,
    19.921079635620117
  ],
  "val_apparent_age_avg_loss": [
    84.23568725585938,
    77.57294464111328,
    78.76708984375,
    80.26522064208984,
    76.6634521484375,
    82.21632385253906,
    75.53287506103516,
    78.82665252685547,
    76.19664001464844,
    76.0058364868164,
    75.48429107666016,
    74.61331939697266,
    76.32940673828125,
    74.1381607055664,
    77.11710357666016,
    76.31832885742188,
    72.28892517089844,
    75.19414520263672,
    71.14507293701172,
    75.9066162109375,
    71.65113830566406,
    75.73983764648438,
    72.69574737548828,
    74.40892028808594,
    74.85586547851562
  ],
  "val_apparent_age_avg_mean_absolute_error": [
    6.7738165855407715,
    6.461839199066162,
    6.571959018707275,
    6.540961265563965,
    6.426620006561279,
    6.64650297164917,
    6.413846492767334,
    6.446342945098877,
    6.437057018280029,
    6.396964073181152,
    6.335842609405518,
    6.3636040687561035,
    6.362745761871338,
    6.3367204666137695,
    6.456952095031738,
    6.4217209815979,
    6.204089641571045,
    6.278098106384277,
    6.210654258728027,
    6.417099952697754,
    6.165872573852539,
    6.4072265625,
    6.282630443572998,
    6.315635681152344,
    6.307148456573486
  ],
  "val_apparent_age_avg_mean_squared_error": [
    84.23568725585938,
    77.57294464111328,
    78.76708984375,
    80.26522064208984,
    76.6634521484375,
    82.21632385253906,
    75.53287506103516,
    78.82665252685547,
    76.19664001464844,
    76.0058364868164,
    75.48429107666016,
    74.61331939697266,
    76.32940673828125,
    74.1381607055664,
    77.11710357666016,
    76.31832885742188,
    72.28892517089844,
    75.19414520263672,
    71.14507293701172,
    75.9066162109375,
    71.65113830566406,
    75.73983764648438,
    72.69574737548828,
    74.40892028808594,
    74.85586547851562
  ],
  "val_apparent_age_std_loss": [
    2.3772900104522705,
    2.365687370300293,
    2.2981462478637695,
    2.2912230491638184,
    2.2495200634002686,
    2.3386056423187256,
    2.2761647701263428,
    2.356903553009033,
    2.285578489303589,
    2.305738687515259,
    2.247919797897339,
    2.2316842079162598,
    2.2439982891082764,
    2.290998697280884,
    2.272614002227783,
    2.31196665763855,
    2.243403911590576,
    2.365182399749756,
    2.234588384628296,
    2.2916064262390137,
    2.2451171875,
    2.297346353530884,
    2.3208208084106445,
    2.303679943084717,
    2.19407057762146
  ],
  "val_apparent_age_std_mean_absolute_error": [
    1.1519769430160522,
    1.150970220565796,
    1.1281983852386475,
    1.1171644926071167,
    1.1169631481170654,
    1.1412535905838013,
    1.1240311861038208,
    1.1452934741973877,
    1.1193759441375732,
    1.1319352388381958,
    1.116860270500183,
    1.1264649629592896,
    1.1144808530807495,
    1.1245733499526978,
    1.1188633441925049,
    1.1302529573440552,
    1.1158298254013062,
    1.1480683088302612,
    1.0937238931655884,
    1.1178016662597656,
    1.1197454929351807,
    1.129778265953064,
    1.1302006244659424,
    1.1332217454910278,
    1.1124708652496338
  ],