{
  "apparent_age_avg_loss": [
    90.25716400146484,
    65.20294952392578,
    57.70035934448242,
    51.197330474853516,
    48.582969665527344,
    45.72103500366211,
    40.776458740234375,
    37.818504333496094,
    37.66668701171875,
    38.031471252441406,
    35.50508499145508,
    34.78341293334961,
    32.935909271240234,
    30.369882583618164,
    32.01319885253906,
    28.401214599609375,
    30.044071197509766,
    29.96444320678711,
    26.50311851501465,
    26.703706741333008,
    27.697917938232422,
    28.341115951538086,
    24.647920608520508,
    26.956510543823242,
    24.358015060424805,
    25.108638763427734,
    25.26441764831543,
    24.787124633789062,
    24.58159828186035,
    22.08194351196289,
    24.358699798583984,
    24.422821044921875,
    24.628253936767578,
    23.11241340637207,
    23.152021408081055
  ],
  "apparent_age_avg_mean_absolute_error": [
    7.2409586906433105,
    6.263339996337891,
    5.856748580932617,
    5.537738800048828,
    5.380119323730469,
    5.272426605224609,
    4.951375961303711,
    4.757308006286621,
    4.776997089385986,
    4.776875019073486,
    4.547992706298828,
    4.576492786407471,
    4.453968524932861,
    4.297450542449951,
    4.368621349334717,
    4.132312297821045,
    4.236347675323486,
    4.201359748840332,
    3.9661028385162354,
    4.030725955963135,
    4.076330661773682,
    4.079385757446289,
    3.8668622970581055,
    4.0339508056640625,
    3.8192527294158936,
    3.798832893371582,
    3.8821194171905518,
    3.8619940280914307,
    3.845399856567383,
    3.6176347732543945,
    3.825584650039673,
    3.7895405292510986,
    3.8028812408447266,
    3.745572328567505,
    3.7137954235076904
  ],
  "apparent_age_avg_mean_squared_error": [
    90.25716400146484,
    65.20294952392578,
    57.70035934448242,
    51.197330474853516,
    48.582969665527344,
    45.72103500366211,
    40.776458740234375,
    37.818504333496094,
    37.66668701171875,
    38.031471252441406,
    35.50508499145508,
    34.78341293334961,
    32.935909271240234,
    30.369882583618164,
    32.01319885253906,
    28.401214599609375,
    30.044071197509766,
    29.96444320678711,
    26.50311851501465,
    26.703706741333008,
    27.697917938232422,
    28.341115951538086,
    24.647920608520508,
    26.956510543823242,
    24.358015060424805,
    25.108638763427734,
    25.26441764831543,
    24.787124633789062,
    24.58159828186035,
    22.08194351196289,
    24.358699798583984,
    24.422821044921875,
    24.628253936767578,
    23.11241340637207,
    23.152021408081055
  ],
  "apparent_age_std_loss": [
    3.972191095352173,
    2.5258357524871826,
    2.378854990005493,
    2.1975815296173096,
    2.182924747467041,
    2.0273120403289795,
    1.9622963666915894,
    1.9773582220077515,
    1.9161041975021362,
    1.9619837999343872,
    1.9195871353149414,
    1.8015055656433105,
    1.8258163928985596,
    1.7615602016448975,
    1.810899019241333,
    1.7430140972137451,
    1.760819673538208,
    1.7507725954055786,
    1.6517481803894043,
    1.6918737888336182,
    1.7045236825942993,
    1.6825302839279175,
    1.624006986618042,
    1.6897639036178589,
    1.6155399084091187,
    1.5734713077545166,
    1.6163663864135742,
    1.6236475706100464,
    1.601967453956604,
    1.5644148588180542,
    1.6227689981460571,
    1.668667197227478,
    1.5681395530700684,
    1.5835570096969604,
    1.6043143272399902
  ],
  "apparent_age_std_mean_absolute_error": [
    1.5152580738067627,
    1.2151060104370117,
    1.18385910987854,
    1.1242811679840088,
    1.1305980682373047,
    1.083099126815796,
    1.0640666484832764,
    1.0681383609771729,
    1.0554275512695312,
    1.0596187114715576,
    1.0529874563217163,
    1.0244046449661255,
    1.0340218544006348,
    0.9970784783363342,
    1.0183242559432983,
    0.9954227209091187,
    1.0077561140060425,
    1.0072916746139526,
    0.9692872762680054,
    0.9850469827651978,
    0.9932733774185181,
    0.9751691818237305,
    0.972080409526825,
    0.9828438758850098,
    0.9638363122940063,
    0.9472130537033081,
    0.9632964730262756,
    0.961224377155304,
    0.9624735713005066,
    0.9491363167762756,
    0.9621624946594238,
    0.9657009840011597,
    0.9454257488250732,
    0.9530429244041443,
    0.956960916519165
  ],
  "apparent_age_std_mean_squared_error": [
    3.972191095352173,
    2.5258357524871826,
    2.378854990005493,
    2.1975815296173096,
    2.182924747467041,
    2.0273120403289795,
    1.9622963666915894,
    1.9773582220077515,
    1.9161041975021362,
    1.9619837999343872,
    1.9195871353149414,
    1.8015055656433105,
    1.8258163928985596,
    1.7615602016448975,
    1.810899019241333,
    1.7430140972137451,
    1.760819673538208,
    1.7507725954055786,
    1.6517481803894043,
    1.6918737888336182,
    1.7045236825942993,
    1.6825302839279175,
    1.624006986618042,
    1.6897639036178589,
    1.6155399084091187,
    1.5734713077545166,
    1.6163663864135742,
    1.6236475706100464,
    1.601967453956604,
    1.5644148588180542,
    1.6227689981460571,
    1.668667197227478,
    1.5681395530700684,
    1.5835570096969604,
    1.6043143272399902
  ],
  "loss": [
    94.2293472290039,
    67.72879791259766,
    60.0792350769043,
    53.39490509033203,
    50.76590347290039,
    47.748355865478516,
    42.738739013671875,
    39.79587173461914,
    39.58280563354492,
    39.99345779418945,
    37.42466735839844,
    36.58491516113281,
    34.761722564697266,
    32.131439208984375,
    33.82410430908203,
    30.144222259521484,
    31.80489158630371,
    31.715208053588867,
    28.154857635498047,
    28.395584106445312,
    29.402441024780273,
    30.023645401000977,
    26.27193260192871,
    28.64628028869629,
    25.973541259765625,
    26.68210792541504,
    26.880779266357422,
    26.410770416259766,
    26.183570861816406,
    23.6463623046875,
    25.981473922729492,
    26.09148406982422,
    26.19639778137207,
    24.69597053527832,
    24.756338119506836
  ],
  "val_apparent_age_avg_loss": [
    112.44869232177734,
    98.40538024902344,
    97.61333465576172,
    94.0298080444336,
    91.91998291015625,
    94.93228149414062,
    90.53492736816406,
    90.39533233642578,
    90.44396209716797,
    87.9516830444336,
    92.24022674560547,
    90.04438018798828,
    82.72132110595703,
    84.80500793457031,
    85.96109008789062,
    83.11476135253906,
    87.3554458618164,
    84.25657653808594,
    83.39922332763672,
    80.90717315673828,
    80.68216705322266,
    85.51278686523438,
    79.97492980957031,
    82.73759460449219,
    81.95677947998047,
    80.88346862792969,
    83.00935363769531,
    75.71255493164062,
    78.38238525390625,
    78.58633422851562,
    78.4587631225586,
    80.7144546508789,
    79.01847076416016,
    78.5270767211914,
    76.29182434082031
  ],
  "val_apparent_age_avg_mean_absolute_error": [
    8.084467887878418,
    7.640493392944336,
    7.515666484832764,
    7.375725746154785,
    7.232241153717041,
    7.31225061416626,
    7.190046787261963,
    7.251382827758789,
    7.059151649475098,
    7.076770305633545,
    7.177194595336914,
    7.014571189880371,
    6.75356912612915,
    6.910837173461914,
    6.92377233505249,
    6.927083969116211,
    6.938689708709717,
    6.77426290512085,
    6.72556734085083,
    6.704034805297852,
    6.667794704437256,
    6.784784317016602,
    6.58494234085083,
    6.695663928985596,
    6.666053771972656,
    6.738468170166016,
    6.743878364562988,
    6.435406684875488,
    6.547699451446533,
    6.520196914672852,
    6.484422206878662,
    6.539352893829346,
    6.484375476837158,
    6.549436092376709,
    6.389675617218018
  ],