{
  "apparent_age_avg_loss": [
    345.42889404296875,
    120.02786254882812,
    115.208740234375,
    104.0365982055664,
    96.65249633789062,
    95.00471496582031,
    94.21049499511719,
    91.73236083984375,
    85.61065673828125,
    79.18893432617188,
    79.10914611816406,
    82.39429473876953,
    74.9671401977539
  ],
  "apparent_age_avg_mean_absolute_error": [
    14.15200424194336,
    8.49198055267334,
    8.359855651855469,
    7.894874095916748,
    7.613953590393066,
    7.507022380828857,
    7.4901580810546875,
    7.3406453132629395,
    7.167479515075684,
    6.841224193572998,
    6.8283257484436035,
    7.035757064819336,
    6.757443428039551
  ],
  "apparent_age_std_loss": [
    0.0,
    0.0,
    0.0,
    0.0,
    0.0,
    0.0,
    0.0,
    0.0,
    0.0,
    0.0,
    0.0,
    0.0,
    0.0
  ],
  "loss": [
    345.42889404296875,
    120.02786254882812,
    115.208740234375,
    104.0365982055664,
    96.65249633789062,
    95.00471496582031,
    94.21049499511719,
    91.73236083984375,
    85.61065673828125,
    79.18893432617188,
    79.10914611816406,
    82.39429473876953,
    74.9671401977539
  ],
  "val_apparent_age_avg_loss": [
    154.5161895751953,
    145.2304229736328,
    141.2857208251953,
    129.63525390625,
    128.64576721191406,
    128.3863067626953,
    135.6676025390625,
    125.61691284179688,
    138.94712829589844,
    132.78501892089844,
    126.9608383178711,
    126.65088653564453,
    139.8911590576172
  ],
  "val_apparent_age_avg_mean_absolute_error": [
    9.648489952087402,
    9.177716255187988,
    9.094137191772461,
    8.72457504272461,
    8.778701782226562,
    8.60753345489502,
    9.02841567993164,
    8.472046852111816,
    8.934285163879395,
    8.681017875671387,
    8.593807220458984,
    8.450112342834473,
    8.850933074951172
  ],
  "val_apparent_age_std_loss": [
    0.0,
    0.0,
    0.0,
    0.0,
    0.0,
    0.0,
    0.0,
    0.0,
    0.0,
    0.0,
    0.0,
    0.0,
    0.0
  ],
  "val_loss": [
    154.5161895751953,
    145.2304229736328,
    141.2857208251953,
    129.63525390625,
    128.64576721191406,
    128.3863067626953,
    135.6676025390625,
    125.61691284179688,
    138.94712829589844,
    132.78501892089844,
    126.9608383178711,
    126.65088653564453,
    139.8911590576172
  ]
}