{
  "apparent_age_avg_loss": [
    88.87027740478516,
    64.39789581298828,
    57.44070053100586,
    48.836585998535156,
    43.92832946777344,
    45.03099822998047,
    42.181793212890625,
    37.2927360534668,
    36.5965576171875,
    36.4692497253418,
    36.7059440612793,
    35.44903564453125,
    35.07636642456055,
    31.092479705810547,
    33.61089324951172,
    29.5683536529541,
    32.72871780395508,
    29.656044006347656,
    29.42938804626465,
    28.707874298095703,
    28.481342315673828,
    26.99173355102539,
    27.610361099243164,
    27.744808197021484,
    26.77317237854004,
    26.511812210083008,
    25.870677947998047,
    27.01172637939453,
    27.338293075561523,
    23.41191291809082,
    25.016820907592773,
    26.92389678955078,
    26.878984451293945,
    26.24319839477539,
    25.145151138305664,
    24.51750946044922,
    23.59490966796875,
    24.159557342529297,
    23.288177490234375,
    23.98808479309082,
    21.533634185791016,
    24.1290340423584,
    23.557769775390625,
    24.19147491455078,
    22.301403045654297,
    23.90214729309082,
    23.627155303955078,
    21.941810607910156,
    20.782302856445312,
    19.975183486938477,
    22.836984634399414,
    20.265701293945312,
    20.123029708862305,
    24.140846252441406,
    20.0377254486084,
    19.40233039855957,
    21.25706672668457
  ],
  "apparent_age_avg_mean_absolute_error": [
    7.187963008880615,
    6.234841823577881,
    5.803121566772461,
    5.391178131103516,
    5.184341907501221,
    5.233021259307861,
    5.05605936050415,
    4.73369026184082,
    4.698474884033203,
    4.680434226989746,
    4.689669609069824,
    4.658100128173828,
    4.602392673492432,
    4.326775074005127,
    4.47572135925293,
    4.217871189117432,
    4.456993579864502,
    4.221902847290039,
    4.193206310272217,
    4.155397891998291,
    4.160799503326416,
    4.0268754959106445,
    4.078502655029297,
    4.079813003540039,
    4.033668518066406,
    4.013354301452637,
    3.9045400619506836,
    4.05062198638916,
    4.0219950675964355,
    3.7764410972595215,
    3.908267021179199,
    3.9919214248657227,
    3.9962451457977295,
    3.951523542404175,
    3.9119174480438232,
    3.806781768798828,
    3.7221460342407227,
    3.77048921585083,
    3.7510123252868652,
    3.807370185852051,
    3.6123716831207275,
    3.760375738143921,
    3.7477593421936035,
    3.817147731781006,
    3.6602418422698975,
    3.793718099594116,
    3.7573044300079346,
    3.609630823135376,
    3.4917285442352295,
    3.4841465950012207,
    3.654083013534546,
    3.461278200149536,
    3.476386070251465,
    3.7690083980560303,
    3.4685537815093994,
    3.4425690174102783,
    3.5083870887756348
  ],
  "apparent_age_avg_mean_squared_error": [
    88.87027740478516,
    64.39789581298828,
    57.44070053100586,
    48.836585998535156,
    43.92832946777344,
    45.03099822998047,
    42.181793212890625,
    37.2927360534668,
    36.5965576171875,
    36.4692497253418,
    36.7059440612793,
    35.44903564453125,
    35.07636642456055,
    31.092479705810547,
    33.61089324951172,
    29.5683536529541,
    32.72871780395508,
    29.656044006347656,
    29.42938804626465,
    28.707874298095703,
    28.481342315673828,
    26.99173355102539,
    27.610361099243164,
    27.744808197021484,
    26.77317237854004,
    26.511812210083008,
    25.870677947998047,
    27.01172637939453,
    27.338293075561523,
    23.41191291809082,
    25.016820907592773,
    26.92389678955078,
    26.878984451293945,
    26.24319839477539,
    25.145151138305664,
    24.51750946044922,
    23.59490966796875,
    24.159557342529297,
    23.288177490234375,
    23.98808479309082,
    21.533634185791016,
    24.1290340423584,
    23.557769775390625,
    24.19147491455078,
    22.301403045654297,
    23.90214729309082,
    23.627155303955078,
    21.941810607910156,
    20.782302856445312,
    19.975183486938477,
    22.836984634399414,
    20.265701293945312,
    20.123029708862305,
    24.140846252441406,
    20.0377254486084,
    19.40233039855957,
    21.25706672668457
  ],
  "apparent_age_std_loss": [
    5.2470903396606445,
    2.57633113861084,
    2.3358147144317627,
    2.358046293258667,
    2.1913301944732666,
    2.232116937637329,
    2.0583655834198,
    1.9732303619384766,
    2.0399444103240967,
    1.9723100662231445,
    1.9367499351501465,
    1.9650678634643555,
    1.9175931215286255,
    1.8028687238693237,
    1.8973673582077026,
    1.8643819093704224,
    1.7255195379257202,
    1.8036503791809082,
    1.780604362487793,
    1.722996473312378,
    1.805885910987854,
    1.706740379333496,
    1.7856519222259521,
    1.7915176153182983,
    1.7008765935897827,
    1.6853747367858887,
    1.774422526359558,
    1.6375659704208374,
    1.66192626953125,
    1.592564344406128,
    1.674215316772461,
    1.6273469924926758,
    1.6191744804382324,
    1.5667802095413208,
    1.6532610654830933,
    1.5480105876922607,
    1.631665587425232,
    1.5930691957473755,
    1.5960946083068848,
    1.6288233995437622,
    1.587296962738037,
    1.5332366228103638,
    1.6016876697540283,
    1.665309190750122,
    1.491295576095581,
    1.590006709098816,
    1.518200159072876,
    1.553704857826233,
    1.5147736072540283,
    1.546663761138916,
    1.50929856300354,
    1.5852710008621216,
    1.5379550457000732,
    1.551002860069275,
    1.5916526317596436,
    1.4292786121368408,
    1.5801547765731812
  ],
  "apparent_age_std_mean_absolute_error": [
    1.7510613203048706,
    1.2321847677230835,
    1.1675100326538086,
    1.177566647529602,
    1.1278127431869507,
    1.1284809112548828,
    1.0894246101379395,
    1.074881672859192,
    1.077136516571045,
    1.072597861289978,
    1.0545594692230225,
    1.0613179206848145,
    1.0499913692474365,
    1.0332781076431274,
    1.0374715328216553,
    1.0329209566116333,
    1.0070258378982544,
    1.0206243991851807,
    1.0067312717437744,
    0.9919446706771851,
    1.0109608173370361,
    0.9927616119384766,
    1.0083423852920532,
    1.009941577911377,
    0.9995324015617371,
    0.9841726422309875,
    1.0071609020233154,
    0.9746783375740051,
    0.9733307957649231,
    0.9590170979499817,
    0.9777428507804871,
    0.9555870294570923,
    0.9646569490432739,
    0.9559954404830933,
    0.9790339469909668,
    0.9329196810722351,
    0.9657679796218872,
    0.9633350968360901,
    0.9629002213478088,
    0.9588741660118103,
    0.9493157267570496,
    0.9327699542045593,
    0.9581257104873657,
    0.9657608270645142,
    0.9301183819770813,
    0.949531078338623,
    0.9283597469329834,
    0.9425818920135498,
    0.9319116473197937,
    0.9321470856666565,
    0.9338685870170593,
    0.9408848285675049,
    0.9433823227882385,
    0.9454885125160217,
    0.9483892917633057,
    0.9120250344276428,
    0.9432207345962524
  ],