{
  "apparent_age_avg_loss": [
    26.324724197387695,
    23.58446502685547,
    19.80023193359375,
    20.771821975708008,
    20.784435272216797,
    20.333797454833984,
    20.44440460205078,
    17.949464797973633,
    19.358869552612305,
    18.32206153869629,
    17.457000732421875,
    18.252830505371094,
    18.78843116760254,
    18.546140670776367,
    19.2948055267334
  ],
  "apparent_age_avg_mean_absolute_error": [
    3.9188013076782227,
    3.7184395790100098,
    3.4615535736083984,
    3.5369303226470947,
    3.557718515396118,
    3.518845319747925,
    3.5252585411071777,
    3.310365676879883,
    3.4051249027252197,
    3.349196195602417,
    3.2538366317749023,
    3.311845541000366,
    3.398254632949829,
    3.3637564182281494,
    3.405179023742676
  ],
  "apparent_age_avg_mean_squared_error": [
    26.324724197387695,
    23.58446502685547,
    19.80023193359375,
    20.771821975708008,
    20.784435272216797,
    20.333797454833984,
    20.44440460205078,
    17.949464797973633,
    19.358869552612305,
    18.32206153869629,
    17.457000732421875,
    18.252830505371094,
    18.78843116760254,
    18.546140670776367,
    19.2948055267334
  ],
  "apparent_age_std_loss": [
    1.5968055725097656,
    1.5138192176818848,
    1.5183017253875732,
    1.4983341693878174,
    1.51157808303833,
    1.480238914489746,
    1.5522034168243408,
    1.4934866428375244,
    1.494492530822754,
    1.489484190940857,
    1.477350115776062,
    1.507346272468567,
    1.4925137758255005,
    1.51900315284729,
    1.4477338790893555
  ],
  "apparent_age_std_mean_absolute_error": [
    0.9499455094337463,
    0.9285248517990112,
    0.9283944368362427,
    0.9166061282157898,
    0.9176716208457947,
    0.9175776243209839,
    0.9409469962120056,
    0.9157818555831909,
    0.9246609210968018,
    0.9251250624656677,
    0.9146987199783325,
    0.9284429550170898,
    0.9211469888687134,
    0.9298130869865417,
    0.9095849990844727
  ],
  "apparent_age_std_mean_squared_error": [
    1.5968055725097656,
    1.5138192176818848,
    1.5183017253875732,
    1.4983341693878174,
    1.51157808303833,
    1.480238914489746,
    1.5522034168243408,
    1.4934866428375244,
    1.494492530822754,
    1.489484190940857,
    1.477350115776062,
    1.507346272468567,
    1.4925137758255005,
    1.51900315284729,
    1.4477338790893555
  ],
  "loss": [
    27.921533584594727,
    25.098283767700195,
    21.31853485107422,
    22.270160675048828,
    22.296009063720703,
    21.814035415649414,
    21.996604919433594,
    19.44295883178711,
    20.853363037109375,
    19.811540603637695,
    18.934349060058594,
    19.76017189025879,
    20.28095245361328,
    20.065143585205078,
    20.742538452148438
  ],
  "val_apparent_age_avg_loss": [
    81.0387954711914,
    78.31151580810547,
    75.50048828125,
    72.30459594726562,
    69.9925537109375,
    74.40023803710938,
    75.97747039794922,
    70.72421264648438,
    74.0815200805664,
    74.67623901367188,
    71.20838928222656,
    73.28384399414062,
    70.20854187011719,
    70.2208251953125,
    70.1173324584961
  ],
  "val_apparent_age_avg_mean_absolute_error": [
    6.562310218811035,
    6.48372220993042,
    6.471677303314209,
    6.227151870727539,
    6.209547996520996,
    6.308466911315918,
    6.290136337280273,
    6.191882133483887,
    6.3091607093811035,
    6.3401923179626465,
    6.1806840896606445,
    6.259426116943359,
    6.177743911743164,
    6.164620876312256,
    6.099272727966309
  ],
  "val_apparent_age_avg_mean_squared_error": [
    81.0387954711914,
    78.31151580810547,
    75.50048828125,
    72.30459594726562,
    69.9925537109375,
    74.40023803710938,
    75.97747039794922,
    70.72421264648438,
    74.0815200805664,
    74.67623901367188,
    71.20838928222656,
    73.28384399414062,
    70.20854187011719,
    70.2208251953125,
    70.1173324584961
  ],
  "val_apparent_age_std_loss": [
    2.393737554550171,
    2.3593876361846924,
    2.1920671463012695,
    2.246819496154785,
    2.2627148628234863,
    2.2755308151245117,
    2.260392665863037,
    2.2468440532684326,
    2.2364513874053955,
    2.2519402503967285,
    2.1560826301574707,
    2.2291464805603027,
    2.2012388706207275,
    2.160963296890259,
    2.232285976409912
  ],
  "val_apparent_age_std_mean_absolute_error": [
    1.1412315368652344,
    1.1385583877563477,
    1.0961815118789673,
    1.124007225036621,
    1.137779712677002,
    1.1181726455688477,
    1.1117310523986816,
    1.1157891750335693,
    1.1165423393249512,
    1.1061040163040161,
    1.0917843580245972,
    1.1125820875167847,
    1.1138453483581543,
    1.1037843227386475,
    1.109179139137268
  ],
  "val_apparent_age_std_mean_squared_error": [
    2.393737554550171,
    2.3593876361846924,
    2.1920671463012695,
    2.246819496154785,
    2.2627148628234863,
    2.2755308151245117,
    2.260392665863037,
    2.2468440532684326,
    2.2364513874053955,
    2.2519402503967285,
    2.1560826301574707,
    2.2291464805603027,
    2.2012388706207275,
    2.160963296890259,
    2.232285976409912
  ],
  "val_loss": [
    83.43253326416016,
    80.6709213256836,
    77.69255828857422,
    74.55142211914062,
    72.2552719116211,
    76.67578887939453,
    78.23786926269531,
    72.97105407714844,
    76.31796264648438,
    76.92819213867188,
    73.36447143554688,
    75.51297760009766,
    72.4097671508789,
    72.38179779052734,
    72.34960174560547
  ]
}