{
  "apparent_age_avg_loss": [
    97.62969207763672,
    73.0825424194336,
    60.302772521972656,
    60.00967788696289,
    48.41205596923828,
    42.48811721801758,
    42.07099914550781,
    38.77720260620117,
    40.8441162109375,
    37.90765380859375,
    35.024940490722656,
    34.74324417114258,
    33.92467498779297,
    36.99410629272461,
    32.121883392333984,
    33.584617614746094,
    30.98896598815918,
    30.51021957397461,
    29.53299903869629,
    27.878732681274414,
    28.678382873535156,
    29.422039031982422,
    25.95867347717285,
    30.125244140625,
    27.380956649780273,
    28.78182601928711,
    29.16438865661621,
    28.792993545532227,
    30.91901397705078,
    25.582918167114258
  ],
  "apparent_age_avg_mean_absolute_error": [
    7.6018757820129395,
    6.592230796813965,
    6.04130744934082,
    6.06295919418335,
    5.401094436645508,
    5.034230709075928,
    5.052224159240723,
    4.858808994293213,
    4.936031341552734,
    4.708615303039551,
    4.564835548400879,
    4.617000102996826,
    4.516509532928467,
    4.683399677276611,
    4.421750068664551,
    4.567096710205078,
    4.316570281982422,
    4.285149097442627,
    4.212539196014404,
    4.069920539855957,
    4.161203861236572,
    4.187288284301758,
    3.9752910137176514,
    4.216091632843018,
    4.074378967285156,
    4.193925857543945,
    4.168851852416992,
    4.168802738189697,
    4.265022277832031,
    3.8913252353668213
  ],
  "apparent_age_avg_mean_squared_error": [
    97.62969207763672,
    73.0825424194336,
    60.302772521972656,
    60.00967788696289,
    48.41205596923828,
    42.48811721801758,
    42.07099914550781,
    38.77720260620117,
    40.8441162109375,
    37.90765380859375,
    35.024940490722656,
    34.74324417114258,
    33.92467498779297,
    36.99410629272461,
    32.121883392333984,
    33.584617614746094,
    30.98896598815918,
    30.51021957397461,
    29.53299903869629,
    27.878732681274414,
    28.678382873535156,
    29.422039031982422,
    25.95867347717285,
    30.125244140625,
    27.380956649780273,
    28.78182601928711,
    29.16438865661621,
    28.792993545532227,
    30.91901397705078,
    25.582918167114258
  ],
  "apparent_age_std_loss": [
    4.784609794616699,
    2.677246332168579,
    2.5369646549224854,
    2.445549249649048,
    2.3086020946502686,
    2.0827765464782715,
    2.246584892272949,
    2.148813247680664,
    2.066298246383667,
    1.9706752300262451,
    1.9421569108963013,
    1.9735304117202759,
    1.8273862600326538,
    1.9292631149291992,
    1.8887081146240234,
    1.8111642599105835,
    1.8041191101074219,
    1.799156904220581,
    1.8304775953292847,
    1.682986855506897,
    1.8222594261169434,
    1.7610867023468018,
    1.7314897775650024,
    1.7927218675613403,
    1.8015291690826416,
    1.7358307838439941,
    1.6777020692825317,
    1.7879219055175781,
    1.7650244235992432,
    1.7865811586380005
  ],
  "apparent_age_std_mean_absolute_error": [
    1.6472817659378052,
    1.2466881275177002,
    1.2187422513961792,
    1.212091326713562,
    1.1709632873535156,
    1.105652928352356,
    1.1423574686050415,
    1.1082067489624023,
    1.083380103111267,
    1.0715523958206177,
    1.0486164093017578,
    1.068871021270752,
    1.0373282432556152,
    1.0356254577636719,
    1.0515587329864502,
    1.0217293500900269,
    1.0068559646606445,
    1.0079898834228516,
    1.023897409439087,
    0.9905679821968079,
    1.0065889358520508,
    1.0028977394104004,
    0.9971630573272705,
    1.0107566118240356,
    1.0114597082138062,
    1.0000324249267578,
    0.9918422698974609,
    1.0059665441513062,
    1.0083438158035278,
    1.0036146640777588
  ],
  "apparent_age_std_mean_squared_error": [
    4.784609794616699,
    2.677246332168579,
    2.5369646549224854,
    2.445549249649048,
    2.3086020946502686,
    2.0827765464782715,
    2.246584892272949,
    2.148813247680664,
    2.066298246383667,
    1.9706752300262451,
    1.9421569108963013,
    1.9735304117202759,
    1.8273862600326538,
    1.9292631149291992,
    1.8887081146240234,
    1.8111642599105835,
    1.8041191101074219,
    1.799156904220581,
    1.8304775953292847,
    1.682986855506897,
    1.8222594261169434,
    1.7610867023468018,
    1.7314897775650024,
    1.7927218675613403,
    1.8015291690826416,
    1.7358307838439941,
    1.6777020692825317,
    1.7879219055175781,
    1.7650244235992432,
    1.7865811586380005
  ],
  "loss": [
    102.41431427001953,
    75.7597885131836,
    62.8397216796875,
    62.455230712890625,
    50.72065734863281,
    44.57091522216797,
    44.317596435546875,
    40.92601776123047,
    42.91041564941406,
    39.878334045410156,
    36.96709442138672,
    36.71677017211914,
    35.75205612182617,
    38.923362731933594,
    34.0106086730957,
    35.395782470703125,
    32.793087005615234,
    32.30937957763672,
    31.363473892211914,
    29.561717987060547,
    30.500638961791992,
    31.183128356933594,
    27.69016456604004,
    31.91796112060547,
    29.182493209838867,
    30.517656326293945,
    30.842090606689453,
    30.580923080444336,
    32.68404769897461,
    27.3695011138916
  ],
  "val_apparent_age_avg_loss": [
    121.2098159790039,
    124.38579559326172,
    110.65360260009766,
    100.28290557861328,
    100.55178833007812,
    104.18712615966797,
    99.95638275146484,
    106.20252227783203,
    96.6455307006836,
    100.3506088256836,
    93.34552001953125,
    102.2636489868164,
    98.61449432373047,
    91.30437469482422,
    92.19803619384766,
    88.4775619506836,
    92.52608489990234,
    89.2472152709961,
    95.45389556884766,
    89.0768814086914,
    93.50170135498047,
    88.4539794921875,
    87.87545776367188,
    90.90390014648438,
    93.8010482788086,
    89.46942138671875,
    92.27632904052734,
    91.53244018554688,
    89.2398452758789,
    90.60700225830078
  ],
  "val_apparent_age_avg_mean_absolute_error": [
    8.373055458068848,
    8.385581970214844,
    7.996819972991943,
    7.602736949920654,
    7.58071756362915,
    7.723779201507568,
    7.561703205108643,
    7.799858570098877,
    7.45019006729126,
    7.635256290435791,
    7.276983737945557,
    7.664808750152588,
    7.434663772583008,
    7.150994777679443,
    7.406894207000732,
    7.192692279815674,
    7.251309871673584,
    6.968033313751221,
    7.3564324378967285,
    7.0236992835998535,
    7.225428104400635,
    6.993776321411133,
    6.9055962562561035,
    7.269456386566162,
    7.200878620147705,
    7.108376979827881,
    7.18423318862915,
    7.076594829559326,
    7.015812397003174,
    7.061281681060791
  ],
  "val_apparent_age_avg_mean_squared_error": [
    121.2098159790039,
    124.38579559326172,
    110.65360260009766,
    100.28290557861328,
    100.55178833007812,
    104.18712615966797,
    99.95638275146484,
    106.20252227783203,
    96.6455307006836,
    100.3506088256836,
    93.34552001953125,
    102.2636489868164,
    98.61449432373047,
    91.30437469482422,
    92.19803619384766,
    88.4775619506836,
    92.52608489990234,
    89.2472152709961,
    95.45389556884766,
    89.0768814086914,
    93.50170135498047,
    88.4539794921875,
    87.87545776367188,
    90.90390014648438,
    93.8010482788086,
    89.46942138671875,
    92.27632904052734,
    91.53244018554688,
    89.2398452758789,
    90.60700225830078
  ],