{
  "apparent_age_avg_loss": [
    1147.9547119140625,
    1116.5020751953125,
    1164.896728515625,
    868.5040893554688,
    974.36962890625,
    812.664794921875,
    725.3038330078125,
    762.3658447265625,
    572.7877807617188,
    484.94659423828125,
    434.3397216796875,
    320.70892333984375,
    276.7562561035156,
    229.98171997070312,
    139.38690185546875,
    130.39691162109375,
    67.80364990234375,
    83.01821899414062,
    52.944541931152344,
    32.232444763183594,
    35.08326721191406,
    47.84280014038086,
    39.974632263183594,
    38.36030960083008,
    43.821441650390625,
    35.41938018798828,
    47.16764831542969,
    22.93604278564453,
    20.186487197875977,
    18.794105529785156,
    21.16180419921875,
    40.43242645263672
  ],
  "apparent_age_avg_mean_absolute_error": [
    29.894969940185547,
    29.94093132019043,
    29.985946655273438,
    25.530134201049805,
    27.254070281982422,
    24.66714096069336,
    23.13109588623047,
    24.08880615234375,
    20.468856811523438,
    19.08087921142578,
    18.023887634277344,
    15.216856002807617,
    14.539151191711426,
    13.255436897277832,
    10.33289909362793,
    9.908304214477539,
    6.584774017333984,
    7.595344543457031,
    5.709445953369141,
    4.652705192565918,
    4.760563850402832,
    5.300009727478027,
    5.115675449371338,
    5.017050743103027,
    5.186123847961426,
    4.504078388214111,
    4.784013748168945,
    3.4544460773468018,
    3.6158690452575684,
    3.5343470573425293,
    3.554974317550659,
    4.415359973907471
  ],
  "apparent_age_std_loss": [
    0.0,
    0.0,
    0.0,
    0.0,
    0.0,
    0.0,
    0.0,
    0.0,
    0.0,
    0.0,
    0.0,
    0.0,
    0.0,
    0.0,
    0.0,
    0.0,
    0.0,
    0.0,
    0.0,
    0.0,
    0.0,
    0.0,
    0.0,
    0.0,
    0.0,
    0.0,
    0.0,
    0.0,
    0.0,
    0.0,
    0.0,
    0.0
  ],
  "loss": [
    1147.9547119140625,
    1116.5020751953125,
    1164.896728515625,
    868.5040893554688,
    974.36962890625,
    812.664794921875,
    725.3038330078125,
    762.3658447265625,
    572.7877807617188,
    484.94659423828125,
    434.3397216796875,
    320.70892333984375,
    276.7562561035156,
    229.98171997070312,
    139.38690185546875,
    130.39691162109375,
    67.80364990234375,
    83.01821899414062,
    52.944541931152344,
    32.232444763183594,
    35.08326721191406,
    47.84280014038086,
    39.974632263183594,
    38.36030960083008,
    43.821441650390625,
    35.41938018798828,
    47.16764831542969,
    22.93604278564453,
    20.186487197875977,
    18.794105529785156,
    21.16180419921875,
    40.43242645263672
  ],
  "val_apparent_age_avg_loss": [
    1287.18994140625,
    1229.58984375,
    1165.908935546875,
    1096.803466796875,
    1030.784912109375,
    949.2409057617188,
    885.8304443359375,
    805.8942260742188,
    697.2120361328125,
    646.8655395507812,
    565.20361328125,
    463.00311279296875,
    402.7688293457031,
    360.88421630859375,
    357.5536804199219,
    298.91888427734375,
    310.2752990722656,
    268.3437805175781,
    336.2550354003906,
    285.20440673828125,
    357.6220703125,
    386.3687744140625,
    232.7965087890625,
    335.2007751464844,
    245.52220153808594,
    245.4580841064453,
    201.16156005859375,
    272.73114013671875,
    223.80531311035156,
    230.6019744873047,
    264.6363525390625,
    278.43719482421875
  ],
  "val_apparent_age_avg_mean_absolute_error": [
    30.603546142578125,
    29.679458618164062,
    28.45995330810547,
    27.59354019165039,
    26.40780258178711,
    25.082454681396484,
    23.879344940185547,
    22.389205932617188,
    21.439228057861328,
    20.008989334106445,
    18.983592987060547,
    16.097667694091797,
    14.283804893493652,
    13.2966947555542,
    12.293400764465332,
    11.843462944030762,
    11.558025360107422,
    10.770744323730469,
    12.96038818359375,
    11.33580207824707,
    13.480175018310547,
    13.477806091308594,
    10.778156280517578,
    12.780793190002441,
    11.827051162719727,
    12.311586380004883,
    10.351335525512695,
    11.871119499206543,
    11.095426559448242,
    10.673646926879883,
    11.657008171081543,
    12.0913724899292
  ],
  "val_apparent_age_std_loss": [
    0.0,
    0.0,
    0.0,
    0.0,
    0.0,
    0.0,
    0.0,
    0.0,
    0.0,
    0.0,
    0.0,
    0.0,
    0.0,
    0.0,
    0.0,
    0.0,
    0.0,
    0.0,
    0.0,
    0.0,
    0.0,
    0.0,
    0.0,
    0.0,
    0.0,
    0.0,
    0.0,
    0.0,
    0.0,
    0.0,
    0.0,
    0.0
  ],
  "val_loss": [
    1287.18994140625,
    1229.58984375,
    1165.908935546875,
    1096.803466796875,
    1030.784912109375,
    949.2409057617188,
    885.8304443359375,
    805.8942260742188,
    697.2120361328125,
    646.8655395507812,
    565.20361328125,
    463.00311279296875,
    402.7688293457031,
    360.88421630859375,
    357.5536804199219,
    298.91888427734375,
    310.2752990722656,
    268.3437805175781,
    336.2550354003906,
    285.20440673828125,
    357.6220703125,
    386.3687744140625,
    232.7965087890625,
    335.2007751464844,
    245.52220153808594,
    245.4580841064453,
    201.16156005859375,
    272.73114013671875,
    223.80531311035156,
    230.6019744873047,
    264.6363525390625,
    278.43719482421875
  ]
}