{
  "apparent_age_avg_loss": [
    306.8902893066406,
    123.67984771728516,
    109.80912780761719,
    104.28396606445312,
    100.30390167236328,
    97.65901184082031,
    94.93721008300781,
    89.9785385131836,
    85.50569152832031,
    81.7540054321289,
    84.90512084960938,
    78.81765747070312,
    81.62044525146484,
    76.59600830078125,
    76.44833374023438,
    75.21979522705078,
    75.29943084716797,
    74.5350341796875
  ],
  "apparent_age_avg_mean_absolute_error": [
    13.021641731262207,
    8.57400894165039,
    8.152531623840332,
    7.883078098297119,
    7.684557914733887,
    7.583820343017578,
    7.512069225311279,
    7.31500244140625,
    7.111924648284912,
    6.938501834869385,
    7.018730163574219,
    6.8814520835876465,
    7.006810188293457,
    6.717738628387451,
    6.706387519836426,
    6.7307538986206055,
    6.6771345138549805,
    6.595017910003662
  ],
  "apparent_age_std_loss": [
    0.0,
    0.0,
    0.0,
    0.0,
    0.0,
    0.0,
    0.0,
    0.0,
    0.0,
    0.0,
    0.0,
    0.0,
    0.0,
    0.0,
    0.0,
    0.0,
    0.0,
    0.0
  ],
  "loss": [
    306.8902893066406,
    123.67984771728516,
    109.80912780761719,
    104.28396606445312,
    100.30390167236328,
    97.65901184082031,
    94.93721008300781,
    89.9785385131836,
    85.50569152832031,
    81.7540054321289,
    84.90512084960938,
    78.81765747070312,
    81.62044525146484,
    76.59600830078125,
    76.44833374023438,
    75.21979522705078,
    75.29943084716797,
    74.5350341796875
  ],
  "val_apparent_age_avg_loss": [
    148.92306518554688,
    129.01004028320312,
    140.0078582763672,
    127.59716796875,
    136.7783966064453,
    127.02780151367188,
    124.9500732421875,
    126.03498077392578,
    132.5400390625,
    122.86758422851562,
    126.77558135986328,
    125.20790100097656,
    120.53916931152344,
    130.86227416992188,
    127.33890533447266,
    122.55184936523438,
    126.890380859375,
    130.18873596191406
  ],
  "val_apparent_age_avg_mean_absolute_error": [
    9.273030281066895,
    8.680660247802734,
    8.987176895141602,
    8.482573509216309,
    8.902557373046875,
    8.516897201538086,
    8.600228309631348,
    8.480829238891602,
    8.867111206054688,
    8.355111122131348,
    8.394200325012207,
    8.48299503326416,
    8.318721771240234,
    8.58902359008789,
    8.580339431762695,
    8.312454223632812,
    8.498775482177734,
    8.593182563781738
  ],
  "val_apparent_age_std_loss": [
    0.0,
    0.0,
    0.0,
    0.0,
    0.0,
    0.0,
    0.0,
    0.0,
    0.0,
    0.0,
    0.0,
    0.0,
    0.0,
    0.0,
    0.0,
    0.0,
    0.0,
    0.0
  ],
  "val_loss": [
    148.92306518554688,
    129.01004028320312,
    140.0078582763672,
    127.59716796875,
    136.7783966064453,
    127.02780151367188,
    124.9500732421875,
    126.03498077392578,
    132.5400390625,
    122.86758422851562,
    126.77558135986328,
    125.20790100097656,
    120.53916931152344,
    130.86227416992188,
    127.33890533447266,
    122.55184936523438,
    126.890380859375,
    130.18873596191406
  ]
}