{
  "apparent_age_avg_loss": [
    222.0967559814453,
    119.39989471435547,
    105.43060302734375,
    103.6053466796875,
    101.20277404785156,
    94.64043426513672,
    90.01416778564453,
    92.33036804199219,
    85.83567810058594,
    84.25011444091797,
    85.2366714477539,
    81.22016906738281,
    75.28064727783203,
    79.89910888671875,
    76.52375030517578,
    73.37604522705078
  ],
  "apparent_age_avg_mean_absolute_error": [
    11.101375579833984,
    8.439066886901855,
    7.852722644805908,
    7.813591957092285,
    7.732090950012207,
    7.512580871582031,
    7.276646137237549,
    7.355556964874268,
    7.121548652648926,
    7.028984546661377,
    7.10627555847168,
    6.893453598022461,
    6.710145950317383,
    6.907120704650879,
    6.724813938140869,
    6.573686599731445
  ],
  "apparent_age_std_loss": [
    0.0,
    0.0,
    0.0,
    0.0,
    0.0,
    0.0,
    0.0,
    0.0,
    0.0,
    0.0,
    0.0,
    0.0,
    0.0,
    0.0,
    0.0,
    0.0
  ],
  "loss": [
    222.0967559814453,
    119.39989471435547,
    105.43060302734375,
    103.6053466796875,
    101.20277404785156,
    94.64043426513672,
    90.01416778564453,
    92.33036804199219,
    85.83567810058594,
    84.25011444091797,
    85.2366714477539,
    81.22016906738281,
    75.28064727783203,
    79.89910888671875,
    76.52375030517578,
    73.37604522705078
  ],
  "val_apparent_age_avg_loss": [
    140.35562133789062,
    124.27845764160156,
    122.10868835449219,
    124.85721588134766,
    131.72833251953125,
    123.19658660888672,
    116.62564086914062,
    121.27447509765625,
    114.30918884277344,
    120.12914276123047,
    113.58485412597656,
    117.02076721191406,
    119.93486785888672,
    116.31674194335938,
    117.96805572509766,
    119.41622161865234
  ],
  "val_apparent_age_avg_mean_absolute_error": [
    9.061868667602539,
    8.51281452178955,
    8.534394264221191,
    8.52474308013916,
    8.80200481414795,
    8.359347343444824,
    8.261270523071289,
    8.243728637695312,
    8.160688400268555,
    8.407453536987305,
    8.101827621459961,
    8.225371360778809,
    8.316349029541016,
    8.206339836120605,
    8.1657133102417,
    8.288778305053711
  ],
  "val_apparent_age_std_loss": [
    0.0,
    0.0,
    0.0,
    0.0,
    0.0,
    0.0,
    0.0,
    0.0,
    0.0,
    0.0,
    0.0,
    0.0,
    0.0,
    0.0,
    0.0,
    0.0
  ],
  "val_loss": [
    140.35562133789062,
    124.27845764160156,
    122.10868835449219,
    124.85721588134766,
    131.72833251953125,
    123.19658660888672,
    116.62564086914062,
    121.27447509765625,
    114.30918884277344,
    120.12914276123047,
    113.58485412597656,
    117.02076721191406,
    119.93486785888672,
    116.31674194335938,
    117.96805572509766,
    119.41622161865234
  ]
}