{
  "apparent_age_avg_loss": [
    862.1226806640625,
    393.8759765625,
    143.22715759277344,
    116.16405487060547,
    97.01395416259766,
    77.41753387451172,
    73.13883209228516,
    75.4926986694336
  ],
  "apparent_age_avg_mean_absolute_error": [
    25.840614318847656,
    16.11857795715332,
    8.81149959564209,
    8.736528396606445,
    7.859052658081055,
    6.986298084259033,
    6.61008882522583,
    6.733418941497803
  ],
  "apparent_age_std_loss": [
    0.0,
    0.0,
    0.0,
    0.0,
    0.0,
    0.0,
    0.0,
    0.0
  ],
  "loss": [
    862.1226806640625,
    393.8759765625,
    143.22715759277344,
    116.16405487060547,
    97.01395416259766,
    77.41753387451172,
    73.13883209228516,
    75.4926986694336
  ],
  "val_apparent_age_avg_loss": [
    651.7565307617188,
    262.80670166015625,
    144.04019165039062,
    146.88607788085938,
    168.01718139648438,
    161.6425323486328,
    157.19503784179688,
    178.58982849121094
  ],
  "val_apparent_age_avg_mean_absolute_error": [
    21.247262954711914,
    12.738537788391113,
    9.62024974822998,
    9.37602424621582,
    10.102437019348145,
    9.713211059570312,
    9.54188346862793,
    10.16328239440918
  ],
  "val_apparent_age_std_loss": [
    0.0,
    0.0,
    0.0,
    0.0,
    0.0,
    0.0,
    0.0,
    0.0
  ],
  "val_loss": [
    651.7565307617188,
    262.80670166015625,
    144.04019165039062,
    146.88607788085938,
    168.01718139648438,
    161.6425323486328,
    157.19503784179688,
    178.58982849121094
  ]
}