{
  "apparent_age_avg_loss": [
    52.11799621582031,
    44.924076080322266,
    49.79305648803711,
    40.87929153442383,
    39.37162780761719,
    37.01768112182617,
    41.89313507080078,
    39.03409957885742,
    32.93540573120117,
    34.9485969543457,
    45.87743377685547,
    33.77391052246094,
    32.775020599365234,
    31.349334716796875,
    33.21953582763672,
    31.430341720581055,
    33.918922424316406,
    36.86473846435547,
    24.124589920043945,
    33.671085357666016,
    36.42977523803711,
    27.943532943725586,
    32.52558135986328,
    36.73023986816406,
    31.764005661010742,
    34.648563385009766,
    26.57028579711914,
    30.088327407836914,
    27.110759735107422,
    30.708213806152344,
    30.147380828857422,
    28.891530990600586,
    28.718151092529297,
    26.187084197998047,
    35.54733657836914,
    33.385108947753906,
    25.498268127441406,
    31.725109100341797,
    25.57661247253418,
    30.978342056274414,
    25.472654342651367,
    30.324857711791992,
    35.47641372680664
  ],
  "apparent_age_avg_mean_absolute_error": [
    5.701169967651367,
    5.389968395233154,
    5.503803730010986,
    4.930389404296875,
    5.0114922523498535,
    4.869414806365967,
    4.984025001525879,
    5.001955032348633,
    4.366929054260254,
    4.618500232696533,
    5.1865644454956055,
    4.621764659881592,
    4.602468490600586,
    4.421377182006836,
    4.497335910797119,
    4.386565208435059,
    4.576396465301514,
    4.81431245803833,
    3.810476541519165,
    4.552424907684326,
    4.814328193664551,
    4.05250358581543,
    4.529295444488525,
    4.6370110511779785,
    4.405139446258545,
    4.656742572784424,
    4.004180908203125,
    4.3448944091796875,
    4.113890647888184,
    4.250253677368164,
    4.402395248413086,
    4.240870475769043,
    4.260202407836914,
    3.921450614929199,
    4.704507350921631,
    4.561595439910889,
    3.9906768798828125,
    4.308101177215576,
    3.9014811515808105,
    4.406557083129883,
    3.8736214637756348,
    4.33806037902832,
    4.550597667694092
  ],
  "apparent_age_avg_mean_squared_error": [
    52.11799621582031,
    44.924076080322266,
    49.79305648803711,
    40.87929153442383,
    39.37162780761719,
    37.01768112182617,
    41.89313507080078,
    39.03409957885742,
    32.93540573120117,
    34.9485969543457,
    45.87743377685547,
    33.77391052246094,
    32.775020599365234,
    31.349334716796875,
    33.21953582763672,
    31.430341720581055,
    33.918922424316406,
    36.86473846435547,
    24.124589920043945,
    33.671085357666016,
    36.42977523803711,
    27.943532943725586,
    32.52558135986328,
    36.73023986816406,
    31.764005661010742,
    34.648563385009766,
    26.57028579711914,
    30.088327407836914,
    27.110759735107422,
    30.708213806152344,
    30.147380828857422,
    28.891530990600586,
    28.718151092529297,
    26.187084197998047,
    35.54733657836914,
    33.385108947753906,
    25.498268127441406,
    31.725109100341797,
    25.57661247253418,
    30.978342056274414,
    25.472654342651367,
    30.324857711791992,
    35.47641372680664
  ],
  "apparent_age_std_loss": [
    2.2864890098571777,
    2.307767629623413,
    2.2093255519866943,
    2.3227715492248535,
    2.0770483016967773,
    2.1633377075195312,
    2.198455572128296,
    2.404360294342041,
    2.2749695777893066,
    2.3524186611175537,
    2.1597166061401367,
    2.1576316356658936,
    2.2511913776397705,
    2.188566207885742,
    2.187511682510376,
    2.31465482711792,
    2.0675244331359863,
    2.1112160682678223,
    1.9641590118408203,
    2.1774027347564697,
    1.8743361234664917,
    1.917872667312622,
    2.459028720855713,
    2.2417690753936768,
    2.056558847427368,
    2.2121050357818604,
    1.9199708700180054,
    1.8950308561325073,
    2.0915398597717285,
    2.0146143436431885,
    1.974650502204895,
    2.0111279487609863,
    2.126786947250366,
    1.9047279357910156,
    1.918556809425354,
    2.1049644947052,
    1.842785120010376,
    2.016756296157837,
    1.987459659576416,
    1.7092655897140503,
    2.206347942352295,
    2.0365753173828125,
    1.8820788860321045
  ],
  "apparent_age_std_mean_absolute_error": [
    1.1777538061141968,
    1.206069827079773,
    1.1491502523422241,
    1.1839194297790527,
    1.139838457107544,
    1.1470801830291748,
    1.1439341306686401,
    1.2147681713104248,
    1.1584243774414062,
    1.1880879402160645,
    1.139446496963501,
    1.1693345308303833,
    1.1407941579818726,
    1.1383166313171387,
    1.104247808456421,
    1.1647413969039917,
    1.0827215909957886,
    1.1357399225234985,
    1.0705435276031494,
    1.1494723558425903,
    1.0866490602493286,
    1.0507690906524658,
    1.218007206916809,
    1.1279479265213013,
    1.0725021362304688,
    1.1152535676956177,
    1.0599768161773682,
    1.0713456869125366,
    1.119131088256836,
    1.0947226285934448,
    1.0690133571624756,
    1.089926838874817,
    1.102393388748169,
    1.0802910327911377,
    1.0532104969024658,
    1.0944780111312866,
    1.0422919988632202,
    1.1171777248382568,
    1.0778988599777222,
    1.0328798294067383,
    1.1391817331314087,
    1.1065226793289185,
    1.0615086555480957
  ],
  "apparent_age_std_mean_squared_error": [
    2.2864890098571777,
    2.307767629623413,
    2.2093255519866943,
    2.3227715492248535,
    2.0770483016967773,
    2.1633377075195312,
    2.198455572128296,
    2.404360294342041,
    2.2749695777893066,
    2.3524186611175537,
    2.1597166061401367,
    2.1576316356658936,
    2.2511913776397705,
    2.188566207885742,
    2.187511682510376,
    2.31465482711792,
    2.0675244331359863,
    2.1112160682678223,
    1.9641590118408203,
    2.1774027347564697,
    1.8743361234664917,
    1.917872667312622,
    2.459028720855713,
    2.2417690753936768,
    2.056558847427368,
    2.2121050357818604,
    1.9199708700180054,
    1.8950308561325073,
    2.0915398597717285,
    2.0146143436431885,
    1.974650502204895,
    2.0111279487609863,
    2.126786947250366,
    1.9047279357910156,
    1.918556809425354,
    2.1049644947052,
    1.842785120010376,
    2.016756296157837,
    1.987459659576416,
    1.7092655897140503,
    2.206347942352295,
    2.0365753173828125,
    1.8820788860321045
  ],
  "loss": [
    54.40447998046875,
    47.23183822631836,
    52.002384185791016,
    43.202064514160156,
    41.44868469238281,
    39.18102264404297,
    44.09158706665039,
    41.43845748901367,
    35.21037673950195,
    37.30101776123047,
    48.037147521972656,
    35.93153762817383,
    35.02621841430664,
    33.53790283203125,
    35.40704345703125,
    33.7449951171875,
    35.9864501953125,
    38.975955963134766,
    26.088748931884766,
    35.848487854003906,
    38.304115295410156,
    29.86140251159668,
    34.98461151123047,
    38.972007751464844,
    33.82056427001953,
    36.86067581176758,
    28.49025535583496,
    31.983360290527344,
    29.202299118041992,
    32.72282791137695,
    32.122032165527344,
    30.90266227722168,
    30.844932556152344,
    28.09181022644043,
    37.465885162353516,
    35.49007034301758,
    27.341053009033203,
    33.74186706542969,
    27.564069747924805,
    32.68760681152344,
    27.67900276184082,
    32.36143112182617,
    37.35849380493164
  ],