{
  "apparent_age_avg_loss": [
    53.25945281982422,
    53.70790481567383,
    36.25750732421875,
    35.53812026977539,
    39.26642990112305,
    38.95069122314453,
    32.59607696533203,
    21.777679443359375,
    24.252534866333008,
    32.08689880371094,
    25.725440979003906,
    33.36559295654297,
    21.65875244140625,
    25.228118896484375,
    21.61762237548828,
    22.94112777709961,
    27.133798599243164,
    28.18361473083496,
    37.794158935546875,
    40.465126037597656,
    36.11280059814453,
    48.494598388671875,
    32.795955657958984,
    25.911895751953125,
    39.624725341796875,
    29.85338592529297
  ],
  "apparent_age_avg_mean_absolute_error": [
    5.623561859130859,
    5.513794898986816,
    4.924051284790039,
    4.62757682800293,
    5.208932876586914,
    4.945512771606445,
    4.726571559906006,
    3.767059326171875,
    3.9783432483673096,
    4.552726745605469,
    3.945998430252075,
    4.878727436065674,
    3.660616874694824,
    4.012493133544922,
    3.7370409965515137,
    3.861140251159668,
    4.2208051681518555,
    4.0240912437438965,
    4.609899520874023,
    4.949995040893555,
    4.595644474029541,
    5.014843463897705,
    4.413312911987305,
    3.973379373550415,
    4.637615203857422,
    4.10426139831543
  ],
  "apparent_age_avg_mean_squared_error": [
    53.25945281982422,
    53.70790481567383,
    36.25750732421875,
    35.53812026977539,
    39.26642990112305,
    38.95069122314453,
    32.59607696533203,
    21.777679443359375,
    24.252534866333008,
    32.08689880371094,
    25.725440979003906,
    33.36559295654297,
    21.65875244140625,
    25.228118896484375,
    21.61762237548828,
    22.94112777709961,
    27.133798599243164,
    28.18361473083496,
    37.794158935546875,
    40.465126037597656,
    36.11280059814453,
    48.494598388671875,
    32.795955657958984,
    25.911895751953125,
    39.624725341796875,
    29.85338592529297
  ],
  "apparent_age_std_loss": [
    14.644899368286133,
    13.655780792236328,
    14.307206153869629,
    16.189355850219727,
    13.438661575317383,
    14.895061492919922,
    14.112457275390625,
    15.38940143585205,
    13.142322540283203,
    15.3309326171875,
    15.054523468017578,
    14.191100120544434,
    12.488720893859863,
    14.336396217346191,
    14.553445816040039,
    13.942483901977539,
    12.796174049377441,
    14.323142051696777,
    14.586515426635742,
    13.804594993591309,
    13.58488941192627,
    13.762049674987793,
    13.373608589172363,
    13.217964172363281,
    13.62136459350586,
    13.387689590454102
  ],
  "apparent_age_std_mean_absolute_error": [
    3.44511079788208,
    3.2253146171569824,
    3.3439979553222656,
    3.6027517318725586,
    3.1796395778656006,
    3.4535536766052246,
    3.295788288116455,
    3.4923691749572754,
    3.1954360008239746,
    3.470430850982666,
    3.446542739868164,
    3.349727153778076,
    3.0794949531555176,
    3.405400037765503,
    3.3827319145202637,
    3.3388898372650146,
    3.113133192062378,
    3.3682641983032227,
    3.305485725402832,
    3.2852275371551514,
    3.2686705589294434,
    3.2806334495544434,
    3.2182745933532715,
    3.1846096515655518,
    3.2811107635498047,
    3.1991066932678223
  ],
  "apparent_age_std_mean_squared_error": [
    14.644899368286133,
    13.655780792236328,
    14.307206153869629,
    16.189355850219727,
    13.438661575317383,
    14.895061492919922,
    14.112457275390625,
    15.38940143585205,
    13.142322540283203,
    15.3309326171875,
    15.054523468017578,
    14.191100120544434,
    12.488720893859863,
    14.336396217346191,
    14.553445816040039,
    13.942483901977539,
    12.796174049377441,
    14.323142051696777,
    14.586515426635742,
    13.804594993591309,
    13.58488941192627,
    13.762049674987793,
    13.373608589172363,
    13.217964172363281,
    13.62136459350586,
    13.387689590454102
  ],
  "loss": [
    67.90435791015625,
    67.36368560791016,
    50.56471633911133,
    51.72747802734375,
    52.70509338378906,
    53.84575271606445,
    46.708534240722656,
    37.16707992553711,
    37.394859313964844,
    47.41783142089844,
    40.779964447021484,
    47.55669403076172,
    34.1474723815918,
    39.56451416015625,
    36.17106628417969,
    36.88361358642578,
    39.92997360229492,
    42.50675582885742,
    52.380672454833984,
    54.269718170166016,
    49.69769287109375,
    62.25664520263672,
    46.16956329345703,
    39.129859924316406,
    53.246089935302734,
    43.24107360839844
  ],
  "val_apparent_age_avg_loss": [
    270.51885986328125,
    324.75640869140625,
    299.49346923828125,
    215.2001953125,
    246.2696533203125,
    273.84124755859375,
    312.53643798828125,
    279.2811279296875,
    244.1856689453125,
    202.04656982421875,
    232.68081665039062,
    214.8411102294922,
    289.92840576171875,
    252.7279052734375,
    267.7781677246094,
    189.01126098632812,
    220.13294982910156,
    293.4722900390625,
    201.02139282226562,
    242.56423950195312,
    252.5198516845703,
    242.37619018554688,
    305.5706481933594,
    219.06459045410156,
    213.36050415039062,
    227.8343505859375
  ],
  "val_apparent_age_avg_mean_absolute_error": [
    12.78756332397461,
    13.129075050354004,
    12.812320709228516,
    11.598154067993164,
    11.291659355163574,
    12.124706268310547,
    12.803199768066406,
    12.448875427246094,
    12.122443199157715,
    11.030641555786133,
    11.054945945739746,
    10.783940315246582,
    12.034696578979492,
    11.898746490478516,
    12.159978866577148,
    10.126787185668945,
    10.711419105529785,
    12.487133026123047,
    10.630775451660156,
    11.378044128417969,
    12.226988792419434,
    11.058492660522461,
    13.011979103088379,
    11.854978561401367,
    11.441034317016602,
    11.326602935791016
  ],
  "val_apparent_age_avg_mean_squared_error": [
    270.51885986328125,
    324.75640869140625,
    299.49346923828125,
    215.2001953125,
    246.2696533203125,
    273.84124755859375,
    312.53643798828125,
    279.2811279296875,
    244.1856689453125,
    202.04656982421875,
    232.68081665039062,
    214.8411102294922,
    289.92840576171875,
    252.7279052734375,
    267.7781677246094,
    189.01126098632812,
    220.13294982910156,
    293.4722900390625,
    201.02139282226562,
    242.56423950195312,
    252.5198516845703,
    242.37619018554688,
    305.5706481933594,
    219.06459045410156,
    213.36050415039062,
    227.8343505859375
  ],
  "val_apparent_age_std_loss": [
    10.935914039611816,
    11.097639083862305,
    10.679468154907227,
    10.76357364654541,
    10.521720886230469,
    11.092327117919922,
    10.297831535339355,
    10.351749420166016,
    11.017017364501953,
    10.310205459594727,
    10.131497383117676,
    11.516862869262695,
    10.90150260925293,
    10.156839370727539,
    10.435321807861328,
    10.191478729248047,
    10.236658096313477,
    10.435986518859863,
    11.205286026000977,
    10.30681037902832,
    10.94429874420166,
    9.910284996032715,
    10.053823471069336,
    10.154911041259766,
    10.685046195983887,
    9.187278747558594
  ],
  "val_apparent_age_std_mean_absolute_error": [
    2.7929773330688477,
    2.858597755432129,
    2.786710262298584,
    2.803136110305786,
    2.7557179927825928,
    2.783720016479492,
    2.6980605125427246,
    2.7141547203063965,
    2.8151869773864746,
    2.7444539070129395,
    2.7135815620422363,
    2.9047939777374268,
    2.851719379425049,
    2.686599016189575,
    2.709362745285034,
    2.6837198734283447,
    2.7092533111572266,
    2.684091091156006,
    2.826382637023926,
    2.696406364440918,
    2.73926043510437,
    2.593719244003296,
    2.6202163696289062,
    2.647780179977417,
    2.6873974800109863,
    2.4811065196990967
  ],