{
  "apparent_age_avg_loss": [
    685.7432250976562,
    164.77174377441406,
    119.860595703125,
    106.23140716552734,
    92.04017639160156,
    88.6959457397461,
    93.38665771484375,
    83.9576187133789
  ],
  "apparent_age_avg_mean_absolute_error": [
    21.715208053588867,
    9.964120864868164,
    8.399599075317383,
    7.867074489593506,
    7.2578959465026855,
    7.39286994934082,
    7.495124340057373,
    7.002163887023926
  ],
  "apparent_age_std_loss": [
    0.0,
    0.0,
    0.0,
    0.0,
    0.0,
    0.0,
    0.0,
    0.0
  ],
  "loss": [
    685.7432250976562,
    164.77174377441406,
    119.860595703125,
    106.23140716552734,
    92.04017639160156,
    88.6959457397461,
    93.38665771484375,
    83.9576187133789
  ],
  "val_apparent_age_avg_loss": [
    225.0597686767578,
    146.05360412597656,
    130.57215881347656,
    143.84352111816406,
    135.31700134277344,
    140.84893798828125,
    134.16941833496094,
    136.56663513183594
  ],
  "val_apparent_age_avg_mean_absolute_error": [
    11.252680778503418,
    9.345442771911621,
    8.86119556427002,
    9.305180549621582,
    9.086685180664062,
    8.940582275390625,
    8.97109317779541,
    9.239962577819824
  ],
  "val_apparent_age_std_loss": [
    0.0,
    0.0,
    0.0,
    0.0,
    0.0,
    0.0,
    0.0,
    0.0
  ],
  "val_loss": [
    225.0597686767578,
    146.05360412597656,
    130.57215881347656,
    143.84352111816406,
    135.31700134277344,
    140.84893798828125,
    134.16941833496094,
    136.56663513183594
  ]
}