{
  "apparent_age_avg_loss": [
    40.10111999511719,
    32.99224853515625,
    32.219608306884766,
    26.755220413208008,
    31.725582122802734,
    25.98978042602539,
    32.18708419799805,
    21.91219139099121,
    25.37682342529297,
    29.37675666809082,
    31.38554573059082,
    25.232637405395508,
    24.327320098876953,
    23.315202713012695,
    25.72637939453125,
    21.503875732421875,
    27.56268310546875
  ],
  "apparent_age_avg_mean_absolute_error": [
    4.825247764587402,
    4.561584949493408,
    4.380465507507324,
    4.109707355499268,
    4.309199333190918,
    3.9556403160095215,
    4.462549209594727,
    3.717078685760498,
    4.049351215362549,
    4.224321365356445,
    4.402449607849121,
    3.7846338748931885,
    3.8217122554779053,
    3.7640976905822754,
    4.00604248046875,
    3.661189079284668,
    4.087987422943115
  ],
  "apparent_age_avg_mean_squared_error": [
    40.10111999511719,
    32.99224853515625,
    32.219608306884766,
    26.755220413208008,
    31.725582122802734,
    25.98978042602539,
    32.18708419799805,
    21.91219139099121,
    25.37682342529297,
    29.37675666809082,
    31.38554573059082,
    25.232637405395508,
    24.327320098876953,
    23.315202713012695,
    25.72637939453125,
    21.503875732421875,
    27.56268310546875
  ],
  "apparent_age_std_loss": [
    2.0586581230163574,
    1.9927071332931519,
    2.0075035095214844,
    1.8576289415359497,
    2.116935968399048,
    1.9133753776550293,
    1.9421035051345825,
    1.907813310623169,
    1.7442551851272583,
    1.8897639513015747,
    1.7408547401428223,
    2.0823183059692383,
    1.7475416660308838,
    2.043914556503296,
    1.6993982791900635,
    1.9311671257019043,
    1.8893146514892578
  ],
  "apparent_age_std_mean_absolute_error": [
    1.1202119588851929,
    1.0835226774215698,
    1.0895004272460938,
    1.0163828134536743,
    1.0958728790283203,
    1.065476894378662,
    1.0489203929901123,
    1.0553075075149536,
    1.02587890625,
    1.0545177459716797,
    1.0096169710159302,
    1.093773365020752,
    1.0051017999649048,
    1.1029263734817505,
    0.9962272644042969,
    1.0535624027252197,
    1.042323350906372
  ],
  "apparent_age_std_mean_squared_error": [
    2.0586581230163574,
    1.9927071332931519,
    2.0075035095214844,
    1.8576289415359497,
    2.116935968399048,
    1.9133753776550293,
    1.9421035051345825,
    1.907813310623169,
    1.7442551851272583,
    1.8897639513015747,
    1.7408547401428223,
    2.0823183059692383,
    1.7475416660308838,
    2.043914556503296,
    1.6993982791900635,
    1.9311671257019043,
    1.8893146514892578
  ],
  "loss": [
    42.26449203491211,
    35.089664459228516,
    34.33181381225586,
    28.717533111572266,
    33.94718933105469,
    28.007814407348633,
    34.23384094238281,
    23.924644470214844,
    27.2257080078125,
    31.371135711669922,
    33.23100662231445,
    27.41954803466797,
    26.179445266723633,
    25.463687896728516,
    27.530336380004883,
    23.539588928222656,
    29.55653190612793
  ],
  "val_apparent_age_avg_loss": [
    122.693603515625,
    119.9711685180664,
    127.8744125366211,
    109.99443054199219,
    111.41789245605469,
    118.09625244140625,
    100.02882385253906,
    100.223876953125,
    133.07302856445312,
    122.0972900390625,
    103.0569076538086,
    124.0663833618164,
    121.1408462524414,
    116.5855941772461,
    113.71662902832031,
    128.67391967773438,
    109.50413513183594
  ],
  "val_apparent_age_avg_mean_absolute_error": [
    8.424463272094727,
    8.287571907043457,
    8.6637601852417,
    8.54292106628418,
    8.393180847167969,
    8.448614120483398,
    7.974217414855957,
    7.852705955505371,
    8.749368667602539,
    8.561227798461914,
    7.866757869720459,
    8.842119216918945,
    8.717080116271973,
    8.325322151184082,
    8.288354873657227,
    9.061422348022461,
    8.19935417175293
  ],
  "val_apparent_age_avg_mean_squared_error": [
    122.693603515625,
    119.9711685180664,
    127.8744125366211,
    109.99443054199219,
    111.41789245605469,
    118.09625244140625,
    100.02882385253906,
    100.223876953125,
    133.07302856445312,
    122.0972900390625,
    103.0569076538086,
    124.0663833618164,
    121.1408462524414,
    116.5855941772461,
    113.71662902832031,
    128.67391967773438,
    109.50413513183594
  ],
  "val_apparent_age_std_loss": [
    3.0002810955047607,
    3.0313756465911865,
    3.2671656608581543,
    3.144169569015503,
    3.288388729095459,
    3.3157668113708496,
    3.06915020942688,
    3.1328132152557373,
    3.1025967597961426,
    2.9211742877960205,
    3.3750953674316406,
    3.2059102058410645,
    3.3328025341033936,
    2.8253591060638428,
    3.142902374267578,
    3.2740273475646973,
    3.0380139350891113
  ],
  "val_apparent_age_std_mean_absolute_error": [
    1.3897422552108765,
    1.3410942554473877,
    1.4200150966644287,
    1.4226558208465576,
    1.399517297744751,
    1.4154177904129028,
    1.4119250774383545,
    1.3753207921981812,
    1.4224094152450562,
    1.3704267740249634,
    1.4721378087997437,
    1.4110877513885498,
    1.5141539573669434,
    1.284024953842163,
    1.430237054824829,
    1.4687564373016357,
    1.3991695642471313
  ],
  "val_apparent_age_std_mean_squared_error": [
    3.0002810955047607,
    3.0313756465911865,
    3.2671656608581543,
    3.144169569015503,
    3.288388729095459,
    3.3157668113708496,
    3.06915020942688,
    3.1328132152557373,
    3.1025967597961426,
    2.9211742877960205,
    3.3750953674316406,
    3.2059102058410645,
    3.3328025341033936,
    2.8253591060638428,
    3.142902374267578,
    3.2740273475646973,
    3.0380139350891113
  ],
  "val_loss": [
    125.798583984375,
    123.10723876953125,
    131.24627685546875,
    113.24327087402344,
    114.8109359741211,
    121.51667785644531,
    103.20262145996094,
    103.4613265991211,
    136.2802276611328,
    125.1230697631836,
    106.5365982055664,
    127.37686920166016,
    124.5782241821289,
    119.5155258178711,
    116.96407318115234,
    132.05250549316406,
    112.64668273925781
  ]
}