{
  "apparent_age_avg_loss": [
    28.16343879699707,
    24.416872024536133,
    24.948528289794922,
    23.79616355895996,
    20.350061416625977,
    21.483644485473633,
    21.27461814880371,
    22.45200538635254,
    23.302753448486328,
    20.630706787109375,
    20.193571090698242,
    19.548494338989258,
    19.47779083251953,
    19.534221649169922,
    22.072744369506836,
    18.22304344177246,
    18.87904930114746,
    19.958354949951172,
    17.584096908569336,
    18.180103302001953,
    18.802640914916992,
    18.451309204101562,
    17.63427734375,
    20.927610397338867,
    16.01975440979004,
    20.951231002807617,
    18.498498916625977,
    19.02864646911621,
    18.25701904296875
  ],
  "apparent_age_avg_mean_absolute_error": [
    4.062009334564209,
    3.75937819480896,
    3.8212497234344482,
    3.811328411102295,
    3.5197677612304688,
    3.6252002716064453,
    3.565925121307373,
    3.6627073287963867,
    3.6928579807281494,
    3.574948310852051,
    3.5180017948150635,
    3.412689685821533,
    3.3946163654327393,
    3.455005168914795,
    3.6544864177703857,
    3.3236889839172363,
    3.339167833328247,
    3.442326068878174,
    3.236506223678589,
    3.304344415664673,
    3.381223678588867,
    3.367389440536499,
    3.2921249866485596,
    3.495767593383789,
    3.112307071685791,
    3.545234203338623,
    3.3733041286468506,
    3.3724803924560547,
    3.291262149810791
  ],
  "apparent_age_avg_mean_squared_error": [
    28.16343879699707,
    24.416872024536133,
    24.948528289794922,
    23.79616355895996,
    20.350061416625977,
    21.483644485473633,
    21.27461814880371,
    22.45200538635254,
    23.302753448486328,
    20.630706787109375,
    20.193571090698242,
    19.548494338989258,
    19.47779083251953,
    19.534221649169922,
    22.072744369506836,
    18.22304344177246,
    18.87904930114746,
    19.958354949951172,
    17.584096908569336,
    18.180103302001953,
    18.802640914916992,
    18.451309204101562,
    17.63427734375,
    20.927610397338867,
    16.01975440979004,
    20.951231002807617,
    18.498498916625977,
    19.02864646911621,
    18.25701904296875
  ],
  "apparent_age_std_loss": [
    1.649967074394226,
    1.5760550498962402,
    1.5875197649002075,
    1.542177677154541,
    1.5765489339828491,
    1.527047872543335,
    1.5703541040420532,
    1.510558843612671,
    1.5603582859039307,
    1.563031792640686,
    1.559608817100525,
    1.4474135637283325,
    1.5420687198638916,
    1.5566550493240356,
    1.4720573425292969,
    1.5366421937942505,
    1.4399091005325317,
    1.5067286491394043,
    1.4997587203979492,
    1.5600115060806274,
    1.4284522533416748,
    1.499744176864624,
    1.4664008617401123,
    1.5511410236358643,
    1.4803435802459717,
    1.4373188018798828,
    1.4764193296432495,
    1.480188250541687,
    1.4844919443130493
  ],
  "apparent_age_std_mean_absolute_error": [
    0.9628406167030334,
    0.9376541376113892,
    0.9541469216346741,
    0.9385027885437012,
    0.9481896162033081,
    0.9303008317947388,
    0.9451675415039062,
    0.9378520846366882,
    0.9392191171646118,
    0.9409443140029907,
    0.9426844716072083,
    0.914426326751709,
    0.9304161667823792,
    0.938581109046936,
    0.9302850961685181,
    0.929602324962616,
    0.9061840772628784,
    0.9213852286338806,
    0.9231747388839722,
    0.9407914280891418,
    0.9157403111457825,
    0.9097539782524109,
    0.9131109118461609,
    0.9333035349845886,
    0.9261860847473145,
    0.9075658321380615,
    0.9115304946899414,
    0.9238255620002747,
    0.9227885007858276
  ],
  "apparent_age_std_mean_squared_error": [
    1.649967074394226,
    1.5760550498962402,
    1.5875197649002075,
    1.542177677154541,
    1.5765489339828491,
    1.527047872543335,
    1.5703541040420532,
    1.510558843612671,
    1.5603582859039307,
    1.563031792640686,
    1.559608817100525,
    1.4474135637283325,
    1.5420687198638916,
    1.5566550493240356,
    1.4720573425292969,
    1.5366421937942505,
    1.4399091005325317,
    1.5067286491394043,
    1.4997587203979492,
    1.5600115060806274,
    1.4284522533416748,
    1.499744176864624,
    1.4664008617401123,
    1.5511410236358643,
    1.4803435802459717,
    1.4373188018798828,
    1.4764193296432495,
    1.480188250541687,
    1.4844919443130493
  ],
  "loss": [
    29.921899795532227,
    26.101375579833984,
    26.644439697265625,
    25.44668960571289,
    22.034915924072266,
    23.118953704833984,
    22.953189849853516,
    24.07073402404785,
    24.971235275268555,
    22.301828384399414,
    21.861236572265625,
    21.10392951965332,
    21.127840042114258,
    21.198829650878906,
    23.65272331237793,
    19.86756706237793,
    20.42681121826172,
    21.572908401489258,
    19.1916446685791,
    19.847869873046875,
    20.338825225830078,
    20.058757781982422,
    19.20835304260254,
    22.58640480041504,
    17.60772132873535,
    22.496137619018555,
    20.082487106323242,
    20.616374969482422,
    19.849035263061523
  ],
  "val_apparent_age_avg_loss": [
    90.31685638427734,
    91.2660903930664,
    90.05054473876953,
    87.24737548828125,
    90.35425567626953,
    86.03948974609375,
    88.51009368896484,
    87.73119354248047,
    91.60690307617188,
    89.7537841796875,
    86.02227020263672,
    86.24560546875,
    87.18460845947266,
    87.26268768310547,
    88.9151840209961,
    90.01424407958984,
    87.12352752685547,
    87.3108139038086,
    79.16869354248047,
    87.16427612304688,
    85.98168182373047,
    84.731201171875,
    83.45941162109375,
    89.38236236572266,
    82.09949493408203,
    87.82992553710938,
    85.6357421875,
    83.7168197631836,
    83.08838653564453
  ],
  "val_apparent_age_avg_mean_absolute_error": [
    6.977529525756836,
    6.868400573730469,
    6.9604315757751465,
    6.795740604400635,
    7.017040252685547,
    6.929040431976318,
    6.828858852386475,
    6.821495532989502,
    6.973175048828125,
    6.95634126663208,
    6.910772323608398,
    6.9861063957214355,
    6.884183883666992,
    6.837975025177002,
    7.006690502166748,
    6.92498254776001,
    6.8767876625061035,
    6.958664417266846,
    6.536617755889893,
    6.992722988128662,
    6.946542739868164,
    6.849934101104736,
    6.79513692855835,
    6.936550140380859,
    6.690815448760986,
    6.9633331298828125,
    6.730339050292969,
    6.652381896972656,
    6.7851881980896
  ],
  "val_apparent_age_avg_mean_squared_error": [
    90.31685638427734,
    91.2660903930664,
    90.05054473876953,
    87.24737548828125,
    90.35425567626953,
    86.03948974609375,
    88.51009368896484,
    87.73119354248047,
    91.60690307617188,
    89.7537841796875,
    86.02227020263672,
    86.24560546875,
    87.18460845947266,
    87.26268768310547,
    88.9151840209961,
    90.01424407958984,
    87.12352752685547,
    87.3108139038086,
    79.16869354248047,
    87.16427612304688,
    85.98168182373047,
    84.731201171875,
    83.45941162109375,
    89.38236236572266,
    82.09949493408203,
    87.82992553710938,
    85.6357421875,
    83.7168197631836,
    83.08838653564453
  ],
  "val_apparent_age_std_loss": [
    2.5352420806884766,
    2.4711437225341797,
    2.517791986465454,
    2.412936210632324,
    2.577671766281128,
    2.458336114883423,
    2.436635732650757,
    2.4074745178222656,
    2.5057218074798584,
    2.49580979347229,
    2.4356987476348877,
    2.4413223266601562,
    2.4734890460968018,
    2.5194835662841797,
    2.5847666263580322,
    2.4099714756011963,
    2.3968796730041504,
    2.5049448013305664,
    2.3443000316619873,
    2.5204646587371826,
    2.531442880630493,
    2.4222404956817627,
    2.4253039360046387,
    2.368741750717163,
    2.3359248638153076,
    2.470766544342041,
    2.3914096355438232,
    2.412971019744873,
    2.3590235710144043
  ],