{
  "apparent_age_avg_loss": [
    1038.978271484375,
    682.1043701171875,
    466.9685974121094,
    262.1852722167969,
    126.89681243896484,
    57.674007415771484,
    57.460166931152344,
    51.24290084838867,
    51.3161506652832,
    39.665061950683594,
    44.693546295166016,
    26.43588638305664,
    29.535953521728516,
    29.570877075195312,
    24.849931716918945,
    33.89451217651367,
    31.80189323425293,
    30.896953582763672,
    31.696382522583008,
    33.419944763183594,
    42.02996826171875
  ],
  "apparent_age_avg_mean_absolute_error": [
    28.477975845336914,
    23.203781127929688,
    17.95834732055664,
    13.415430068969727,
    8.90278434753418,
    6.124022483825684,
    5.812140464782715,
    5.621427059173584,
    5.621934413909912,
    5.023661136627197,
    5.20065975189209,
    4.081580638885498,
    4.118686676025391,
    4.2019171714782715,
    3.8691093921661377,
    4.399975776672363,
    4.475423336029053,
    4.345043659210205,
    4.390807628631592,
    4.395167827606201,
    4.920470237731934
  ],
  "apparent_age_std_loss": [
    0.0,
    0.0,
    0.0,
    0.0,
    0.0,
    0.0,
    0.0,
    0.0,
    0.0,
    0.0,
    0.0,
    0.0,
    0.0,
    0.0,
    0.0,
    0.0,
    0.0,
    0.0,
    0.0,
    0.0,
    0.0
  ],
  "loss": [
    1039.080810546875,
    682.2070922851562,
    467.0716857910156,
    262.28863525390625,
    127.00050354003906,
    57.778018951416016,
    57.564430236816406,
    51.347389221191406,
    51.42083740234375,
    39.76993942260742,
    44.798580169677734,
    26.541025161743164,
    29.64114761352539,
    29.676076889038086,
    24.95510482788086,
    33.999656677246094,
    31.907012939453125,
    31.0020809173584,
    31.801523208618164,
    33.52511215209961,
    42.135189056396484
  ],
  "val_apparent_age_avg_loss": [
    944.4988403320312,
    653.41162109375,
    425.8271484375,
    248.8733673095703,
    232.68994140625,
    209.47642517089844,
    172.25477600097656,
    165.3070526123047,
    166.60121154785156,
    187.2963104248047,
    157.26419067382812,
    161.231689453125,
    165.4060516357422,
    190.26947021484375,
    206.3898162841797,
    156.70436096191406,
    171.29736328125,
    184.26499938964844,
    182.9846649169922,
    175.46958923339844,
    162.8123779296875
  ],
  "val_apparent_age_avg_mean_absolute_error": [
    26.420068740844727,
    21.508466720581055,
    16.619577407836914,
    12.352383613586426,
    11.882231712341309,
    11.566925048828125,
    10.612210273742676,
    10.058597564697266,
    10.190629005432129,
    10.963322639465332,
    9.517983436584473,
    9.719261169433594,
    10.295952796936035,
    10.369412422180176,
    10.887641906738281,
    9.508556365966797,
    10.029176712036133,
    10.412734985351562,
    9.947295188903809,
    9.893841743469238,
    9.603922843933105
  ],
  "val_apparent_age_std_loss": [
    0.0,
    0.0,
    0.0,
    0.0,
    0.0,
    0.0,
    0.0,
    0.0,
    0.0,
    0.0,
    0.0,
    0.0,
    0.0,
    0.0,
    0.0,
    0.0,
    0.0,
    0.0,
    0.0,
    0.0,
    0.0
  ],
  "val_loss": [
    944.6013793945312,
    653.5145263671875,
    425.9303894042969,
    248.9768829345703,
    232.7938232421875,
    209.58058166503906,
    172.3591766357422,
    165.41163635253906,
    166.7060089111328,
    187.4012451171875,
    157.36929321289062,
    161.33688354492188,
    165.5112762451172,
    190.3746795654297,
    206.4949493408203,
    156.8094940185547,
    171.4025115966797,
    184.3701171875,
    183.0897979736328,
    175.57476806640625,
    162.91763305664062
  ]
}