{
  "apparent_age_avg_loss": [
    34.05329895019531,
    33.07780838012695,
    28.57488250732422,
    30.076847076416016,
    28.541728973388672,
    28.385377883911133,
    25.3310604095459,
    24.242891311645508,
    27.182355880737305,
    24.710922241210938,
    25.760929107666016,
    23.999147415161133,
    27.01876449584961,
    21.13395881652832,
    22.858219146728516,
    24.91228675842285,
    23.65016746520996,
    21.565610885620117,
    21.26091194152832,
    20.946823120117188,
    23.13938331604004,
    20.313936233520508
  ],
  "apparent_age_avg_mean_absolute_error": [
    4.479629993438721,
    4.427002429962158,
    4.142673969268799,
    4.267006874084473,
    4.082446098327637,
    4.133889198303223,
    3.906358242034912,
    3.8630571365356445,
    4.014721870422363,
    3.83144474029541,
    3.934793710708618,
    3.8472530841827393,
    3.9585468769073486,
    3.6013150215148926,
    3.7473630905151367,
    3.92010498046875,
    3.7269482612609863,
    3.640962839126587,
    3.6187641620635986,
    3.5631051063537598,
    3.6645734310150146,
    3.4919066429138184
  ],
  "apparent_age_avg_mean_squared_error": [
    34.05329895019531,
    33.07780838012695,
    28.57488250732422,
    30.076847076416016,
    28.541728973388672,
    28.385377883911133,
    25.3310604095459,
    24.242891311645508,
    27.182355880737305,
    24.710922241210938,
    25.760929107666016,
    23.999147415161133,
    27.01876449584961,
    21.13395881652832,
    22.858219146728516,
    24.91228675842285,
    23.65016746520996,
    21.565610885620117,
    21.26091194152832,
    20.946823120117188,
    23.13938331604004,
    20.313936233520508
  ],
  "apparent_age_std_loss": [
    1.826086401939392,
    1.8769373893737793,
    1.7497258186340332,
    1.7493324279785156,
    1.7854937314987183,
    1.7852671146392822,
    1.743852138519287,
    1.7383240461349487,
    1.742614984512329,
    1.7868618965148926,
    1.7291916608810425,
    1.7142959833145142,
    1.7527207136154175,
    1.633224606513977,
    1.7342993021011353,
    1.715836524963379,
    1.6062355041503906,
    1.6324341297149658,
    1.6912956237792969,
    1.7113115787506104,
    1.6530834436416626,
    1.675397515296936
  ],
  "apparent_age_std_mean_absolute_error": [
    1.029030203819275,
    1.0412312746047974,
    1.0008214712142944,
    1.0121240615844727,
    1.0099709033966064,
    1.0001879930496216,
    1.0046122074127197,
    1.0002166032791138,
    1.0032047033309937,
    0.9958559274673462,
    0.9893101453781128,
    0.9800424575805664,
    0.9826642274856567,
    0.982896089553833,
    0.9782687425613403,
    0.983900249004364,
    0.969489574432373,
    0.9593520760536194,
    0.9862138032913208,
    0.9744561314582825,
    0.9809818863868713,
    0.96905916929245
  ],
  "apparent_age_std_mean_squared_error": [
    1.826086401939392,
    1.8769373893737793,
    1.7497258186340332,
    1.7493324279785156,
    1.7854937314987183,
    1.7852671146392822,
    1.743852138519287,
    1.7383240461349487,
    1.742614984512329,
    1.7868618965148926,
    1.7291916608810425,
    1.7142959833145142,
    1.7527207136154175,
    1.633224606513977,
    1.7342993021011353,
    1.715836524963379,
    1.6062355041503906,
    1.6324341297149658,
    1.6912956237792969,
    1.7113115787506104,
    1.6530834436416626,
    1.675397515296936
  ],
  "loss": [
    35.989200592041016,
    35.06452941894531,
    30.43435287475586,
    31.935884475708008,
    30.4368839263916,
    30.28028106689453,
    27.18450927734375,
    26.090774536132812,
    29.034494400024414,
    26.607276916503906,
    27.599592208862305,
    25.8228816986084,
    28.880891799926758,
    22.876554489135742,
    24.70186996459961,
    26.737442016601562,
    25.365697860717773,
    23.307313919067383,
    23.061447143554688,
    22.76734733581543,
    24.901662826538086,
    22.098501205444336
  ],
  "val_apparent_age_avg_loss": [
    95.08004760742188,
    96.17675018310547,
    96.4197006225586,
    91.14495849609375,
    94.0550765991211,
    96.94671630859375,
    89.7152099609375,
    91.2884292602539,
    94.56319427490234,
    95.78372192382812,
    91.97451782226562,
    85.45963287353516,
    91.43923950195312,
    92.45028686523438,
    90.07791900634766,
    89.4041976928711,
    86.64679718017578,
    88.10822296142578,
    89.33013916015625,
    87.22013092041016,
    86.79334259033203,
    90.7463607788086
  ],
  "val_apparent_age_avg_mean_absolute_error": [
    7.1632537841796875,
    7.268253326416016,
    7.293342113494873,
    7.158274173736572,
    7.243300914764404,
    7.441233158111572,
    6.9679856300354,
    7.127099514007568,
    7.220787525177002,
    7.314502716064453,
    7.105058670043945,
    6.9478607177734375,
    7.1145806312561035,
    7.169280529022217,
    7.096584796905518,
    7.014631271362305,
    6.8445305824279785,
    6.876306056976318,
    7.084021091461182,
    6.932243347167969,
    7.01399040222168,
    7.0727152824401855
  ],
  "val_apparent_age_avg_mean_squared_error": [
    95.08004760742188,
    96.17675018310547,
    96.4197006225586,
    91.14495849609375,
    94.0550765991211,
    96.94671630859375,
    89.7152099609375,
    91.2884292602539,
    94.56319427490234,
    95.78372192382812,
    91.97451782226562,
    85.45963287353516,
    91.43923950195312,
    92.45028686523438,
    90.07791900634766,
    89.4041976928711,
    86.64679718017578,
    88.10822296142578,
    89.33013916015625,
    87.22013092041016,
    86.79334259033203,
    90.7463607788086
  ],
  "val_apparent_age_std_loss": [
    2.618197202682495,
    2.573028326034546,
    2.6332242488861084,
    2.5930073261260986,
    2.642510175704956,
    2.6372263431549072,
    2.5021958351135254,
    2.6507866382598877,
    2.5578441619873047,
    2.665081739425659,
    2.5152642726898193,
    2.650003671646118,
    2.618715524673462,
    2.615588426589966,
    2.5747475624084473,
    2.610438108444214,
    2.5117533206939697,
    2.4954748153686523,
    2.5071325302124023,
    2.5980191230773926,
    2.5268213748931885,
    2.529252767562866
  ],
  "val_apparent_age_std_mean_absolute_error": [
    1.244065284729004,
    1.233324408531189,
    1.255753993988037,
    1.2574235200881958,
    1.2598499059677124,
    1.2632384300231934,
    1.2285267114639282,
    1.2394460439682007,
    1.2291570901870728,
    1.267565131187439,
    1.233748435974121,
    1.271457552909851,
    1.246735692024231,
    1.2394651174545288,
    1.2392933368682861,
    1.2493001222610474,
    1.2341225147247314,
    1.2053430080413818,
    1.237866759300232,
    1.2575689554214478,
    1.2385978698730469,
    1.235176920890808
  ],
  "val_apparent_age_std_mean_squared_error": [
    2.618197202682495,
    2.573028326034546,
    2.6332242488861084,
    2.5930073261260986,
    2.642510175704956,
    2.6372263431549072,
    2.5021958351135254,
    2.6507866382598877,
    2.5578441619873047,
    2.665081739425659,
    2.5152642726898193,
    2.650003671646118,
    2.618715524673462,
    2.615588426589966,
    2.5747475624084473,
    2.610438108444214,
    2.5117533206939697,
    2.4954748153686523,
    2.5071325302124023,
    2.5980191230773926,
    2.5268213748931885,
    2.529252767562866
  ],
  "val_loss": [
    97.80805206298828,
    98.8595199584961,
    99.16263580322266,
    93.84765625,
    96.8072509765625,
    99.69356536865234,
    92.32698822021484,
    94.04875946044922,
    97.23056030273438,
    98.55828094482422,
    94.5992431640625,
    88.21906280517578,
    94.16732788085938,
    95.17525482177734,
    92.76201629638672,
    92.12393951416016,
    89.2678451538086,
    90.71295166015625,
    91.94649505615234,
    89.9273452758789,
    89.4293441772461,
    93.384765625
  ]
}