{
  "apparent_age_avg_loss": [
    30.361135482788086,
    31.34429931640625,
    25.829587936401367,
    27.464488983154297,
    27.54806900024414,
    32.68368148803711,
    26.451589584350586,
    25.120319366455078,
    31.44051742553711,
    26.06589126586914,
    26.645721435546875,
    22.861141204833984,
    23.278121948242188,
    29.462175369262695,
    23.980749130249023,
    23.52886962890625,
    21.477415084838867,
    31.568952560424805,
    23.210643768310547,
    27.38176155090332,
    19.80891990661621,
    22.735868453979492,
    19.578502655029297,
    20.73914909362793,
    20.803953170776367,
    18.135473251342773,
    19.688961029052734,
    20.905115127563477,
    16.643571853637695,
    22.48038101196289,
    28.096017837524414,
    22.872060775756836,
    21.27250099182129,
    21.0063533782959,
    19.15794563293457,
    23.511518478393555,
    18.299301147460938,
    32.46570587158203,
    19.687650680541992,
    21.530841827392578
  ],
  "apparent_age_avg_mean_absolute_error": [
    4.2540388107299805,
    4.277958393096924,
    3.9848556518554688,
    4.091163158416748,
    4.036437034606934,
    4.345904350280762,
    3.876107931137085,
    3.9348106384277344,
    4.377068519592285,
    3.820894479751587,
    3.8250694274902344,
    3.5207583904266357,
    3.680140256881714,
    4.170983791351318,
    3.7018964290618896,
    3.7125914096832275,
    3.4877734184265137,
    4.334874153137207,
    3.6979215145111084,
    3.833141326904297,
    3.4451353549957275,
    3.583116054534912,
    3.4672584533691406,
    3.5040435791015625,
    3.534642457962036,
    3.3364665508270264,
    3.5752720832824707,
    3.3260421752929688,
    3.196748733520508,
    3.7317540645599365,
    4.0378804206848145,
    3.6331355571746826,
    3.5940377712249756,
    3.5776302814483643,
    3.4193241596221924,
    3.6103386878967285,
    3.3643062114715576,
    4.378139495849609,
    3.3741018772125244,
    3.5292627811431885
  ],
  "apparent_age_avg_mean_squared_error": [
    30.361135482788086,
    31.34429931640625,
    25.829587936401367,
    27.464488983154297,
    27.54806900024414,
    32.68368148803711,
    26.451589584350586,
    25.120319366455078,
    31.44051742553711,
    26.06589126586914,
    26.645721435546875,
    22.861141204833984,
    23.278121948242188,
    29.462175369262695,
    23.980749130249023,
    23.52886962890625,
    21.477415084838867,
    31.568952560424805,
    23.210643768310547,
    27.38176155090332,
    19.80891990661621,
    22.735868453979492,
    19.578502655029297,
    20.73914909362793,
    20.803953170776367,
    18.135473251342773,
    19.688961029052734,
    20.905115127563477,
    16.643571853637695,
    22.48038101196289,
    28.096017837524414,
    22.872060775756836,
    21.27250099182129,
    21.0063533782959,
    19.15794563293457,
    23.511518478393555,
    18.299301147460938,
    32.46570587158203,
    19.687650680541992,
    21.530841827392578
  ],
  "apparent_age_std_loss": [
    2.3140978813171387,
    2.1485538482666016,
    2.4023022651672363,
    2.004695177078247,
    2.2274582386016846,
    2.1339669227600098,
    1.703705072402954,
    2.3394663333892822,
    2.2668581008911133,
    1.9105101823806763,
    1.9108892679214478,
    2.1156463623046875,
    2.144139051437378,
    1.9588364362716675,
    2.09055757522583,
    1.8094911575317383,
    2.0578436851501465,
    2.0109760761260986,
    1.9500337839126587,
    2.1354401111602783,
    1.8292216062545776,
    1.8620351552963257,
    1.7932616472244263,
    2.2517290115356445,
    1.7812188863754272,
    2.1035070419311523,
    1.8609799146652222,
    1.9271471500396729,
    1.730473518371582,
    1.8552006483078003,
    2.5066637992858887,
    2.103644847869873,
    1.7671059370040894,
    1.6335068941116333,
    1.6525392532348633,
    1.8996714353561401,
    1.7899948358535767,
    1.660685658454895,
    1.7008575201034546,
    1.838436245918274
  ],
  "apparent_age_std_mean_absolute_error": [
    1.1659785509109497,
    1.0896803140640259,
    1.1681636571884155,
    1.1225475072860718,
    1.064019799232483,
    1.101133942604065,
    1.0318971872329712,
    1.1717647314071655,
    1.1012572050094604,
    1.0529611110687256,
    1.0611917972564697,
    1.096455454826355,
    1.1220821142196655,
    1.0696674585342407,
    1.0547298192977905,
    1.0197757482528687,
    1.11822509765625,
    1.0278526544570923,
    1.0687109231948853,
    1.0413187742233276,
    1.0447078943252563,
    1.0355242490768433,
    1.001626968383789,
    1.1191085577011108,
    0.9903510212898254,
    1.0706422328948975,
    1.0363221168518066,
    1.0610238313674927,
    0.9876199960708618,
    1.0328768491744995,
    1.1598559617996216,
    1.0705245733261108,
    1.0243110656738281,
    0.9537057876586914,
    0.9985054731369019,
    1.0342085361480713,
    1.0335583686828613,
    0.9526961445808411,
    1.0160348415374756,
    1.0317927598953247
  ],
  "apparent_age_std_mean_squared_error": [
    2.3140978813171387,
    2.1485538482666016,
    2.4023022651672363,
    2.004695177078247,
    2.2274582386016846,
    2.1339669227600098,
    1.703705072402954,
    2.3394663333892822,
    2.2668581008911133,
    1.9105101823806763,
    1.9108892679214478,
    2.1156463623046875,
    2.144139051437378,
    1.9588364362716675,
    2.09055757522583,
    1.8094911575317383,
    2.0578436851501465,
    2.0109760761260986,
    1.9500337839126587,
    2.1354401111602783,
    1.8292216062545776,
    1.8620351552963257,
    1.7932616472244263,
    2.2517290115356445,
    1.7812188863754272,
    2.1035070419311523,
    1.8609799146652222,
    1.9271471500396729,
    1.730473518371582,
    1.8552006483078003,
    2.5066637992858887,
    2.103644847869873,
    1.7671059370040894,
    1.6335068941116333,
    1.6525392532348633,
    1.8996714353561401,
    1.7899948358535767,
    1.660685658454895,
    1.7008575201034546,
    1.838436245918274
  ],
  "loss": [
    32.77998733520508,
    33.59759521484375,
    28.336633682250977,
    29.573917388916016,
    29.880258560180664,
    34.9223747253418,
    28.260009765625,
    27.564502716064453,
    33.81208419799805,
    28.081106185913086,
    28.661306381225586,
    25.081478118896484,
    25.526947021484375,
    31.525693893432617,
    26.175983428955078,
    25.443029403686523,
    23.639925003051758,
    33.68458938598633,
    25.265329360961914,
    29.62185287475586,
    21.74278450012207,
    24.70254135131836,
    21.476394653320312,
    23.095502853393555,
    22.689790725708008,
    20.343597412109375,
    21.6545467376709,
    22.93686294555664,
    18.478641510009766,
    24.440174102783203,
    30.70726203918457,
    25.080286026000977,
    23.144182205200195,
    22.744428634643555,
    20.915048599243164,
    25.5157470703125,
    20.193849563598633,
    34.23093795776367,
    21.4930477142334,
    23.473814010620117
  ],
  "val_apparent_age_avg_loss": [
    162.35247802734375,
    158.92340087890625,
    172.0562286376953,
    156.42672729492188,
    156.91441345214844,
    162.49673461914062,
    154.3522491455078,
    153.7190399169922,
    157.46762084960938,
    160.9573211669922,
    167.57191467285156,
    150.12327575683594,
    158.48545837402344,
    167.36207580566406,
    148.51414489746094,
    165.06236267089844,
    152.73843383789062,
    184.38621520996094,
    168.2899169921875,
    153.7450408935547,
    163.66639709472656,
    147.86114501953125,
    141.89144897460938,
    162.02491760253906,
    150.98536682128906,
    156.3356170654297,
    157.00733947753906,
    163.6985626220703,
    167.3382568359375,
    134.1532745361328,
    167.8836669921875,
    172.8206024169922,
    174.96495056152344,
    141.68968200683594,
    144.52413940429688,
    149.72962951660156,
    157.50502014160156,
    153.1999969482422,
    154.0330810546875,
    158.6041717529297
  ],