{
  "apparent_age_avg_loss": [
    17.793142318725586,
    16.75749397277832,
    15.527301788330078,
    15.2066068649292,
    15.00521469116211,
    14.528738021850586,
    13.64414119720459,
    13.138199806213379,
    12.746275901794434,
    13.922216415405273,
    13.27485179901123,
    12.907791137695312,
    12.856432914733887,
    12.34028148651123,
    12.243378639221191,
    12.152396202087402,
    12.049567222595215,
    12.039006233215332,
    12.398133277893066,
    11.980541229248047,
    11.840255737304688,
    12.925040245056152,
    12.546733856201172,
    12.66649341583252
  ],
  "apparent_age_avg_mean_absolute_error": [
    3.213017225265503,
    3.149200439453125,
    3.0246119499206543,
    2.9995927810668945,
    2.9756410121917725,
    2.9307475090026855,
    2.88120174407959,
    2.789525032043457,
    2.7708492279052734,
    2.8763270378112793,
    2.8032686710357666,
    2.773967981338501,
    2.770181894302368,
    2.722304344177246,
    2.7287678718566895,
    2.6999528408050537,
    2.6848857402801514,
    2.6469268798828125,
    2.7251343727111816,
    2.6721787452697754,
    2.6655540466308594,
    2.769376516342163,
    2.7449166774749756,
    2.7399630546569824
  ],
  "apparent_age_avg_mean_squared_error": [
    17.793142318725586,
    16.75749397277832,
    15.527301788330078,
    15.2066068649292,
    15.00521469116211,
    14.528738021850586,
    13.64414119720459,
    13.138199806213379,
    12.746275901794434,
    13.922216415405273,
    13.27485179901123,
    12.907791137695312,
    12.856432914733887,
    12.34028148651123,
    12.243378639221191,
    12.152396202087402,
    12.049567222595215,
    12.039006233215332,
    12.398133277893066,
    11.980541229248047,
    11.840255737304688,
    12.925040245056152,
    12.546733856201172,
    12.66649341583252
  ],
  "apparent_age_std_loss": [
    1.4349684715270996,
    1.3622114658355713,
    1.3377351760864258,
    1.3728176355361938,
    1.3368481397628784,
    1.3172563314437866,
    1.3080310821533203,
    1.308627724647522,
    1.3367233276367188,
    1.3147284984588623,
    1.2780817747116089,
    1.350670576095581,
    1.3284416198730469,
    1.3012535572052002,
    1.2903653383255005,
    1.3086819648742676,
    1.3066661357879639,
    1.2910032272338867,
    1.2956414222717285,
    1.2978341579437256,
    1.3187294006347656,
    1.321894884109497,
    1.2794259786605835,
    1.284290075302124
  ],
  "apparent_age_std_mean_absolute_error": [
    0.9043287038803101,
    0.8875436186790466,
    0.876821756362915,
    0.8880138397216797,
    0.8748117089271545,
    0.8638699650764465,
    0.8630144000053406,
    0.8601508736610413,
    0.8709905743598938,
    0.8674334287643433,
    0.8570159077644348,
    0.8719733953475952,
    0.8627393841743469,
    0.8632199764251709,
    0.8578613996505737,
    0.8637237548828125,
    0.8600972890853882,
    0.8550204038619995,
    0.8598198890686035,
    0.8691545724868774,
    0.8675289154052734,
    0.8698371052742004,
    0.8544716835021973,
    0.8506850600242615
  ],
  "apparent_age_std_mean_squared_error": [
    1.4349684715270996,
    1.3622114658355713,
    1.3377351760864258,
    1.3728176355361938,
    1.3368481397628784,
    1.3172563314437866,
    1.3080310821533203,
    1.308627724647522,
    1.3367233276367188,
    1.3147284984588623,
    1.2780817747116089,
    1.350670576095581,
    1.3284416198730469,
    1.3012535572052002,
    1.2903653383255005,
    1.3086819648742676,
    1.3066661357879639,
    1.2910032272338867,
    1.2956414222717285,
    1.2978341579437256,
    1.3187294006347656,
    1.321894884109497,
    1.2794259786605835,
    1.284290075302124
  ],
  "loss": [
    19.40389060974121,
    18.29545783996582,
    17.040775299072266,
    16.75514030456543,
    16.51775550842285,
    16.021665573120117,
    15.127809524536133,
    14.622445106506348,
    14.258590698242188,
    15.412522315979004,
    14.728487014770508,
    14.43399715423584,
    14.360381126403809,
    13.817021369934082,
    13.709210395812988,
    13.636520385742188,
    13.531652450561523,
    13.50540828704834,
    13.869158744812012,
    13.453725814819336,
    13.334306716918945,
    14.422231674194336,
    14.00144100189209,
    14.1260404586792
  ],
  "val_apparent_age_avg_loss": [
    75.37085723876953,
    72.7447509765625,
    71.30424499511719,
    68.5383071899414,
    71.83577728271484,
    74.41819763183594,
    72.70275115966797,
    73.3678970336914,
    70.56270599365234,
    70.68006134033203,
    71.96998596191406,
    69.14903259277344,
    67.54803466796875,
    66.15359497070312,
    68.29194641113281,
    68.26423645019531,
    69.29817962646484,
    68.21131896972656,
    67.8851547241211,
    68.23614501953125,
    68.59512329101562,
    68.24104309082031,
    68.56745147705078,
    67.84162139892578
  ],
  "val_apparent_age_avg_mean_absolute_error": [
    6.375368595123291,
    6.28003454208374,
    6.18499231338501,
    6.1449174880981445,
    6.183140754699707,
    6.354780673980713,
    6.202396392822266,
    6.17354679107666,
    6.130235195159912,
    6.119139194488525,
    6.135302543640137,
    6.061071395874023,
    6.093161582946777,
    5.993273735046387,
    6.001736164093018,
    6.057644367218018,
    6.110853672027588,
    5.993741512298584,
    6.071465492248535,
    5.990158557891846,
    6.0342698097229,
    6.052680492401123,
    6.092687606811523,
    6.025006294250488
  ],
  "val_apparent_age_avg_mean_squared_error": [
    75.37085723876953,
    72.7447509765625,
    71.30424499511719,
    68.5383071899414,
    71.83577728271484,
    74.41819763183594,
    72.70275115966797,
    73.3678970336914,
    70.56270599365234,
    70.68006134033203,
    71.96998596191406,
    69.14903259277344,
    67.54803466796875,
    66.15359497070312,
    68.29194641113281,
    68.26423645019531,
    69.29817962646484,
    68.21131896972656,
    67.8851547241211,
    68.23614501953125,
    68.59512329101562,
    68.24104309082031,
    68.56745147705078,
    67.84162139892578
  ],
  "val_apparent_age_std_loss": [
    2.2377126216888428,
    2.232393741607666,
    2.254857301712036,
    2.2132067680358887,
    2.16080641746521,
    2.2871971130371094,
    2.258236885070801,
    2.2066540718078613,
    2.2505786418914795,
    2.2454349994659424,
    2.2598819732666016,
    2.203125238418579,
    2.1898133754730225,
    2.179816961288452,
    2.247927188873291,
    2.2200279235839844,
    2.158125162124634,
    2.1593997478485107,
    2.2252097129821777,
    2.204636812210083,
    2.2249584197998047,
    2.1468467712402344,
    2.2049078941345215,
    2.198969841003418
  ],
  "val_apparent_age_std_mean_absolute_error": [
    1.1150000095367432,
    1.1136324405670166,
    1.112564206123352,
    1.1025749444961548,
    1.083867073059082,
    1.120370626449585,
    1.1198995113372803,
    1.0978893041610718,
    1.1075992584228516,
    1.1075758934020996,
    1.1155873537063599,
    1.093002438545227,
    1.099666714668274,
    1.0982328653335571,
    1.116051197052002,
    1.1037075519561768,
    1.1012701988220215,
    1.0878950357437134,
    1.098928689956665,
    1.0995144844055176,
    1.1045944690704346,
    1.0906111001968384,
    1.1067264080047607,
    1.1076115369796753
  ],
  "val_apparent_age_std_mean_squared_error": [
    2.2377126216888428,
    2.232393741607666,
    2.254857301712036,
    2.2132067680358887,
    2.16080641746521,
    2.2871971130371094,
    2.258236885070801,
    2.2066540718078613,
    2.2505786418914795,
    2.2454349994659424,
    2.2598819732666016,
    2.203125238418579,
    2.1898133754730225,
    2.179816961288452,
    2.247927188873291,
    2.2200279235839844,
    2.158125162124634,
    2.1593997478485107,
    2.2252097129821777,
    2.204636812210083,
    2.2249584197998047,
    2.1468467712402344,
    2.2049078941345215,
    2.198969841003418
  ],