{
  "apparent_age_avg_loss": [
    79.93110656738281,
    52.08099365234375,
    48.70015335083008,
    42.258060455322266,
    39.20814895629883,
    35.040184020996094,
    32.98434829711914,
    32.262542724609375,
    32.10248947143555,
    28.78799057006836,
    27.149831771850586,
    29.097505569458008,
    28.810997009277344,
    27.101232528686523,
    25.9105281829834,
    25.699764251708984,
    26.151296615600586,
    24.473297119140625,
    25.66017723083496,
    21.633451461791992,
    24.04632568359375,
    21.77310562133789,
    22.65379524230957,
    22.233280181884766,
    21.227388381958008,
    21.72149085998535,
    22.900293350219727,
    20.47416114807129,
    21.656999588012695
  ],
  "apparent_age_avg_mean_absolute_error": [
    6.814446926116943,
    5.525627136230469,
    5.38737678527832,
    5.0032548904418945,
    4.824898719787598,
    4.558755397796631,
    4.4932050704956055,
    4.419362545013428,
    4.382501602172852,
    4.167043209075928,
    4.028635025024414,
    4.197840213775635,
    4.1158766746521,
    3.9984207153320312,
    3.9382107257843018,
    3.9192137718200684,
    3.9825901985168457,
    3.8199098110198975,
    3.9002318382263184,
    3.6246347427368164,
    3.754774570465088,
    3.578789472579956,
    3.6565029621124268,
    3.6073355674743652,
    3.5988502502441406,
    3.634474277496338,
    3.6706767082214355,
    3.4734859466552734,
    3.6254143714904785
  ],
  "apparent_age_avg_mean_squared_error": [
    79.93110656738281,
    52.08099365234375,
    48.70015335083008,
    42.258060455322266,
    39.20814895629883,
    35.040184020996094,
    32.98434829711914,
    32.262542724609375,
    32.10248947143555,
    28.78799057006836,
    27.149831771850586,
    29.097505569458008,
    28.810997009277344,
    27.101232528686523,
    25.9105281829834,
    25.699764251708984,
    26.151296615600586,
    24.473297119140625,
    25.66017723083496,
    21.633451461791992,
    24.04632568359375,
    21.77310562133789,
    22.65379524230957,
    22.233280181884766,
    21.227388381958008,
    21.72149085998535,
    22.900293350219727,
    20.47416114807129,
    21.656999588012695
  ],
  "apparent_age_std_loss": [
    5.028963565826416,
    2.4507899284362793,
    2.2904043197631836,
    2.1935324668884277,
    2.0765628814697266,
    2.031383514404297,
    1.9094057083129883,
    1.9046955108642578,
    1.8682032823562622,
    1.7982916831970215,
    1.8120412826538086,
    1.7838391065597534,
    1.8156036138534546,
    1.6687922477722168,
    1.693981647491455,
    1.7322447299957275,
    1.6808698177337646,
    1.611780047416687,
    1.643161416053772,
    1.56266188621521,
    1.5843708515167236,
    1.5524381399154663,
    1.5951379537582397,
    1.610635757446289,
    1.5900450944900513,
    1.5322803258895874,
    1.5267693996429443,
    1.5606226921081543,
    1.504196286201477
  ],
  "apparent_age_std_mean_absolute_error": [
    1.7093851566314697,
    1.1984912157058716,
    1.1518999338150024,
    1.126276969909668,
    1.099302887916565,
    1.0717633962631226,
    1.0456241369247437,
    1.0398337841033936,
    1.0285018682479858,
    1.009941577911377,
    1.0257869958877563,
    1.0046131610870361,
    1.020101547241211,
    0.9821658730506897,
    0.9800697565078735,
    0.9887634515762329,
    0.986437201499939,
    0.9592413902282715,
    0.9650446176528931,
    0.9418162703514099,
    0.952066957950592,
    0.9445918798446655,
    0.9532365202903748,
    0.959231972694397,
    0.9483540058135986,
    0.9387689232826233,
    0.9311730861663818,
    0.9425550699234009,
    0.9299119114875793
  ],
  "apparent_age_std_mean_squared_error": [
    5.028963565826416,
    2.4507899284362793,
    2.2904043197631836,
    2.1935324668884277,
    2.0765628814697266,
    2.031383514404297,
    1.9094057083129883,
    1.9046955108642578,
    1.8682032823562622,
    1.7982916831970215,
    1.8120412826538086,
    1.7838391065597534,
    1.8156036138534546,
    1.6687922477722168,
    1.693981647491455,
    1.7322447299957275,
    1.6808698177337646,
    1.611780047416687,
    1.643161416053772,
    1.56266188621521,
    1.5843708515167236,
    1.5524381399154663,
    1.5951379537582397,
    1.610635757446289,
    1.5900450944900513,
    1.5322803258895874,
    1.5267693996429443,
    1.5606226921081543,
    1.504196286201477
  ],
  "loss": [
    85.11774444580078,
    54.68948745727539,
    51.14807891845703,
    44.60898208618164,
    41.441898345947266,
    37.228580474853516,
    35.05049133300781,
    34.32377624511719,
    34.12702560424805,
    30.74247932434082,
    29.11785125732422,
    31.037092208862305,
    30.782146453857422,
    28.92546844482422,
    27.759775161743164,
    27.58707046508789,
    27.98704719543457,
    26.23980712890625,
    27.457944869995117,
    23.35057258605957,
    25.78495979309082,
    23.47962760925293,
    24.40283966064453,
    23.99770736694336,
    22.971086502075195,
    23.407291412353516,
    24.580419540405273,
    22.188018798828125,
    23.314273834228516
  ],
  "val_apparent_age_avg_loss": [
    103.59117889404297,
    105.71255493164062,
    101.29788208007812,
    104.07727813720703,
    98.07723999023438,
    100.39530944824219,
    92.04425811767578,
    98.90250396728516,
    98.61495971679688,
    90.00077056884766,
    90.35298156738281,
    85.05111694335938,
    90.36050415039062,
    88.80180358886719,
    87.20599365234375,
    82.50249481201172,
    79.7732925415039,
    87.52831268310547,
    86.21299743652344,
    86.53434753417969,
    84.12797546386719,
    79.58242797851562,
    82.05046081542969,
    82.1648178100586,
    81.38854217529297,
    83.09709930419922,
    83.68083190917969,
    85.27847290039062,
    83.38003540039062
  ],
  "val_apparent_age_avg_mean_absolute_error": [
    7.661214828491211,
    7.673803329467773,
    7.412771224975586,
    7.503940105438232,
    7.449164390563965,
    7.447800636291504,
    7.100573539733887,
    7.415996074676514,
    7.360528945922852,
    7.119679927825928,
    7.059458255767822,
    6.937971591949463,
    7.084629058837891,
    6.961598873138428,
    7.001423358917236,
    6.739486217498779,
    6.597972393035889,
    6.962411403656006,
    6.902133941650391,
    6.786502838134766,
    6.8180460929870605,
    6.710371971130371,
    6.664392471313477,
    6.817843437194824,
    6.665221691131592,
    6.722755432128906,
    6.816250801086426,
    6.747354507446289,
    6.625341415405273
  ],
  "val_apparent_age_avg_mean_squared_error": [
    103.59117889404297,
    105.71255493164062,
    101.29788208007812,
    104.07727813720703,
    98.07723999023438,
    100.39530944824219,
    92.04425811767578,
    98.90250396728516,
    98.61495971679688,
    90.00077056884766,
    90.35298156738281,
    85.05111694335938,
    90.36050415039062,
    88.80180358886719,
    87.20599365234375,
    82.50249481201172,
    79.7732925415039,
    87.52831268310547,
    86.21299743652344,
    86.53434753417969,
    84.12797546386719,
    79.58242797851562,
    82.05046081542969,
    82.1648178100586,
    81.38854217529297,
    83.09709930419922,
    83.68083190917969,
    85.27847290039062,
    83.38003540039062
  ],
  "val_apparent_age_std_loss": [
    3.2685582637786865,
    2.891533374786377,
    2.6871490478515625,
    2.8468494415283203,
    2.594876289367676,
    2.6411073207855225,
    2.5134220123291016,
    2.660796880722046,
    2.5812995433807373,
    2.5641751289367676,
    2.4349820613861084,
    2.384566307067871,
    2.594945192337036,
    2.3273329734802246,
    2.4402191638946533,
    2.3970212936401367,
    2.304399013519287,
    2.4022889137268066,
    2.3785362243652344,
    2.31615948677063,
    2.2632312774658203,
    2.288299083709717,
    2.3732540607452393,
    2.405442237854004,
    2.3842756748199463,
    2.346839189529419,
    2.363054037094116,
    2.406576156616211,
    2.362584352493286
  ],