{
  "apparent_age_avg_loss": [
    72.43033599853516,
    52.86573791503906,
    41.53460693359375,
    40.17900085449219,
    31.007091522216797,
    30.297521591186523,
    31.533336639404297,
    31.287506103515625,
    29.145498275756836,
    30.547048568725586,
    29.56718635559082,
    25.21942138671875,
    21.43321990966797,
    28.227338790893555,
    24.794782638549805,
    24.860477447509766,
    23.663759231567383,
    22.255765914916992,
    24.479013442993164,
    19.772537231445312,
    24.06410026550293,
    28.70500946044922,
    27.183034896850586,
    23.476369857788086,
    25.277803421020508,
    21.841373443603516
  ],
  "apparent_age_avg_mean_absolute_error": [
    6.517298698425293,
    5.733426094055176,
    5.020925521850586,
    4.910217761993408,
    4.306149005889893,
    4.295915603637695,
    4.359437465667725,
    4.367260932922363,
    4.18038272857666,
    4.259603500366211,
    4.279665946960449,
    3.844996213912964,
    3.5275402069091797,
    4.144396781921387,
    3.8618404865264893,
    3.882596969604492,
    3.764206886291504,
    3.6101253032684326,
    3.7413206100463867,
    3.525042772293091,
    3.731847047805786,
    4.0063581466674805,
    4.043925762176514,
    3.7567250728607178,
    3.864435911178589,
    3.6013343334198
  ],
  "apparent_age_avg_mean_squared_error": [
    72.43033599853516,
    52.86573791503906,
    41.53460693359375,
    40.17900085449219,
    31.007091522216797,
    30.297521591186523,
    31.533336639404297,
    31.287506103515625,
    29.145498275756836,
    30.547048568725586,
    29.56718635559082,
    25.21942138671875,
    21.43321990966797,
    28.227338790893555,
    24.794782638549805,
    24.860477447509766,
    23.663759231567383,
    22.255765914916992,
    24.479013442993164,
    19.772537231445312,
    24.06410026550293,
    28.70500946044922,
    27.183034896850586,
    23.476369857788086,
    25.277803421020508,
    21.841373443603516
  ],
  "apparent_age_std_loss": [
    9.663333892822266,
    2.653404951095581,
    2.5006589889526367,
    2.354497194290161,
    2.2642643451690674,
    2.178957939147949,
    2.1925418376922607,
    1.9853307008743286,
    1.9860426187515259,
    1.8808434009552002,
    2.1411147117614746,
    1.7820849418640137,
    1.8144997358322144,
    1.7223442792892456,
    1.897721290588379,
    1.7045561075210571,
    1.8698421716690063,
    1.756023645401001,
    1.7335199117660522,
    1.6690900325775146,
    1.6030610799789429,
    1.7760913372039795,
    1.682468295097351,
    1.5566056966781616,
    1.6558042764663696,
    1.70955491065979
  ],
  "apparent_age_std_mean_absolute_error": [
    2.5437772274017334,
    1.2206834554672241,
    1.196007251739502,
    1.144894003868103,
    1.1435366868972778,
    1.096448540687561,
    1.0823363065719604,
    1.0559130907058716,
    1.060924768447876,
    1.055613398551941,
    1.1035208702087402,
    1.0181691646575928,
    0.9972226619720459,
    0.9971158504486084,
    1.0413590669631958,
    0.9794167280197144,
    1.0098292827606201,
    1.0073293447494507,
    0.9923549890518188,
    0.9745180606842041,
    0.9396249651908875,
    0.9985955953598022,
    0.9738235473632812,
    0.9301803708076477,
    0.9821040034294128,
    0.9759548306465149
  ],
  "apparent_age_std_mean_squared_error": [
    9.663333892822266,
    2.653404951095581,
    2.5006589889526367,
    2.354497194290161,
    2.2642643451690674,
    2.178957939147949,
    2.1925418376922607,
    1.9853307008743286,
    1.9860426187515259,
    1.8808434009552002,
    2.1411147117614746,
    1.7820849418640137,
    1.8144997358322144,
    1.7223442792892456,
    1.897721290588379,
    1.7045561075210571,
    1.8698421716690063,
    1.756023645401001,
    1.7335199117660522,
    1.6690900325775146,
    1.6030610799789429,
    1.7760913372039795,
    1.682468295097351,
    1.5566056966781616,
    1.6558042764663696,
    1.70955491065979
  ],
  "loss": [
    82.20988464355469,
    55.6353645324707,
    44.15143966674805,
    42.649627685546875,
    33.387428283691406,
    32.59248352050781,
    33.841800689697266,
    33.38865280151367,
    31.247314453125,
    32.54359817504883,
    31.823930740356445,
    27.1170597076416,
    23.363201141357422,
    30.065093994140625,
    26.80785369873047,
    26.680320739746094,
    25.648815155029297,
    24.126943588256836,
    26.3276309967041,
    21.556655883789062,
    25.782102584838867,
    30.59598159790039,
    28.980335235595703,
    25.147762298583984,
    27.048351287841797,
    23.665624618530273
  ],
  "val_apparent_age_avg_loss": [
    116.59799194335938,
    110.91617584228516,
    111.2992172241211,
    111.04894256591797,
    102.7657241821289,
    104.89493560791016,
    99.44268798828125,
    107.0802993774414,
    103.20382690429688,
    108.54378509521484,
    106.76956939697266,
    100.1732406616211,
    99.51703643798828,
    100.84710693359375,
    95.0713882446289,
    102.83209991455078,
    95.12506103515625,
    94.54178619384766,
    90.64827728271484,
    94.81015014648438,
    98.53402709960938,
    93.43411254882812,
    92.8781509399414,
    91.98221588134766,
    95.3470230102539,
    93.5035400390625
  ],
  "val_apparent_age_avg_mean_absolute_error": [
    8.39037036895752,
    8.019686698913574,
    8.215128898620605,
    8.131755828857422,
    7.712103366851807,
    7.970822811126709,
    7.6591410636901855,
    7.906117916107178,
    7.849071502685547,
    8.088077545166016,
    7.905967712402344,
    7.308866024017334,
    7.477718830108643,
    7.42357873916626,
    7.487060546875,
    7.783310413360596,
    7.508586406707764,
    7.533436298370361,
    7.35714864730835,
    7.573381423950195,
    7.843616485595703,
    7.357915878295898,
    7.461137294769287,
    7.455198287963867,
    7.5024027824401855,
    7.5409064292907715
  ],
  "val_apparent_age_avg_mean_squared_error": [
    116.59799194335938,
    110.91617584228516,
    111.2992172241211,
    111.04894256591797,
    102.7657241821289,
    104.89493560791016,
    99.44268798828125,
    107.0802993774414,
    103.20382690429688,
    108.54378509521484,
    106.76956939697266,
    100.1732406616211,
    99.51703643798828,
    100.84710693359375,
    95.0713882446289,
    102.83209991455078,
    95.12506103515625,
    94.54178619384766,
    90.64827728271484,
    94.81015014648438,
    98.53402709960938,
    93.43411254882812,
    92.8781509399414,
    91.98221588134766,
    95.3470230102539,
    93.5035400390625
  ],
  "val_apparent_age_std_loss": [
    3.9498226642608643,
    3.3222687244415283,
    2.8393757343292236,
    2.989875078201294,
    2.83563232421875,
    3.1047890186309814,
    2.8114607334136963,
    2.6901633739471436,
    2.782925844192505,
    2.8209495544433594,
    2.739518404006958,
    2.8481178283691406,
    2.3756935596466064,
    2.727755546569824,
    2.4240562915802,
    2.7916088104248047,
    2.782611131668091,
    2.5684573650360107,
    2.5060126781463623,
    2.5937864780426025,
    2.876450777053833,
    2.685943603515625,
    2.820664644241333,
    2.5704219341278076,
    2.8044750690460205,
    2.557698965072632
  ],
  "val_apparent_age_std_mean_absolute_error": [
    1.4799871444702148,
    1.409185767173767,
    1.3073691129684448,
    1.3417097330093384,
    1.3073474168777466,
    1.36753511428833,
    1.2966828346252441,
    1.2615875005722046,
    1.2985948324203491,
    1.3111075162887573,
    1.2883576154708862,
    1.2855747938156128,
    1.1764849424362183,
    1.239824891090393,
    1.192610740661621,
    1.2842904329299927,
    1.3107492923736572,
    1.221070647239685,
    1.2398240566253662,
    1.2427469491958618,
    1.326468586921692,
    1.255345344543457,
    1.295366883277893,
    1.2580829858779907,
    1.264672875404358,
    1.2174283266067505
  ],