{
  "apparent_age_avg_loss": [
    25.24354362487793,
    22.61635971069336,
    22.789323806762695,
    21.00226402282715,
    18.940664291381836,
    21.928239822387695,
    20.66904640197754,
    21.220897674560547,
    19.565982818603516,
    20.031652450561523,
    17.86709976196289,
    19.653059005737305,
    19.63092803955078,
    18.173240661621094,
    17.77674102783203,
    18.264083862304688,
    18.62100601196289,
    17.126909255981445,
    17.983131408691406,
    18.599626541137695,
    17.552284240722656,
    18.157072067260742,
    16.49918556213379,
    16.30731964111328,
    17.159934997558594,
    17.100507736206055,
    17.53458595275879,
    17.384445190429688,
    16.737409591674805,
    16.355995178222656,
    16.743013381958008,
    17.05352210998535,
    17.693952560424805
  ],
  "apparent_age_avg_mean_absolute_error": [
    3.898979902267456,
    3.683021068572998,
    3.675306797027588,
    3.536482334136963,
    3.3758792877197266,
    3.6132125854492188,
    3.5657248497009277,
    3.5390563011169434,
    3.3941612243652344,
    3.470644950866699,
    3.293921947479248,
    3.419910192489624,
    3.4377658367156982,
    3.297752857208252,
    3.2680041790008545,
    3.32159161567688,
    3.3337488174438477,
    3.186983346939087,
    3.2831525802612305,
    3.3235549926757812,
    3.2517731189727783,
    3.2992260456085205,
    3.1619954109191895,
    3.1417627334594727,
    3.1992383003234863,
    3.208280563354492,
    3.2495579719543457,
    3.1988861560821533,
    3.173219919204712,
    3.106760025024414,
    3.1606850624084473,
    3.148923635482788,
    3.2547688484191895
  ],
  "apparent_age_avg_mean_squared_error": [
    25.24354362487793,
    22.61635971069336,
    22.789323806762695,
    21.00226402282715,
    18.940664291381836,
    21.928239822387695,
    20.66904640197754,
    21.220897674560547,
    19.565982818603516,
    20.031652450561523,
    17.86709976196289,
    19.653059005737305,
    19.63092803955078,
    18.173240661621094,
    17.77674102783203,
    18.264083862304688,
    18.62100601196289,
    17.126909255981445,
    17.983131408691406,
    18.599626541137695,
    17.552284240722656,
    18.157072067260742,
    16.49918556213379,
    16.30731964111328,
    17.159934997558594,
    17.100507736206055,
    17.53458595275879,
    17.384445190429688,
    16.737409591674805,
    16.355995178222656,
    16.743013381958008,
    17.05352210998535,
    17.693952560424805
  ],
  "apparent_age_std_loss": [
    1.691178798675537,
    1.637703537940979,
    1.5667351484298706,
    1.612906575202942,
    1.572757363319397,
    1.610654354095459,
    1.5809941291809082,
    1.5909208059310913,
    1.5751146078109741,
    1.5528507232666016,
    1.489310622215271,
    1.5946019887924194,
    1.5559002161026,
    1.5217427015304565,
    1.5182124376296997,
    1.5487688779830933,
    1.6208412647247314,
    1.4921939373016357,
    1.5317647457122803,
    1.5097085237503052,
    1.5185729265213013,
    1.494573712348938,
    1.5321707725524902,
    1.5038328170776367,
    1.4950664043426514,
    1.5362286567687988,
    1.5073726177215576,
    1.4903160333633423,
    1.4726725816726685,
    1.493759274482727,
    1.4756094217300415,
    1.5480453968048096,
    1.4581496715545654
  ],
  "apparent_age_std_mean_absolute_error": [
    0.9846470355987549,
    0.9615815877914429,
    0.9425882697105408,
    0.9495241641998291,
    0.9432221055030823,
    0.9480624794960022,
    0.942523181438446,
    0.9556670188903809,
    0.9432809352874756,
    0.9370607733726501,
    0.9272376894950867,
    0.9446398615837097,
    0.9370086789131165,
    0.937842071056366,
    0.9219838380813599,
    0.9309806227684021,
    0.9378090500831604,
    0.9166176319122314,
    0.9389692544937134,
    0.9250274300575256,
    0.9336190223693848,
    0.9237250089645386,
    0.9166540503501892,
    0.9215486645698547,
    0.923180341720581,
    0.9369191527366638,
    0.923302412033081,
    0.919430673122406,
    0.9123652577400208,
    0.9199298024177551,
    0.9147383570671082,
    0.9216342568397522,
    0.9069693088531494
  ],
  "apparent_age_std_mean_squared_error": [
    1.691178798675537,
    1.637703537940979,
    1.5667351484298706,
    1.612906575202942,
    1.572757363319397,
    1.610654354095459,
    1.5809941291809082,
    1.5909208059310913,
    1.5751146078109741,
    1.5528507232666016,
    1.489310622215271,
    1.5946019887924194,
    1.5559002161026,
    1.5217427015304565,
    1.5182124376296997,
    1.5487688779830933,
    1.6208412647247314,
    1.4921939373016357,
    1.5317647457122803,
    1.5097085237503052,
    1.5185729265213013,
    1.494573712348938,
    1.5321707725524902,
    1.5038328170776367,
    1.4950664043426514,
    1.5362286567687988,
    1.5073726177215576,
    1.4903160333633423,
    1.4726725816726685,
    1.493759274482727,
    1.4756094217300415,
    1.5480453968048096,
    1.4581496715545654
  ],
  "loss": [
    27.08871078491211,
    24.40801239013672,
    24.509981155395508,
    22.769075393676758,
    20.66729736328125,
    23.692747116088867,
    22.40386962890625,
    22.96562385559082,
    21.294879913330078,
    21.738256454467773,
    19.510147094726562,
    21.401365280151367,
    21.340513229370117,
    19.848642349243164,
    19.448598861694336,
    19.966466903686523,
    20.395448684692383,
    18.772674560546875,
    19.668439865112305,
    20.262855529785156,
    19.224367141723633,
    19.805130004882812,
    18.1848201751709,
    17.96458625793457,
    18.80841827392578,
    18.790119171142578,
    19.195322036743164,
    19.02809715270996,
    18.363393783569336,
    18.003042221069336,
    18.37188720703125,
    18.754817962646484,
    19.30533218383789
  ],
  "val_apparent_age_avg_loss": [
    86.60655975341797,
    82.24899291992188,
    84.05351257324219,
    84.09524536132812,
    79.81248474121094,
    83.57112884521484,
    80.36994934082031,
    79.79203033447266,
    79.77764892578125,
    81.48341369628906,
    81.85751342773438,
    82.5224838256836,
    78.04788208007812,
    79.46405792236328,
    79.92355346679688,
    79.27303314208984,
    79.78964233398438,
    76.54570007324219,
    76.38394165039062,
    82.62625885009766,
    74.77509307861328,
    77.83172607421875,
    75.56462097167969,
    76.67825317382812,
    77.640625,
    79.85152435302734,
    78.37601470947266,
    78.1036148071289,
    74.20369720458984,
    78.17952728271484,
    73.52474212646484,
    74.42223358154297,
    76.95320892333984
  ],
  "val_apparent_age_avg_mean_absolute_error": [
    6.83854341506958,
    6.670680999755859,
    6.7920427322387695,
    6.723247051239014,
    6.561662673950195,
    6.716691970825195,
    6.640435218811035,
    6.587165832519531,
    6.50426721572876,
    6.677244663238525,
    6.609355449676514,
    6.665764808654785,
    6.560276508331299,
    6.5568060874938965,
    6.604457378387451,
    6.476484775543213,
    6.503298759460449,
    6.430720806121826,
    6.402154922485352,
    6.693014621734619,
    6.331951141357422,
    6.443251132965088,
    6.3603835105896,
    6.418394088745117,
    6.462766647338867,
    6.529569625854492,
    6.499314308166504,
    6.518139839172363,
    6.372375011444092,
    6.4307861328125,
    6.348628044128418,
    6.350884437561035,
    6.426064968109131
  ],