{
  "apparent_age_avg_loss": [
    69.9036865234375,
    59.7305908203125,
    42.02924346923828,
    39.012203216552734,
    33.75918960571289,
    32.87116241455078,
    34.852630615234375,
    35.20310974121094,
    35.40534973144531,
    28.570528030395508,
    26.966007232666016,
    27.64841079711914,
    27.876392364501953,
    24.787797927856445,
    28.716999053955078,
    27.612314224243164,
    25.90492057800293,
    26.752342224121094,
    33.008514404296875,
    22.89779281616211,
    21.69725227355957,
    23.803939819335938,
    22.968767166137695,
    23.611324310302734,
    19.563085556030273,
    21.262786865234375,
    20.703460693359375,
    19.451313018798828
  ],
  "apparent_age_avg_mean_absolute_error": [
    6.424571514129639,
    5.906308174133301,
    4.961016654968262,
    4.844429969787598,
    4.401020526885986,
    4.419854164123535,
    4.522162914276123,
    4.649125099182129,
    4.58345890045166,
    4.161369323730469,
    3.9848780632019043,
    3.953014850616455,
    4.093282699584961,
    3.813668966293335,
    4.063880920410156,
    4.096556663513184,
    3.9626824855804443,
    3.891934394836426,
    4.405868053436279,
    3.6750471591949463,
    3.636563301086426,
    3.778377056121826,
    3.703291177749634,
    3.653109550476074,
    3.375112771987915,
    3.552269220352173,
    3.5050034523010254,
    3.4332666397094727
  ],
  "apparent_age_avg_mean_squared_error": [
    69.9036865234375,
    59.7305908203125,
    42.02924346923828,
    39.012203216552734,
    33.75918960571289,
    32.87116241455078,
    34.852630615234375,
    35.20310974121094,
    35.40534973144531,
    28.570528030395508,
    26.966007232666016,
    27.64841079711914,
    27.876392364501953,
    24.787797927856445,
    28.716999053955078,
    27.612314224243164,
    25.90492057800293,
    26.752342224121094,
    33.008514404296875,
    22.89779281616211,
    21.69725227355957,
    23.803939819335938,
    22.968767166137695,
    23.611324310302734,
    19.563085556030273,
    21.262786865234375,
    20.703460693359375,
    19.451313018798828
  ],
  "apparent_age_std_loss": [
    10.33191967010498,
    3.113631248474121,
    2.5622174739837646,
    2.3243985176086426,
    2.267381429672241,
    2.1989636421203613,
    2.2106635570526123,
    2.0500340461730957,
    2.1288206577301025,
    1.9760557413101196,
    2.0095553398132324,
    1.8685848712921143,
    1.8693808317184448,
    1.8148856163024902,
    1.89535653591156,
    1.9602422714233398,
    1.795798420906067,
    1.7277278900146484,
    1.8809540271759033,
    1.8164691925048828,
    1.5928369760513306,
    1.7858914136886597,
    1.6028611660003662,
    1.5908797979354858,
    1.4555226564407349,
    1.652072548866272,
    1.5687987804412842,
    1.463220238685608
  ],
  "apparent_age_std_mean_absolute_error": [
    2.69989275932312,
    1.3283857107162476,
    1.2297415733337402,
    1.1774568557739258,
    1.1294859647750854,
    1.1297167539596558,
    1.110202431678772,
    1.0835716724395752,
    1.0941423177719116,
    1.0496479272842407,
    1.0487667322158813,
    1.004606008529663,
    1.0469176769256592,
    1.0103700160980225,
    1.021964192390442,
    1.0380743741989136,
    1.0045721530914307,
    0.9749621748924255,
    1.0311893224716187,
    1.0106010437011719,
    0.9315232634544373,
    0.990792453289032,
    0.9487829804420471,
    0.9226369857788086,
    0.9076734781265259,
    0.9655771851539612,
    0.9435468912124634,
    0.9057303071022034
  ],
  "apparent_age_std_mean_squared_error": [
    10.33191967010498,
    3.113631248474121,
    2.5622174739837646,
    2.3243985176086426,
    2.267381429672241,
    2.1989636421203613,
    2.2106635570526123,
    2.0500340461730957,
    2.1288206577301025,
    1.9760557413101196,
    2.0095553398132324,
    1.8685848712921143,
    1.8693808317184448,
    1.8148856163024902,
    1.89535653591156,
    1.9602422714233398,
    1.795798420906067,
    1.7277278900146484,
    1.8809540271759033,
    1.8164691925048828,
    1.5928369760513306,
    1.7858914136886597,
    1.6028611660003662,
    1.5908797979354858,
    1.4555226564407349,
    1.652072548866272,
    1.5687987804412842,
    1.463220238685608
  ],
  "loss": [
    80.35099792480469,
    62.95966339111328,
    44.70684051513672,
    41.45188903808594,
    36.14179229736328,
    35.18524932861328,
    37.178314208984375,
    37.36809539794922,
    37.64902877807617,
    30.661378860473633,
    29.090286254882812,
    29.631633758544922,
    29.860334396362305,
    26.7171630859375,
    30.726770401000977,
    29.686906814575195,
    27.81502342224121,
    28.594282150268555,
    35.003623962402344,
    24.828338623046875,
    23.404109954833984,
    25.70379066467285,
    24.685529708862305,
    25.316064834594727,
    21.13240623474121,
    23.028583526611328,
    22.385940551757812,
    21.028156280517578
  ],
  "val_apparent_age_avg_loss": [
    128.01686096191406,
    115.68859100341797,
    103.0731201171875,
    121.16397857666016,
    112.73892211914062,
    111.0140151977539,
    102.2413330078125,
    99.78701782226562,
    102.33914184570312,
    95.95552825927734,
    104.5257339477539,
    94.32923126220703,
    101.7544937133789,
    99.63934326171875,
    97.06104278564453,
    101.5362548828125,
    102.58666229248047,
    95.54839324951172,
    94.110595703125,
    102.9325942993164,
    91.2002182006836,
    94.88262176513672,
    92.52398681640625,
    99.66513061523438,
    92.78103637695312,
    94.44927978515625,
    94.7209701538086,
    101.56292724609375
  ],
  "val_apparent_age_avg_mean_absolute_error": [
    8.719148635864258,
    8.256668090820312,
    7.911186218261719,
    8.412588119506836,
    8.200605392456055,
    8.04824447631836,
    7.741393566131592,
    7.512810230255127,
    7.841512680053711,
    7.478138446807861,
    7.895690441131592,
    7.391519069671631,
    7.731359481811523,
    7.678487777709961,
    7.53997278213501,
    7.690756320953369,
    7.697072505950928,
    7.37797737121582,
    7.543905258178711,
    7.832421779632568,
    7.2743706703186035,
    7.615113735198975,
    7.466145992279053,
    7.674495697021484,
    7.32051420211792,
    7.55742883682251,
    7.554059982299805,
    7.552943706512451
  ],
  "val_apparent_age_avg_mean_squared_error": [
    128.01686096191406,
    115.68859100341797,
    103.0731201171875,
    121.16397857666016,
    112.73892211914062,
    111.0140151977539,
    102.2413330078125,
    99.78701782226562,
    102.33914184570312,
    95.95552825927734,
    104.5257339477539,
    94.32923126220703,
    101.7544937133789,
    99.63934326171875,
    97.06104278564453,
    101.5362548828125,
    102.58666229248047,
    95.54839324951172,
    94.110595703125,
    102.9325942993164,
    91.2002182006836,
    94.88262176513672,
    92.52398681640625,
    99.66513061523438,
    92.78103637695312,
    94.44927978515625,
    94.7209701538086,
    101.56292724609375
  ],
  "val_apparent_age_std_loss": [
    4.290478229522705,
    3.304999589920044,
    3.391448736190796,
    3.192553758621216,
    3.1051483154296875,
    2.9907684326171875,
    2.879304885864258,
    2.6130549907684326,
    2.9617350101470947,
    2.7569706439971924,
    3.0877411365509033,
    2.825101137161255,
    3.034919023513794,
    2.746434211730957,
    2.942889451980591,
    2.7076213359832764,
    2.8566081523895264,
    2.631681203842163,
    2.633000373840332,
    2.676419258117676,
    2.809385299682617,
    2.6476645469665527,
    2.679680824279785,
    2.780426025390625,
    2.58365797996521,
    2.5256507396698,
    2.787564516067505,
    2.7306137084960938
  ],