{
  "apparent_age_avg_loss": [
    531.3150634765625,
    132.08169555664062,
    95.6159439086914,
    85.9364242553711,
    78.04981231689453,
    67.58695983886719,
    63.476932525634766,
    61.88065719604492,
    60.073604583740234,
    62.152076721191406,
    53.1898078918457,
    59.94922637939453
  ],
  "apparent_age_avg_mean_absolute_error": [
    18.766401290893555,
    8.916204452514648,
    7.5022053718566895,
    7.273805141448975,
    6.808908939361572,
    6.322959899902344,
    6.116354942321777,
    6.136054992675781,
    5.923046588897705,
    6.0110368728637695,
    5.61814546585083,
    5.940492630004883
  ],
  "apparent_age_std_loss": [
    0.0,
    0.0,
    0.0,
    0.0,
    0.0,
    0.0,
    0.0,
    0.0,
    0.0,
    0.0,
    0.0,
    0.0
  ],
  "loss": [
    531.4181518554688,
    132.1864013671875,
    95.72218322753906,
    86.04376983642578,
    78.158203125,
    67.69636535644531,
    63.58735656738281,
    61.99198532104492,
    60.18600082397461,
    62.26556396484375,
    53.304351806640625,
    60.064720153808594
  ],
  "val_apparent_age_avg_loss": [
    164.8286895751953,
    144.01858520507812,
    130.4939422607422,
    138.20489501953125,
    128.03660583496094,
    137.5417938232422,
    122.12295532226562,
    123.70333862304688,
    127.1001205444336,
    122.98578643798828,
    126.59282684326172,
    130.00389099121094
  ],
  "val_apparent_age_avg_mean_absolute_error": [
    9.630119323730469,
    9.202866554260254,
    8.751774787902832,
    9.188843727111816,
    8.553128242492676,
    9.10440731048584,
    8.509000778198242,
    8.561382293701172,
    8.592212677001953,
    8.364570617675781,
    8.531817436218262,
    8.59294605255127
  ],
  "val_apparent_age_std_loss": [
    0.0,
    0.0,
    0.0,
    0.0,
    0.0,
    0.0,
    0.0,
    0.0,
    0.0,
    0.0,
    0.0,
    0.0
  ],
  "val_loss": [
    164.9324951171875,
    144.1241912841797,
    130.6007843017578,
    138.3127899169922,
    128.1455078125,
    137.6517791748047,
    122.23382568359375,
    123.8152084350586,
    127.21312713623047,
    123.09980010986328,
    126.70781707763672,
    130.11997985839844
  ]
}