{
  "apparent_age_avg_loss": [
    299.0467529296875,
    116.2436294555664,
    99.87889862060547,
    93.35001373291016,
    92.37968444824219,
    85.66879272460938,
    75.78784942626953,
    77.43151092529297,
    73.53202819824219,
    70.1258544921875,
    66.9210205078125,
    68.02043914794922
  ],
  "apparent_age_avg_mean_absolute_error": [
    12.69446849822998,
    8.277018547058105,
    7.739004135131836,
    7.482069969177246,
    7.305309295654297,
    7.149463653564453,
    6.667740345001221,
    6.767580032348633,
    6.638921737670898,
    6.415017604827881,
    6.232872009277344,
    6.316223621368408
  ],
  "apparent_age_std_loss": [
    0.0,
    0.0,
    0.0,
    0.0,
    0.0,
    0.0,
    0.0,
    0.0,
    0.0,
    0.0,
    0.0,
    0.0
  ],
  "loss": [
    299.1512451171875,
    116.352294921875,
    99.99065399169922,
    93.46495819091797,
    92.49807739257812,
    85.7909164428711,
    75.91365814208984,
    77.56131744384766,
    73.66607666015625,
    70.26431274414062,
    67.06378173828125,
    68.16773986816406
  ],
  "val_apparent_age_avg_loss": [
    146.19210815429688,
    136.09706115722656,
    131.8062744140625,
    126.18357849121094,
    128.1945343017578,
    126.827392578125,
    117.25435638427734,
    118.80613708496094,
    125.14466857910156,
    131.4464874267578,
    121.83524322509766,
    127.14810943603516
  ],
  "val_apparent_age_avg_mean_absolute_error": [
    9.37094497680664,
    8.823118209838867,
    8.689224243164062,
    8.420222282409668,
    8.486266136169434,
    8.494098663330078,
    8.098799705505371,
    8.280794143676758,
    8.402933120727539,
    8.782378196716309,
    8.48958969116211,
    8.449031829833984
  ],
  "val_apparent_age_std_loss": [
    0.0,
    0.0,
    0.0,
    0.0,
    0.0,
    0.0,
    0.0,
    0.0,
    0.0,
    0.0,
    0.0,
    0.0
  ],
  "val_loss": [
    146.29898071289062,
    136.20730590820312,
    131.91943359375,
    126.30023956298828,
    128.31483459472656,
    126.95136260986328,
    117.38209533691406,
    118.93800354003906,
    125.28107452392578,
    131.58717346191406,
    121.98038482666016,
    127.2977294921875
  ]
}