{
  "apparent_age_avg_loss": [
    30.055343627929688,
    23.859783172607422,
    23.576488494873047,
    23.1007137298584,
    23.170503616333008,
    22.718467712402344,
    22.93722152709961,
    22.328994750976562,
    20.500375747680664,
    20.16669464111328,
    20.286685943603516,
    18.7334041595459,
    20.263282775878906,
    18.369482040405273,
    18.261199951171875,
    19.1547794342041,
    18.527639389038086,
    19.0449161529541,
    20.018062591552734,
    18.154315948486328,
    17.205493927001953,
    17.875988006591797,
    17.442073822021484,
    17.043216705322266,
    17.05931854248047
  ],
  "apparent_age_avg_mean_absolute_error": [
    4.214547634124756,
    3.7985246181488037,
    3.7365779876708984,
    3.7209348678588867,
    3.735485315322876,
    3.681720733642578,
    3.7155861854553223,
    3.64021897315979,
    3.552191734313965,
    3.47340726852417,
    3.511659622192383,
    3.3482789993286133,
    3.478625535964966,
    3.309546947479248,
    3.328092336654663,
    3.410168170928955,
    3.3081464767456055,
    3.388446569442749,
    3.4291305541992188,
    3.3217926025390625,
    3.2157270908355713,
    3.2632713317871094,
    3.2222745418548584,
    3.203792095184326,
    3.1589763164520264
  ],
  "apparent_age_avg_mean_squared_error": [
    30.055343627929688,
    23.859783172607422,
    23.576488494873047,
    23.1007137298584,
    23.170503616333008,
    22.718467712402344,
    22.93722152709961,
    22.328994750976562,
    20.500375747680664,
    20.16669464111328,
    20.286685943603516,
    18.7334041595459,
    20.263282775878906,
    18.369482040405273,
    18.261199951171875,
    19.1547794342041,
    18.527639389038086,
    19.0449161529541,
    20.018062591552734,
    18.154315948486328,
    17.205493927001953,
    17.875988006591797,
    17.442073822021484,
    17.043216705322266,
    17.05931854248047
  ],
  "apparent_age_std_loss": [
    1.7563074827194214,
    1.6113429069519043,
    1.569844365119934,
    1.618903398513794,
    1.6213245391845703,
    1.5590927600860596,
    1.5643599033355713,
    1.567670464515686,
    1.5544744729995728,
    1.5709346532821655,
    1.556694507598877,
    1.5415152311325073,
    1.5196571350097656,
    1.5233957767486572,
    1.5156420469284058,
    1.5220504999160767,
    1.5392429828643799,
    1.5506850481033325,
    1.510136604309082,
    1.4917429685592651,
    1.5042171478271484,
    1.4809601306915283,
    1.5061415433883667,
    1.5180187225341797,
    1.5357303619384766
  ],
  "apparent_age_std_mean_absolute_error": [
    1.0084682703018188,
    0.9550676941871643,
    0.946914792060852,
    0.9627074599266052,
    0.9584032297134399,
    0.953542172908783,
    0.9480320811271667,
    0.9369277358055115,
    0.9325544834136963,
    0.9479993581771851,
    0.9405002593994141,
    0.9317212104797363,
    0.92989182472229,
    0.9298268556594849,
    0.9251328110694885,
    0.9359992742538452,
    0.9350583553314209,
    0.9414793848991394,
    0.9235890507698059,
    0.9229455590248108,
    0.9242187738418579,
    0.9145777225494385,
    0.9197479486465454,
    0.9250189065933228,
    0.9319133758544922
  ],
  "apparent_age_std_mean_squared_error": [
    1.7563074827194214,
    1.6113429069519043,
    1.569844365119934,
    1.618903398513794,
    1.6213245391845703,
    1.5590927600860596,
    1.5643599033355713,
    1.567670464515686,
    1.5544744729995728,
    1.5709346532821655,
    1.556694507598877,
    1.5415152311325073,
    1.5196571350097656,
    1.5233957767486572,
    1.5156420469284058,
    1.5220504999160767,
    1.5392429828643799,
    1.5506850481033325,
    1.510136604309082,
    1.4917429685592651,
    1.5042171478271484,
    1.4809601306915283,
    1.5061415433883667,
    1.5180187225341797,
    1.5357303619384766
  ],
  "loss": [
    31.94517707824707,
    25.604623794555664,
    25.279796600341797,
    24.853038787841797,
    24.925212860107422,
    24.41090965270996,
    24.634899139404297,
    24.029943466186523,
    22.1881046295166,
    21.870845794677734,
    21.97657012939453,
    20.408079147338867,
    21.916065216064453,
    20.025983810424805,
    19.90990447998047,
    20.80986785888672,
    20.19989013671875,
    20.728586196899414,
    21.661155700683594,
    19.778980255126953,
    18.842605590820312,
    19.48981475830078,
    19.081052780151367,
    18.694047927856445,
    18.72783851623535
  ],
  "val_apparent_age_avg_loss": [
    77.81880950927734,
    77.51700592041016,
    75.73925018310547,
    78.40266418457031,
    74.62496185302734,
    76.15806579589844,
    74.8755111694336,
    73.07904815673828,
    74.62004089355469,
    77.23081970214844,
    75.29132843017578,
    73.6292495727539,
    70.72052001953125,
    74.49842071533203,
    72.55255889892578,
    72.75819396972656,
    74.61416625976562,
    73.16444396972656,
    73.6624984741211,
    69.78321075439453,
    70.8774185180664,
    73.89515686035156,
    72.00566864013672,
    71.52737426757812,
    72.48019409179688
  ],
  "val_apparent_age_avg_mean_absolute_error": [
    6.530350685119629,
    6.513397216796875,
    6.468957901000977,
    6.587197780609131,
    6.371160507202148,
    6.496737003326416,
    6.390108108520508,
    6.249508380889893,
    6.397092819213867,
    6.502779006958008,
    6.312960147857666,
    6.353283405303955,
    6.253108024597168,
    6.398690700531006,
    6.29364013671875,
    6.401808738708496,
    6.3379340171813965,
    6.302272796630859,
    6.334671974182129,
    6.1168413162231445,
    6.1696343421936035,
    6.290342330932617,
    6.235969066619873,
    6.205085277557373,
    6.2789483070373535
  ],
  "val_apparent_age_avg_mean_squared_error": [
    77.81880950927734,
    77.51700592041016,
    75.73925018310547,
    78.40266418457031,
    74.62496185302734,
    76.15806579589844,
    74.8755111694336,
    73.07904815673828,
    74.62004089355469,
    77.23081970214844,
    75.29132843017578,
    73.6292495727539,
    70.72052001953125,
    74.49842071533203,
    72.55255889892578,
    72.75819396972656,
    74.61416625976562,
    73.16444396972656,
    73.6624984741211,
    69.78321075439453,
    70.8774185180664,
    73.89515686035156,
    72.00566864013672,
    71.52737426757812,
    72.48019409179688
  ],
  "val_apparent_age_std_loss": [
    2.367894172668457,
    2.2896573543548584,
    2.3263111114501953,
    2.364715814590454,
    2.305663585662842,
    2.3614773750305176,
    2.3028275966644287,
    2.3174710273742676,
    2.3315935134887695,
    2.354919195175171,
    2.3456737995147705,
    2.294926643371582,
    2.287698984146118,
    2.3305399417877197,
    2.269641399383545,
    2.316533088684082,
    2.316969871520996,
    2.3134806156158447,
    2.323580503463745,
    2.2570483684539795,
    2.215515375137329,
    2.2919650077819824,
    2.283088445663452,
    2.2966270446777344,
    2.35642409324646
  ],
  "val_apparent_age_std_mean_absolute_error": [
    1.1479989290237427,
    1.1166630983352661,
    1.1404885053634644,
    1.149551272392273,
    1.1285873651504517,
    1.1327381134033203,
    1.1318724155426025,
    1.1349948644638062,
    1.1397643089294434,
    1.1451208591461182,
    1.1290615797042847,
    1.1288186311721802,
    1.1292206048965454,
    1.1352734565734863,
    1.124192476272583,
    1.145310878753662,
    1.1315973997116089,
    1.13346529006958,
    1.1448866128921509,
    1.1031444072723389,
    1.1100351810455322,
    1.118671178817749,
    1.1180102825164795,
    1.133314847946167,
    1.146605372428894
  ],