{
  "apparent_age_avg_loss": [
    28.40414810180664,
    29.121854782104492,
    27.980010986328125,
    25.671783447265625,
    26.453407287597656,
    24.407716751098633,
    26.446401596069336,
    22.01232147216797,
    20.359643936157227,
    20.690305709838867,
    21.877199172973633,
    23.18478012084961,
    21.96700668334961,
    21.520414352416992,
    22.200340270996094,
    19.410442352294922,
    20.77909278869629,
    19.690595626831055,
    21.088193893432617,
    19.710277557373047,
    21.770801544189453,
    17.9975528717041,
    19.871837615966797,
    21.162879943847656,
    20.2006893157959,
    18.959627151489258,
    22.175151824951172,
    18.35487937927246,
    17.736530303955078,
    17.664140701293945,
    18.973453521728516,
    21.394390106201172,
    18.607872009277344,
    19.61849021911621
  ],
  "apparent_age_avg_mean_absolute_error": [
    4.114065170288086,
    4.172369003295898,
    4.099494934082031,
    3.901719570159912,
    3.9696340560913086,
    3.8737547397613525,
    3.9589390754699707,
    3.6063027381896973,
    3.542185068130493,
    3.5246999263763428,
    3.636662483215332,
    3.7776284217834473,
    3.6224238872528076,
    3.6014130115509033,
    3.5975332260131836,
    3.424207925796509,
    3.4164295196533203,
    3.3616859912872314,
    3.563739776611328,
    3.3931808471679688,
    3.568779945373535,
    3.2707693576812744,
    3.3827571868896484,
    3.5086708068847656,
    3.4859819412231445,
    3.3930153846740723,
    3.657716751098633,
    3.340791940689087,
    3.2792680263519287,
    3.2790749073028564,
    3.392373561859131,
    3.5682663917541504,
    3.3281075954437256,
    3.404073715209961
  ],
  "apparent_age_avg_mean_squared_error": [
    28.40414810180664,
    29.121854782104492,
    27.980010986328125,
    25.671783447265625,
    26.453407287597656,
    24.407716751098633,
    26.446401596069336,
    22.01232147216797,
    20.359643936157227,
    20.690305709838867,
    21.877199172973633,
    23.18478012084961,
    21.96700668334961,
    21.520414352416992,
    22.200340270996094,
    19.410442352294922,
    20.77909278869629,
    19.690595626831055,
    21.088193893432617,
    19.710277557373047,
    21.770801544189453,
    17.9975528717041,
    19.871837615966797,
    21.162879943847656,
    20.2006893157959,
    18.959627151489258,
    22.175151824951172,
    18.35487937927246,
    17.736530303955078,
    17.664140701293945,
    18.973453521728516,
    21.394390106201172,
    18.607872009277344,
    19.61849021911621
  ],
  "apparent_age_std_loss": [
    1.7161004543304443,
    1.7868958711624146,
    1.7843822240829468,
    1.731959342956543,
    1.7559305429458618,
    1.8077306747436523,
    1.778558611869812,
    1.655640959739685,
    1.7523393630981445,
    1.6277344226837158,
    1.7495478391647339,
    1.5744961500167847,
    1.7922273874282837,
    1.661489486694336,
    1.603621006011963,
    1.4705514907836914,
    1.7265955209732056,
    1.7434310913085938,
    1.7781543731689453,
    1.4886960983276367,
    1.7323371171951294,
    1.4683443307876587,
    1.5793979167938232,
    1.628510594367981,
    1.6972761154174805,
    1.5191515684127808,
    1.6970710754394531,
    1.5107616186141968,
    1.6164019107818604,
    1.5239604711532593,
    1.5935624837875366,
    1.7045005559921265,
    1.5552318096160889,
    1.6568496227264404
  ],
  "apparent_age_std_mean_absolute_error": [
    0.9947746992111206,
    1.0188311338424683,
    1.0005475282669067,
    0.988182544708252,
    0.9891971349716187,
    0.9956053495407104,
    0.9780036211013794,
    0.9515964984893799,
    0.985798716545105,
    0.9481885433197021,
    0.9800459146499634,
    0.9489265084266663,
    0.9922707080841064,
    0.9538099765777588,
    0.9625238180160522,
    0.90394127368927,
    0.9819022417068481,
    0.9646658301353455,
    0.9803234338760376,
    0.9349363446235657,
    0.9770150780677795,
    0.9003033638000488,
    0.951447069644928,
    0.9483704566955566,
    0.9656432271003723,
    0.9101529121398926,
    0.9749525785446167,
    0.9283185601234436,
    0.9551336765289307,
    0.9239596128463745,
    0.9386809468269348,
    0.9689210057258606,
    0.9364262223243713,
    0.9466414451599121
  ],
  "apparent_age_std_mean_squared_error": [
    1.7161004543304443,
    1.7868958711624146,
    1.7843822240829468,
    1.731959342956543,
    1.7559305429458618,
    1.8077306747436523,
    1.778558611869812,
    1.655640959739685,
    1.7523393630981445,
    1.6277344226837158,
    1.7495478391647339,
    1.5744961500167847,
    1.7922273874282837,
    1.661489486694336,
    1.603621006011963,
    1.4705514907836914,
    1.7265955209732056,
    1.7434310913085938,
    1.7781543731689453,
    1.4886960983276367,
    1.7323371171951294,
    1.4683443307876587,
    1.5793979167938232,
    1.628510594367981,
    1.6972761154174805,
    1.5191515684127808,
    1.6970710754394531,
    1.5107616186141968,
    1.6164019107818604,
    1.5239604711532593,
    1.5935624837875366,
    1.7045005559921265,
    1.5552318096160889,
    1.6568496227264404
  ],
  "loss": [
    30.23423957824707,
    31.02272605895996,
    29.878360748291016,
    27.51769256591797,
    28.323270797729492,
    26.32936668395996,
    28.3388614654541,
    23.78185272216797,
    22.22585678100586,
    22.43189811706543,
    23.7405948638916,
    24.87310791015625,
    23.873048782348633,
    23.295705795288086,
    23.917753219604492,
    20.99477195739746,
    22.61945343017578,
    21.54777717590332,
    22.980085372924805,
    21.31270408630371,
    23.616853713989258,
    19.579593658447266,
    21.56492042541504,
    22.905065536499023,
    22.011625289916992,
    20.592430114746094,
    23.985862731933594,
    19.979265213012695,
    19.4665470123291,
    19.30170249938965,
    20.680604934692383,
    23.212467193603516,
    20.27666664123535,
    21.388893127441406
  ],
  "val_apparent_age_avg_loss": [
    101.63458251953125,
    95.04740142822266,
    102.95246124267578,
    94.9595718383789,
    97.79086303710938,
    94.24906158447266,
    104.15762329101562,
    94.8602523803711,
    96.7161636352539,
    98.52696990966797,
    94.77053833007812,
    91.89620208740234,
    93.16452026367188,
    86.20772552490234,
    92.68424224853516,
    94.8862075805664,
    88.0631332397461,
    97.32669830322266,
    93.0826416015625,
    92.30579376220703,
    92.72985076904297,
    86.0962905883789,
    87.90360260009766,
    84.66809844970703,
    88.79210662841797,
    91.63719940185547,
    90.94664764404297,
    84.77959442138672,
    95.60833740234375,
    89.7152099609375,
    88.61273956298828,
    91.1370620727539,
    87.6171875,
    95.0200424194336
  ],
  "val_apparent_age_avg_mean_absolute_error": [
    7.79348611831665,
    7.614717483520508,
    7.923931121826172,
    7.561333179473877,
    7.585744857788086,
    7.4899067878723145,
    7.762357234954834,
    7.561055660247803,
    7.569880962371826,
    7.765117645263672,
    7.450270175933838,
    7.491540908813477,
    7.295607089996338,
    7.196338653564453,
    7.315804958343506,
    7.279202938079834,
    7.114561080932617,
    7.644018173217773,
    7.405151844024658,
    7.277384281158447,
    7.413671970367432,
    7.1954474449157715,
    7.249950408935547,
    7.184201717376709,
    7.14036226272583,
    7.3182902336120605,
    7.370638370513916,
    7.165551662445068,
    7.663771152496338,
    7.216882705688477,
    7.320610046386719,
    7.390219211578369,
    7.195245265960693,
    7.599929332733154
  ],