{
  "apparent_age_avg_loss": [
    38.167259216308594,
    47.876869201660156,
    38.447120666503906,
    38.41242599487305,
    40.663291931152344,
    25.352638244628906,
    21.54985237121582,
    28.51126480102539,
    22.60421371459961,
    25.28373146057129,
    27.847454071044922,
    34.00649642944336,
    17.2388916015625,
    40.89404296875,
    20.59604835510254,
    32.99998474121094,
    23.04918670654297,
    16.360088348388672,
    22.44548797607422,
    14.882088661193848,
    26.770530700683594,
    23.306549072265625,
    16.456844329833984,
    29.244903564453125,
    16.254566192626953,
    15.742085456848145,
    17.26584815979004,
    18.039867401123047,
    17.92168617248535,
    15.51997184753418,
    17.391155242919922,
    17.81076431274414,
    14.492656707763672,
    19.367164611816406,
    15.688225746154785,
    17.464832305908203,
    18.102514266967773,
    11.60658073425293,
    28.06943702697754,
    17.746631622314453
  ],
  "apparent_age_avg_mean_absolute_error": [
    4.926468372344971,
    5.373642444610596,
    4.951474666595459,
    4.860715866088867,
    4.802281379699707,
    3.797171115875244,
    3.346665382385254,
    4.120777130126953,
    3.5795528888702393,
    4.30610466003418,
    4.137407302856445,
    4.654338836669922,
    3.417626142501831,
    4.951934337615967,
    3.5944905281066895,
    4.337742805480957,
    3.7021737098693848,
    3.0528640747070312,
    3.863271713256836,
    3.139453887939453,
    4.024543285369873,
    3.8513426780700684,
    3.091521739959717,
    3.8308322429656982,
    3.1221861839294434,
    3.099465847015381,
    3.174027681350708,
    3.3652913570404053,
    3.4528350830078125,
    3.198270559310913,
    3.395221710205078,
    3.2189438343048096,
    2.8059916496276855,
    3.3341927528381348,
    3.0346574783325195,
    3.253767251968384,
    3.3132781982421875,
    2.659012794494629,
    4.102301120758057,
    2.8989553451538086
  ],
  "apparent_age_avg_mean_squared_error": [
    38.167259216308594,
    47.876869201660156,
    38.447120666503906,
    38.41242599487305,
    40.663291931152344,
    25.352638244628906,
    21.54985237121582,
    28.51126480102539,
    22.60421371459961,
    25.28373146057129,
    27.847454071044922,
    34.00649642944336,
    17.2388916015625,
    40.89404296875,
    20.59604835510254,
    32.99998474121094,
    23.04918670654297,
    16.360088348388672,
    22.44548797607422,
    14.882088661193848,
    26.770530700683594,
    23.306549072265625,
    16.456844329833984,
    29.244903564453125,
    16.254566192626953,
    15.742085456848145,
    17.26584815979004,
    18.039867401123047,
    17.92168617248535,
    15.51997184753418,
    17.391155242919922,
    17.81076431274414,
    14.492656707763672,
    19.367164611816406,
    15.688225746154785,
    17.464832305908203,
    18.102514266967773,
    11.60658073425293,
    28.06943702697754,
    17.746631622314453
  ],
  "apparent_age_std_loss": [
    11.664022445678711,
    10.289557456970215,
    11.624757766723633,
    10.987403869628906,
    10.974853515625,
    10.208831787109375,
    10.966299057006836,
    8.94692325592041,
    11.660140991210938,
    10.08005142211914,
    10.255013465881348,
    10.221424102783203,
    10.03349494934082,
    10.411820411682129,
    9.411813735961914,
    9.413396835327148,
    10.512383460998535,
    10.111410140991211,
    10.235530853271484,
    9.195801734924316,
    9.594070434570312,
    9.951400756835938,
    9.116894721984863,
    9.41943645477295,
    9.631274223327637,
    9.260644912719727,
    8.697515487670898,
    8.915312767028809,
    9.394988059997559,
    9.328474044799805,
    8.679941177368164,
    9.708759307861328,
    8.97068977355957,
    8.033832550048828,
    8.674848556518555,
    7.306952953338623,
    9.464410781860352,
    8.7680082321167,
    8.101170539855957,
    8.664129257202148
  ],
  "apparent_age_std_mean_absolute_error": [
    3.0183777809143066,
    2.716475486755371,
    2.949434995651245,
    2.8587093353271484,
    2.8688650131225586,
    2.7453343868255615,
    2.8917152881622314,
    2.4980931282043457,
    2.8783812522888184,
    2.753021478652954,
    2.7298989295959473,
    2.7969970703125,
    2.733959913253784,
    2.8004846572875977,
    2.6067118644714355,
    2.6482696533203125,
    2.7706634998321533,
    2.7018990516662598,
    2.638214349746704,
    2.6116342544555664,
    2.6839797496795654,
    2.67594051361084,
    2.558155059814453,
    2.610159397125244,
    2.704501152038574,
    2.6443910598754883,
    2.3832345008850098,
    2.562023401260376,
    2.598435878753662,
    2.58158802986145,
    2.4983415603637695,
    2.683903694152832,
    2.5549750328063965,
    2.3493330478668213,
    2.4909462928771973,
    2.299297332763672,
    2.582526206970215,
    2.4869508743286133,
    2.4563701152801514,
    2.3948113918304443
  ],
  "apparent_age_std_mean_squared_error": [
    11.664022445678711,
    10.289557456970215,
    11.624757766723633,
    10.987403869628906,
    10.974853515625,
    10.208831787109375,
    10.966299057006836,
    8.94692325592041,
    11.660140991210938,
    10.08005142211914,
    10.255013465881348,
    10.221424102783203,
    10.03349494934082,
    10.411820411682129,
    9.411813735961914,
    9.413396835327148,
    10.512383460998535,
    10.111410140991211,
    10.235530853271484,
    9.195801734924316,
    9.594070434570312,
    9.951400756835938,
    9.116894721984863,
    9.41943645477295,
    9.631274223327637,
    9.260644912719727,
    8.697515487670898,
    8.915312767028809,
    9.394988059997559,
    9.328474044799805,
    8.679941177368164,
    9.708759307861328,
    8.97068977355957,
    8.033832550048828,
    8.674848556518555,
    7.306952953338623,
    9.464410781860352,
    8.7680082321167,
    8.101170539855957,
    8.664129257202148
  ],
  "loss": [
    49.93524932861328,
    58.2703857421875,
    50.17584228515625,
    49.50379180908203,
    51.74210739135742,
    35.665428161621094,
    32.62010955810547,
    37.5621452331543,
    34.368309020996094,
    35.467735290527344,
    38.2064208984375,
    44.331871032714844,
    27.3763370513916,
    51.409812927246094,
    30.11180877685547,
    42.51732635498047,
    33.66551208496094,
    26.575439453125,
    32.78495788574219,
    24.181827545166016,
    36.468536376953125,
    33.36188507080078,
    25.677669525146484,
    38.768272399902344,
    25.989768981933594,
    25.106657028198242,
    26.067289352416992,
    27.059104919433594,
    27.420597076416016,
    24.95236587524414,
    26.175010681152344,
    27.62343978881836,
    23.5672607421875,
    27.504911422729492,
    24.466983795166016,
    24.875694274902344,
    27.67082977294922,
    20.478492736816406,
    36.27450942993164,
    26.514663696289062
  ],
  "val_apparent_age_avg_loss": [
    224.13388061523438,
    251.67120361328125,
    237.53347778320312,
    223.43836975097656,
    255.4569091796875,
    266.9222717285156,
    267.3214416503906,
    216.9195556640625,
    249.34149169921875,
    244.8011474609375,
    212.59368896484375,
    257.30792236328125,
    248.54275512695312,
    283.0726318359375,
    286.81304931640625,
    242.3076934814453,
    249.32183837890625,
    282.1581726074219,
    243.30850219726562,
    208.18905639648438,
    202.1504364013672,
    244.85806274414062,
    259.34356689453125,
    238.46018981933594,
    216.0991973876953,
    213.3201446533203,
    223.001953125,
    298.25665283203125,
    262.9558410644531,
    189.64393615722656,
    271.9320068359375,
    289.43572998046875,
    283.22650146484375,
    257.7625427246094,
    318.029052734375,
    226.4044647216797,
    258.52374267578125,
    223.05966186523438,
    287.4703674316406,
    268.042236328125
  ],