{
  "apparent_age_avg_loss": [
    296.6946105957031,
    113.95101165771484,
    100.79161071777344,
    99.01363372802734,
    83.46759796142578,
    81.95259857177734,
    82.47953033447266,
    78.08220672607422,
    71.2730484008789,
    72.14161682128906
  ],
  "apparent_age_avg_mean_absolute_error": [
    12.695862770080566,
    8.183996200561523,
    7.686694622039795,
    7.6030707359313965,
    7.047041893005371,
    6.920025825500488,
    6.99052619934082,
    6.801208972930908,
    6.49790096282959,
    6.505096912384033
  ],
  "apparent_age_std_loss": [
    0.0,
    0.0,
    0.0,
    0.0,
    0.0,
    0.0,
    0.0,
    0.0,
    0.0,
    0.0
  ],
  "loss": [
    296.7992248535156,
    114.05990600585938,
    100.90391540527344,
    99.12969970703125,
    83.58736419677734,
    82.07586669921875,
    82.60643768310547,
    78.21331024169922,
    71.40855407714844,
    72.28182220458984
  ],
  "val_apparent_age_avg_loss": [
    141.8663330078125,
    126.82791137695312,
    123.71733856201172,
    127.14095306396484,
    121.48102569580078,
    122.97588348388672,
    128.99855041503906,
    124.83998107910156,
    125.49879455566406,
    129.54103088378906
  ],
  "val_apparent_age_avg_mean_absolute_error": [
    9.12051773071289,
    8.528822898864746,
    8.330390930175781,
    8.63808822631836,
    8.44515609741211,
    8.39845085144043,
    8.586997032165527,
    8.316926002502441,
    8.45824146270752,
    8.569225311279297
  ],
  "val_apparent_age_std_loss": [
    0.0,
    0.0,
    0.0,
    0.0,
    0.0,
    0.0,
    0.0,
    0.0,
    0.0,
    0.0
  ],
  "val_loss": [
    141.97352600097656,
    126.93856048583984,
    123.83148956298828,
    127.25889587402344,
    121.60262298583984,
    123.10092163085938,
    129.1276092529297,
    124.97329711914062,
    125.63680267333984,
    129.68328857421875
  ]
}