{
  "apparent_age_avg_loss": [
    21.88863182067871,
    40.608489990234375,
    25.171344757080078,
    44.62409210205078,
    33.26695251464844,
    16.449867248535156,
    32.57855224609375,
    21.04334259033203,
    19.714975357055664
  ],
  "apparent_age_avg_mean_absolute_error": [
    3.7183167934417725,
    5.070993423461914,
    3.6956706047058105,
    4.923357963562012,
    3.9230518341064453,
    3.2669754028320312,
    4.336698532104492,
    3.266472101211548,
    3.344820499420166
  ],
  "apparent_age_avg_mean_squared_error": [
    21.88863182067871,
    40.608489990234375,
    25.171344757080078,
    44.62409210205078,
    33.26695251464844,
    16.449867248535156,
    32.57855224609375,
    21.04334259033203,
    19.714975357055664
  ],
  "apparent_age_std_loss": [
    18.660905838012695,
    17.052261352539062,
    15.548467636108398,
    15.89362621307373,
    12.532258987426758,
    12.151939392089844,
    11.304817199707031,
    10.390515327453613,
    9.225704193115234
  ],
  "apparent_age_std_mean_absolute_error": [
    3.9425907135009766,
    3.7330808639526367,
    3.462177038192749,
    3.6061601638793945,
    3.1004860401153564,
    3.0440077781677246,
    2.9408771991729736,
    2.7427775859832764,
    2.5200672149658203
  ],
  "apparent_age_std_mean_squared_error": [
    18.660905838012695,
    17.052261352539062,
    15.548467636108398,
    15.89362621307373,
    12.532258987426758,
    12.151939392089844,
    11.304817199707031,
    10.390515327453613,
    9.225704193115234
  ],
  "loss": [
    40.65348815917969,
    57.76469039916992,
    40.823734283447266,
    60.62162780761719,
    45.903106689453125,
    28.705684661865234,
    43.98722839355469,
    31.537702560424805,
    29.044506072998047
  ],
  "val_apparent_age_avg_loss": [
    270.3891296386719,
    209.46432495117188,
    297.9051818847656,
    298.9181213378906,
    258.2507629394531,
    293.40850830078125,
    324.9430847167969,
    346.83123779296875,
    289.42425537109375
  ],
  "val_apparent_age_avg_mean_absolute_error": [
    12.255643844604492,
    11.008708953857422,
    12.828319549560547,
    13.211092948913574,
    11.052807807922363,
    12.358898162841797,
    12.806951522827148,
    12.899322509765625,
    12.633659362792969
  ],
  "val_apparent_age_avg_mean_squared_error": [
    270.3891296386719,
    209.46432495117188,
    297.9051818847656,
    298.9181213378906,
    258.2507629394531,
    293.40850830078125,
    324.9430847167969,
    346.83123779296875,
    289.42425537109375
  ],
  "val_apparent_age_std_loss": [
    13.116991996765137,
    13.186019897460938,
    11.42658519744873,
    11.531325340270996,
    10.607610702514648,
    9.252676963806152,
    7.913708209991455,
    7.774043083190918,
    6.3177714347839355
  ],
  "val_apparent_age_std_mean_absolute_error": [
    3.190822124481201,
    3.156592845916748,
    2.9415817260742188,
    2.9051663875579834,
    2.675035238265991,
    2.5367794036865234,
    2.2552566528320312,
    2.1890640258789062,
    1.9778705835342407
  ],
  "val_apparent_age_std_mean_squared_error": [
    13.116991996765137,
    13.186019897460938,
    11.42658519744873,
    11.531325340270996,
    10.607610702514648,
    9.252676963806152,
    7.913708209991455,
    7.774043083190918,
    6.3177714347839355
  ],
  "val_loss": [
    283.6100769042969,
    222.7542724609375,
    309.4356384277344,
    310.5533447265625,
    268.9622497558594,
    302.76507568359375,
    332.96063232421875,
    354.7091064453125,
    295.8458557128906
  ]
}