{
  "apparent_age_avg_loss": [
    255.72592163085938,
    109.98951721191406,
    97.10061645507812,
    94.42061614990234,
    87.37245178222656,
    84.15203857421875,
    81.67625427246094,
    74.37350463867188,
    72.06307983398438,
    71.37144470214844,
    70.37289428710938
  ],
  "apparent_age_avg_mean_absolute_error": [
    11.70111083984375,
    8.03074836730957,
    7.546372413635254,
    7.503685474395752,
    7.186330318450928,
    7.0494208335876465,
    6.969705581665039,
    6.605621337890625,
    6.484309673309326,
    6.479314804077148,
    6.442871570587158
  ],
  "apparent_age_std_loss": [
    0.0,
    0.0,
    0.0,
    0.0,
    0.0,
    0.0,
    0.0,
    0.0,
    0.0,
    0.0,
    0.0
  ],
  "loss": [
    255.83094787597656,
    110.09969329833984,
    97.21520233154297,
    94.53971862792969,
    87.49661254882812,
    84.28160858154297,
    81.81167602539062,
    74.51424407958984,
    72.20970153808594,
    71.52424621582031,
    70.53195190429688
  ],
  "val_apparent_age_avg_loss": [
    133.8873291015625,
    123.2193603515625,
    123.44001770019531,
    115.16996002197266,
    120.26172637939453,
    114.53480529785156,
    120.99222564697266,
    116.13247680664062,
    121.6210708618164,
    116.67548370361328,
    116.74287414550781
  ],
  "val_apparent_age_avg_mean_absolute_error": [
    8.98227596282959,
    8.480899810791016,
    8.535216331481934,
    8.21773624420166,
    8.380309104919434,
    8.024605751037598,
    8.332475662231445,
    8.191801071166992,
    8.306936264038086,
    8.215038299560547,
    8.225733757019043
  ],
  "val_apparent_age_std_loss": [
    0.0,
    0.0,
    0.0,
    0.0,
    0.0,
    0.0,
    0.0,
    0.0,
    0.0,
    0.0,
    0.0
  ],
  "val_loss": [
    133.995361328125,
    123.33179473876953,
    123.55673217773438,
    115.29154205322266,
    120.38855743408203,
    114.66736602783203,
    121.13019561767578,
    116.27610778808594,
    121.77062225341797,
    116.83145904541016,
    116.9052734375
  ]
}