{
  "apparent_age_avg_loss": [
    29.876813888549805,
    25.769405364990234,
    29.758695602416992,
    28.788928985595703,
    28.23622703552246,
    35.724464416503906,
    27.23853302001953,
    25.624162673950195,
    30.38707733154297,
    25.015331268310547,
    24.427919387817383,
    20.928855895996094,
    20.547077178955078,
    24.89413833618164,
    21.944150924682617,
    21.064836502075195,
    20.65201187133789,
    24.557186126708984,
    21.922361373901367,
    21.33878517150879,
    19.969127655029297,
    19.38377571105957,
    27.38926887512207,
    23.63733673095703,
    24.039945602416992,
    19.349613189697266,
    21.52555274963379,
    19.681884765625,
    23.148649215698242
  ],
  "apparent_age_avg_mean_absolute_error": [
    4.25985050201416,
    3.8433125019073486,
    4.253238201141357,
    4.147670269012451,
    4.181502342224121,
    4.704207897186279,
    3.9568381309509277,
    3.9824752807617188,
    4.235443592071533,
    3.849163055419922,
    3.741657018661499,
    3.560842990875244,
    3.4991655349731445,
    3.809962034225464,
    3.62552809715271,
    3.563746929168701,
    3.5645956993103027,
    3.933277130126953,
    3.596740245819092,
    3.5826375484466553,
    3.481813907623291,
    3.3880467414855957,
    3.9445104598999023,
    3.7005159854888916,
    3.728560209274292,
    3.473268985748291,
    3.5419540405273438,
    3.448744058609009,
    3.7665302753448486
  ],
  "apparent_age_avg_mean_squared_error": [
    29.876813888549805,
    25.769405364990234,
    29.758695602416992,
    28.788928985595703,
    28.23622703552246,
    35.724464416503906,
    27.23853302001953,
    25.624162673950195,
    30.38707733154297,
    25.015331268310547,
    24.427919387817383,
    20.928855895996094,
    20.547077178955078,
    24.89413833618164,
    21.944150924682617,
    21.064836502075195,
    20.65201187133789,
    24.557186126708984,
    21.922361373901367,
    21.33878517150879,
    19.969127655029297,
    19.38377571105957,
    27.38926887512207,
    23.63733673095703,
    24.039945602416992,
    19.349613189697266,
    21.52555274963379,
    19.681884765625,
    23.148649215698242
  ],
  "apparent_age_std_loss": [
    1.80314040184021,
    1.6747678518295288,
    1.9199846982955933,
    1.8941233158111572,
    1.8158860206604004,
    2.0075271129608154,
    1.6550235748291016,
    1.7102452516555786,
    1.6353033781051636,
    1.7559062242507935,
    1.6306222677230835,
    1.6897032260894775,
    1.70531165599823,
    1.7792744636535645,
    1.547035813331604,
    1.8632433414459229,
    1.5098038911819458,
    1.8554646968841553,
    1.5687528848648071,
    1.6287442445755005,
    1.5628927946090698,
    1.7571208477020264,
    1.5717322826385498,
    1.662375807762146,
    1.646260142326355,
    1.6191685199737549,
    1.6838984489440918,
    1.604296326637268,
    1.6569921970367432
  ],
  "apparent_age_std_mean_absolute_error": [
    1.0412479639053345,
    0.9766398668289185,
    1.0892119407653809,
    1.063905954360962,
    1.0534054040908813,
    1.0813069343566895,
    1.0000630617141724,
    1.0168747901916504,
    0.990336000919342,
    1.0375943183898926,
    0.960858941078186,
    0.993265688419342,
    1.0110232830047607,
    0.9977783560752869,
    0.9526497721672058,
    1.0203008651733398,
    0.9648885726928711,
    1.0516636371612549,
    0.9504233002662659,
    0.9756057262420654,
    0.9628336429595947,
    1.0312894582748413,
    0.9474090933799744,
    1.0165327787399292,
    0.9969907999038696,
    0.9797016382217407,
    1.0031113624572754,
    0.96588134765625,
    0.9895026087760925
  ],
  "apparent_age_std_mean_squared_error": [
    1.80314040184021,
    1.6747678518295288,
    1.9199846982955933,
    1.8941233158111572,
    1.8158860206604004,
    2.0075271129608154,
    1.6550235748291016,
    1.7102452516555786,
    1.6353033781051636,
    1.7559062242507935,
    1.6306222677230835,
    1.6897032260894775,
    1.70531165599823,
    1.7792744636535645,
    1.547035813331604,
    1.8632433414459229,
    1.5098038911819458,
    1.8554646968841553,
    1.5687528848648071,
    1.6287442445755005,
    1.5628927946090698,
    1.7571208477020264,
    1.5717322826385498,
    1.662375807762146,
    1.646260142326355,
    1.6191685199737549,
    1.6838984489440918,
    1.604296326637268,
    1.6569921970367432
  ],
  "loss": [
    31.78679656982422,
    27.551006317138672,
    31.785503387451172,
    30.78986358642578,
    30.158916473388672,
    37.83878707885742,
    29.00034523010254,
    27.441181182861328,
    32.129146575927734,
    26.877992630004883,
    26.16529083251953,
    22.72529411315918,
    22.359113693237305,
    26.78013038635254,
    23.59789276123047,
    23.034780502319336,
    22.26850700378418,
    26.519330978393555,
    23.597787857055664,
    23.07419204711914,
    21.638673782348633,
    21.247539520263672,
    29.06763458251953,
    25.40633773803711,
    25.792818069458008,
    21.07538604736328,
    23.31604766845703,
    21.392770767211914,
    24.91222381591797
  ],
  "val_apparent_age_avg_loss": [
    132.65859985351562,
    117.0854263305664,
    125.91392517089844,
    134.40652465820312,
    125.0838623046875,
    128.7434844970703,
    143.16732788085938,
    122.91172790527344,
    136.24501037597656,
    123.9336929321289,
    111.70399475097656,
    126.9560775756836,
    119.63826751708984,
    140.04415893554688,
    116.344482421875,
    122.20555114746094,
    115.9981918334961,
    116.5472412109375,
    108.14530181884766,
    119.63514709472656,
    119.26689147949219,
    123.0862045288086,
    110.38902282714844,
    113.5784683227539,
    117.2542953491211,
    127.3076171875,
    115.6188735961914,
    115.5283203125,
    125.840576171875
  ],
  "val_apparent_age_avg_mean_absolute_error": [
    9.092925071716309,
    8.58522891998291,
    8.76460075378418,
    9.156225204467773,
    8.880807876586914,
    8.922258377075195,
    9.34677505493164,
    8.500636100769043,
    9.207124710083008,
    8.669304847717285,
    8.3826322555542,
    8.688520431518555,
    8.322675704956055,
    9.132905960083008,
    8.385908126831055,
    8.75174331665039,
    8.599655151367188,
    8.829724311828613,
    8.30811595916748,
    8.441118240356445,
    8.338624000549316,
    8.39421272277832,
    8.264028549194336,
    8.348855972290039,
    8.581368446350098,
    8.732029914855957,
    8.457033157348633,
    8.418922424316406,
    8.583990097045898
  ],
  "val_apparent_age_avg_mean_squared_error": [
    132.65859985351562,
    117.0854263305664,
    125.91392517089844,
    134.40652465820312,
    125.0838623046875,
    128.7434844970703,
    143.16732788085938,
    122.91172790527344,
    136.24501037597656,
    123.9336929321289,
    111.70399475097656,
    126.9560775756836,
    119.63826751708984,
    140.04415893554688,
    116.344482421875,
    122.20555114746094,
    115.9981918334961,
    116.5472412109375,
    108.14530181884766,
    119.63514709472656,
    119.26689147949219,
    123.0862045288086,
    110.38902282714844,
    113.5784683227539,
    117.2542953491211,
    127.3076171875,
    115.6188735961914,
    115.5283203125,
    125.840576171875
  ],
  "val_apparent_age_std_loss": [
    3.5022635459899902,
    3.096416473388672,
    3.1568095684051514,
    3.1796741485595703,
    3.39469838142395,
    3.147904872894287,
    3.685375690460205,
    3.367518663406372,
    3.618427276611328,
    3.00777530670166,
    2.889068603515625,
    3.138760566711426,
    3.1035544872283936,
    3.5506529808044434,
    3.210602283477783,
    3.5053024291992188,
    3.0189216136932373,
    3.197903871536255,
    2.875781536102295,
    3.5583930015563965,
    3.135404109954834,
    3.523029327392578,
    3.225641965866089,
    3.224276304244995,
    3.0329315662384033,
    3.352536678314209,
    3.3223090171813965,
    3.2863452434539795,
    3.042088747024536
  ],