{
  "apparent_age_avg_loss": [
    338.59649658203125,
    115.72164154052734,
    101.01688385009766,
    90.73197937011719,
    84.89659881591797,
    84.13937377929688,
    76.96029663085938,
    73.57404327392578,
    70.97869110107422
  ],
  "apparent_age_avg_mean_absolute_error": [
    14.001471519470215,
    8.228556632995605,
    7.7177205085754395,
    7.413214206695557,
    7.070939064025879,
    7.041734218597412,
    6.825835704803467,
    6.5696234703063965,
    6.464621067047119
  ],
  "apparent_age_std_loss": [
    0.0,
    0.0,
    0.0,
    0.0,
    0.0,
    0.0,
    0.0,
    0.0,
    0.0
  ],
  "loss": [
    338.7001037597656,
    115.82816314697266,
    101.12532043457031,
    90.84253692626953,
    85.00941467285156,
    84.25447082519531,
    77.07793426513672,
    73.69401550292969,
    71.10142517089844
  ],
  "val_apparent_age_avg_loss": [
    149.9898681640625,
    139.54258728027344,
    137.62478637695312,
    128.4720916748047,
    139.67396545410156,
    144.3710174560547,
    137.46861267089844,
    133.6817169189453,
    136.95960998535156
  ],
  "val_apparent_age_avg_mean_absolute_error": [
    9.331814765930176,
    9.020801544189453,
    8.912859916687012,
    8.599722862243652,
    9.043746948242188,
    9.142797470092773,
    8.873912811279297,
    8.902434349060059,
    8.925025939941406
  ],
  "val_apparent_age_std_loss": [
    0.0,
    0.0,
    0.0,
    0.0,
    0.0,
    0.0,
    0.0,
    0.0,
    0.0
  ],
  "val_loss": [
    150.0950469970703,
    139.6500701904297,
    137.7343292236328,
    128.58380126953125,
    139.7877960205078,
    144.487548828125,
    137.5873565673828,
    133.8030548095703,
    137.0836944580078
  ]
}