{
  "apparent_age_avg_loss": [
    89.18041229248047,
    60.18502426147461,
    52.84173583984375,
    47.04275131225586,
    43.74343490600586,
    37.934513092041016,
    34.36347198486328,
    34.24087905883789,
    33.06828308105469,
    30.501733779907227,
    30.720375061035156,
    28.95937728881836,
    28.67445182800293,
    27.8006649017334,
    29.359310150146484,
    26.61156463623047,
    28.977792739868164,
    26.41230010986328,
    26.566389083862305,
    29.28961181640625,
    25.247053146362305,
    24.335237503051758,
    24.420040130615234,
    24.92166519165039,
    23.0329532623291,
    22.78257179260254,
    22.667253494262695,
    22.257038116455078,
    22.61663055419922
  ],
  "apparent_age_avg_mean_absolute_error": [
    7.198317050933838,
    6.027279376983643,
    5.6851983070373535,
    5.310556411743164,
    5.111125946044922,
    4.753178119659424,
    4.579785346984863,
    4.546244144439697,
    4.442056179046631,
    4.2711358070373535,
    4.2954864501953125,
    4.211831569671631,
    4.144589900970459,
    4.0871357917785645,
    4.197244644165039,
    3.99187970161438,
    4.159602642059326,
    4.011379718780518,
    3.9881198406219482,
    4.149322986602783,
    3.8369810581207275,
    3.793738603591919,
    3.824615478515625,
    3.8875558376312256,
    3.763716220855713,
    3.695051670074463,
    3.6649134159088135,
    3.6556994915008545,
    3.6861495971679688
  ],
  "apparent_age_avg_mean_squared_error": [
    89.18041229248047,
    60.18502426147461,
    52.84173583984375,
    47.04275131225586,
    43.74343490600586,
    37.934513092041016,
    34.36347198486328,
    34.24087905883789,
    33.06828308105469,
    30.501733779907227,
    30.720375061035156,
    28.95937728881836,
    28.67445182800293,
    27.8006649017334,
    29.359310150146484,
    26.61156463623047,
    28.977792739868164,
    26.41230010986328,
    26.566389083862305,
    29.28961181640625,
    25.247053146362305,
    24.335237503051758,
    24.420040130615234,
    24.92166519165039,
    23.0329532623291,
    22.78257179260254,
    22.667253494262695,
    22.257038116455078,
    22.61663055419922
  ],
  "apparent_age_std_loss": [
    4.220371723175049,
    2.4439337253570557,
    2.337329387664795,
    2.191971778869629,
    2.0794425010681152,
    2.0218985080718994,
    1.9603222608566284,
    1.8892792463302612,
    1.8202176094055176,
    1.8155120611190796,
    1.764307975769043,
    1.7824292182922363,
    1.64566171169281,
    1.6936341524124146,
    1.7026441097259521,
    1.6404703855514526,
    1.681760549545288,
    1.706589698791504,
    1.5829832553863525,
    1.714620590209961,
    1.646657109260559,
    1.578829288482666,
    1.6473472118377686,
    1.5567448139190674,
    1.5769426822662354,
    1.5493714809417725,
    1.505784034729004,
    1.5458508729934692,
    1.5354293584823608
  ],
  "apparent_age_std_mean_absolute_error": [
    1.5614125728607178,
    1.200336217880249,
    1.164268970489502,
    1.132772445678711,
    1.1032792329788208,
    1.0871013402938843,
    1.067200779914856,
    1.0429145097732544,
    1.0321437120437622,
    1.016049861907959,
    1.0094221830368042,
    1.0092471837997437,
    0.9847166538238525,
    0.9904553890228271,
    0.9957284927368164,
    0.9770618677139282,
    0.9787725210189819,
    0.9840912818908691,
    0.9639568328857422,
    0.9873571395874023,
    0.9697859287261963,
    0.9548696279525757,
    0.9661257266998291,
    0.9561042189598083,
    0.9488701820373535,
    0.9388688206672668,
    0.9322562217712402,
    0.9434798955917358,
    0.9372541308403015
  ],
  "apparent_age_std_mean_squared_error": [
    4.220371723175049,
    2.4439337253570557,
    2.337329387664795,
    2.191971778869629,
    2.0794425010681152,
    2.0218985080718994,
    1.9603222608566284,
    1.8892792463302612,
    1.8202176094055176,
    1.8155120611190796,
    1.764307975769043,
    1.7824292182922363,
    1.64566171169281,
    1.6936341524124146,
    1.7026441097259521,
    1.6404703855514526,
    1.681760549545288,
    1.706589698791504,
    1.5829832553863525,
    1.714620590209961,
    1.646657109260559,
    1.578829288482666,
    1.6473472118377686,
    1.5567448139190674,
    1.5769426822662354,
    1.5493714809417725,
    1.505784034729004,
    1.5458508729934692,
    1.5354293584823608
  ],
  "loss": [
    93.5286865234375,
    62.75687026977539,
    55.306880950927734,
    49.36237335205078,
    45.95036697387695,
    40.083744049072266,
    36.450931549072266,
    36.25714111328125,
    35.01533126831055,
    32.44394302368164,
    32.6112174987793,
    30.86821746826172,
    30.446369171142578,
    29.620431900024414,
    31.187955856323242,
    28.3779354095459,
    30.785324096679688,
    28.244552612304688,
    28.274930953979492,
    31.129676818847656,
    27.01909065246582,
    26.039337158203125,
    26.19253921508789,
    26.603500366210938,
    24.73489761352539,
    24.456872940063477,
    24.297876358032227,
    23.927600860595703,
    24.27665901184082
  ],
  "val_apparent_age_avg_loss": [
    112.5914077758789,
    103.98516845703125,
    96.81346130371094,
    97.69947052001953,
    94.67034149169922,
    95.24432373046875,
    91.5230712890625,
    95.1481704711914,
    90.96525573730469,
    86.7829360961914,
    84.48390197753906,
    91.5095443725586,
    88.39832305908203,
    85.43511199951172,
    83.46833801269531,
    83.97740173339844,
    84.5281753540039,
    86.44161987304688,
    81.80494689941406,
    81.58198547363281,
    83.03589630126953,
    76.75586700439453,
    80.44039916992188,
    79.20260620117188,
    78.23829650878906,
    80.23316955566406,
    80.43405151367188,
    80.43484497070312,
    80.26506805419922
  ],
  "val_apparent_age_avg_mean_absolute_error": [
    7.908464431762695,
    7.67995023727417,
    7.375821590423584,
    7.551760196685791,
    7.31152868270874,
    7.3042449951171875,
    7.265024662017822,
    7.287168025970459,
    7.191580772399902,
    6.904878616333008,
    6.82237434387207,
    7.088476181030273,
    7.119529724121094,
    6.794570446014404,
    6.747424125671387,
    6.773223400115967,
    6.855783939361572,
    6.87839412689209,
    6.765192031860352,
    6.635786056518555,
    6.70165491104126,
    6.587039470672607,
    6.717933654785156,
    6.657029151916504,
    6.569547653198242,
    6.768721580505371,
    6.5958709716796875,
    6.6186957359313965,
    6.54899787902832
  ],
  "val_apparent_age_avg_mean_squared_error": [
    112.5914077758789,
    103.98516845703125,
    96.81346130371094,
    97.69947052001953,
    94.67034149169922,
    95.24432373046875,
    91.5230712890625,
    95.1481704711914,
    90.96525573730469,
    86.7829360961914,
    84.48390197753906,
    91.5095443725586,
    88.39832305908203,
    85.43511199951172,
    83.46833801269531,
    83.97740173339844,
    84.5281753540039,
    86.44161987304688,
    81.80494689941406,
    81.58198547363281,
    83.03589630126953,
    76.75586700439453,
    80.44039916992188,
    79.20260620117188,
    78.23829650878906,
    80.23316955566406,
    80.43405151367188,
    80.43484497070312,
    80.26506805419922
  ],
  "val_apparent_age_std_loss": [
    3.0064592361450195,
    2.818171501159668,
    2.63120698928833,
    2.537405252456665,
    2.467944383621216,
    2.5040335655212402,
    2.5360119342803955,
    2.5490190982818604,
    2.510235548019409,
    2.4083011150360107,
    2.4008328914642334,
    2.4924845695495605,
    2.523448944091797,
    2.41298508644104,
    2.302414655685425,
    2.3345041275024414,
    2.336488723754883,
    2.4625909328460693,
    2.271763801574707,
    2.233051061630249,
    2.2947888374328613,
    2.275794506072998,
    2.3401858806610107,
    2.2978508472442627,
    2.29459285736084,
    2.2810144424438477,
    2.3468739986419678,
    2.3236899375915527,
    2.250415325164795
  ],