{
  "apparent_age_avg_loss": [
    69.65489196777344,
    59.20833206176758,
    42.55122375488281,
    32.5633544921875,
    40.678001403808594,
    33.20083999633789,
    42.26897430419922,
    31.005128860473633,
    27.687824249267578,
    29.26180076599121,
    21.117616653442383,
    25.122806549072266,
    29.379098892211914,
    25.816028594970703,
    25.491275787353516,
    26.503782272338867,
    23.783374786376953,
    21.285266876220703,
    22.253629684448242,
    21.572376251220703,
    27.598134994506836
  ],
  "apparent_age_avg_mean_absolute_error": [
    6.5218281745910645,
    5.8477959632873535,
    4.9870405197143555,
    4.438636779785156,
    4.799483299255371,
    4.414818286895752,
    4.898241996765137,
    4.190356254577637,
    4.109513282775879,
    4.042490005493164,
    3.6077396869659424,
    3.897820472717285,
    4.0873284339904785,
    3.908400297164917,
    3.8631374835968018,
    3.9986178874969482,
    3.7767863273620605,
    3.5912487506866455,
    3.7229909896850586,
    3.66985821723938,
    4.001498699188232
  ],
  "apparent_age_avg_mean_squared_error": [
    69.65489196777344,
    59.20833206176758,
    42.55122375488281,
    32.5633544921875,
    40.678001403808594,
    33.20083999633789,
    42.26897430419922,
    31.005128860473633,
    27.687824249267578,
    29.26180076599121,
    21.117616653442383,
    25.122806549072266,
    29.379098892211914,
    25.816028594970703,
    25.491275787353516,
    26.503782272338867,
    23.783374786376953,
    21.285266876220703,
    22.253629684448242,
    21.572376251220703,
    27.598134994506836
  ],
  "apparent_age_std_loss": [
    13.183324813842773,
    5.931543350219727,
    2.7513833045959473,
    2.4228670597076416,
    2.347029209136963,
    1.9600920677185059,
    2.200150489807129,
    2.1343491077423096,
    1.9819697141647339,
    1.730061411857605,
    1.5511345863342285,
    1.7394092082977295,
    1.5421804189682007,
    1.6876119375228882,
    1.808032751083374,
    1.5846487283706665,
    1.4549429416656494,
    1.808721661567688,
    1.4663976430892944,
    1.673445463180542,
    1.544832468032837
  ],
  "apparent_age_std_mean_absolute_error": [
    3.2091119289398193,
    1.9618741273880005,
    1.2452406883239746,
    1.1974451541900635,
    1.1581451892852783,
    1.09287691116333,
    1.1314306259155273,
    1.1030703783035278,
    1.0869519710540771,
    0.9972155094146729,
    0.9892975687980652,
    1.0116307735443115,
    0.957558274269104,
    1.0021506547927856,
    0.9976233243942261,
    0.9775146245956421,
    0.9214078187942505,
    1.0153840780258179,
    0.9504659175872803,
    0.9774702787399292,
    0.9493629932403564
  ],
  "apparent_age_std_mean_squared_error": [
    13.183324813842773,
    5.931543350219727,
    2.7513833045959473,
    2.4228670597076416,
    2.347029209136963,
    1.9600920677185059,
    2.200150489807129,
    2.1343491077423096,
    1.9819697141647339,
    1.730061411857605,
    1.5511345863342285,
    1.7394092082977295,
    1.5421804189682007,
    1.6876119375228882,
    1.808032751083374,
    1.5846487283706665,
    1.4549429416656494,
    1.808721661567688,
    1.4663976430892944,
    1.673445463180542,
    1.544832468032837
  ],
  "loss": [
    82.94568634033203,
    65.24736022949219,
    45.410072326660156,
    35.09365463256836,
    43.132423400878906,
    35.268280029296875,
    44.576412200927734,
    33.2467155456543,
    29.776975631713867,
    31.09897804260254,
    22.775798797607422,
    26.96921157836914,
    31.028207778930664,
    27.61051368713379,
    27.406118392944336,
    28.195180892944336,
    25.34501838684082,
    23.20062255859375,
    23.826608657836914,
    23.352344512939453,
    29.24942970275879
  ],
  "val_apparent_age_avg_loss": [
    142.17652893066406,
    135.51576232910156,
    124.24562072753906,
    131.0021209716797,
    133.87953186035156,
    126.6469955444336,
    128.91659545898438,
    128.93014526367188,
    120.89491271972656,
    127.44206237792969,
    143.73721313476562,
    119.39630126953125,
    131.02134704589844,
    103.08697509765625,
    123.67961120605469,
    135.14720153808594,
    149.22869873046875,
    132.24282836914062,
    116.35223388671875,
    126.039306640625,
    121.03749084472656
  ],
  "val_apparent_age_avg_mean_absolute_error": [
    9.503637313842773,
    9.237027168273926,
    8.042818069458008,
    8.736659049987793,
    8.940324783325195,
    8.882079124450684,
    8.923176765441895,
    8.975764274597168,
    8.793258666992188,
    8.7710599899292,
    9.109500885009766,
    8.83314323425293,
    9.037890434265137,
    7.619757652282715,
    8.413261413574219,
    9.262351989746094,
    9.357840538024902,
    8.898354530334473,
    8.356663703918457,
    8.656072616577148,
    8.358602523803711
  ],
  "val_apparent_age_avg_mean_squared_error": [
    142.17652893066406,
    135.51576232910156,
    124.24562072753906,
    131.0021209716797,
    133.87953186035156,
    126.6469955444336,
    128.91659545898438,
    128.93014526367188,
    120.89491271972656,
    127.44206237792969,
    143.73721313476562,
    119.39630126953125,
    131.02134704589844,
    103.08697509765625,
    123.67961120605469,
    135.14720153808594,
    149.22869873046875,
    132.24282836914062,
    116.35223388671875,
    126.039306640625,
    121.03749084472656
  ],
  "val_apparent_age_std_loss": [
    9.195996284484863,
    4.033361911773682,
    3.186046838760376,
    3.3799972534179688,
    3.2043018341064453,
    3.3151543140411377,
    3.0737037658691406,
    3.2408976554870605,
    3.0686137676239014,
    2.9658563137054443,
    3.513951063156128,
    3.0198302268981934,
    2.9912109375,
    3.013360023498535,
    2.904590606689453,
    3.172219753265381,
    3.063812255859375,
    3.094578266143799,
    2.7798964977264404,
    3.0252556800842285,
    2.953903913497925
  ],
  "val_apparent_age_std_mean_absolute_error": [
    2.5210604667663574,
    1.5930421352386475,
    1.4199289083480835,
    1.465127944946289,
    1.426648736000061,
    1.420837640762329,
    1.423259973526001,
    1.4205844402313232,
    1.3734252452850342,
    1.3355398178100586,
    1.466621994972229,
    1.3650662899017334,
    1.316220998764038,
    1.3565335273742676,
    1.3412269353866577,
    1.414372205734253,
    1.3326157331466675,
    1.4548001289367676,
    1.2924916744232178,
    1.3802763223648071,
    1.358039140701294
  ],
  "val_apparent_age_std_mean_squared_error": [
    9.195996284484863,
    4.033361911773682,
    3.186046838760376,
    3.3799972534179688,
    3.2043018341064453,
    3.3151543140411377,
    3.0737037658691406,
    3.2408976554870605,
    3.0686137676239014,
    2.9658563137054443,
    3.513951063156128,
    3.0198302268981934,
    2.9912109375,
    3.013360023498535,
    2.904590606689453,
    3.172219753265381,
    3.063812255859375,
    3.094578266143799,
    2.7798964977264404,
    3.0252556800842285,
    2.953903913497925
  ],
  "val_loss": [
    151.48001098632812,
    139.65658569335938,
    127.53912353515625,
    134.48953247070312,
    137.19119262695312,
    130.06947326660156,
    132.09756469726562,
    132.27825927734375,
    124.0706787109375,
    130.51499938964844,
    147.35818481445312,
    122.52308654785156,
    134.11947631835938,
    106.2071762084961,
    126.69097900390625,
    138.4261474609375,
    152.399169921875,
    135.44400024414062,
    119.23868560791016,
    129.17105102539062,
    124.09782409667969
  ]
}