{
  "apparent_age_avg_loss": [
    360.3468017578125,
    114.28202056884766,
    103.05455780029297,
    92.27125549316406,
    85.85453033447266,
    80.40397644042969,
    74.28048706054688,
    68.48682403564453,
    65.97947692871094,
    65.84832000732422,
    62.15501403808594,
    59.429664611816406,
    59.41684341430664,
    57.90232467651367,
    56.11361312866211,
    55.91394805908203,
    51.216896057128906,
    50.77509689331055,
    54.510311126708984,
    52.716739654541016,
    50.070640563964844,
    47.5398063659668,
    47.36439895629883,
    50.48383331298828
  ],
  "apparent_age_avg_mean_absolute_error": [
    14.32779598236084,
    8.202815055847168,
    7.8429083824157715,
    7.324858665466309,
    7.06439208984375,
    6.8829169273376465,
    6.657347202301025,
    6.451392650604248,
    6.238168716430664,
    6.1643781661987305,
    6.085071563720703,
    5.950431823730469,
    5.957278251647949,
    5.8783769607543945,
    5.730891704559326,
    5.8192973136901855,
    5.574500560760498,
    5.506256580352783,
    5.681411266326904,
    5.565479278564453,
    5.428164958953857,
    5.344663619995117,
    5.268370628356934,
    5.4529523849487305
  ],
  "apparent_age_std_loss": [
    0.0,
    0.0,
    0.0,
    0.0,
    0.0,
    0.0,
    0.0,
    0.0,
    0.0,
    0.0,
    0.0,
    0.0,
    0.0,
    0.0,
    0.0,
    0.0,
    0.0,
    0.0,
    0.0,
    0.0,
    0.0,
    0.0,
    0.0,
    0.0
  ],
  "loss": [
    360.45062255859375,
    114.38868713378906,
    103.16350555419922,
    92.3823471069336,
    85.96788024902344,
    80.51959991455078,
    74.39859008789062,
    68.60719299316406,
    66.10221099853516,
    65.97386169433594,
    62.28322219848633,
    59.56067657470703,
    59.550445556640625,
    58.038753509521484,
    56.25309753417969,
    56.056087493896484,
    51.361454010009766,
    50.92244338989258,
    54.66047668457031,
    52.869834899902344,
    50.2265625,
    47.698604583740234,
    47.525474548339844,
    50.64733123779297
  ],
  "val_apparent_age_avg_loss": [
    145.2624053955078,
    133.0298614501953,
    144.76168823242188,
    135.44602966308594,
    135.106689453125,
    132.46881103515625,
    139.99923706054688,
    131.81687927246094,
    137.3349151611328,
    135.44700622558594,
    134.39370727539062,
    130.6759033203125,
    134.92071533203125,
    127.6036376953125,
    134.0591583251953,
    125.87122344970703,
    133.02789306640625,
    127.88153076171875,
    122.39080810546875,
    137.3607940673828,
    138.28744506835938,
    131.33839416503906,
    126.9194564819336,
    131.66165161132812
  ],
  "val_apparent_age_avg_mean_absolute_error": [
    9.17388916015625,
    8.68543529510498,
    9.096002578735352,
    8.844805717468262,
    8.884366035461426,
    8.839522361755371,
    9.004858016967773,
    8.528593063354492,
    8.691704750061035,
    8.639237403869629,
    8.656367301940918,
    8.669915199279785,
    8.768779754638672,
    8.529192924499512,
    8.776508331298828,
    8.315866470336914,
    8.69218921661377,
    8.532435417175293,
    8.3605375289917,
    8.622488021850586,
    8.707324981689453,
    8.614264488220215,
    8.340813636779785,
    8.55567455291748
  ],
  "val_apparent_age_std_loss": [
    0.0,
    0.0,
    0.0,
    0.0,
    0.0,
    0.0,
    0.0,
    0.0,
    0.0,
    0.0,
    0.0,
    0.0,
    0.0,
    0.0,
    0.0,
    0.0,
    0.0,
    0.0,
    0.0,
    0.0,
    0.0,
    0.0,
    0.0,
    0.0
  ],
  "val_loss": [
    145.3677215576172,
    133.1377716064453,
    144.8717041015625,
    135.55824279785156,
    135.22122192382812,
    132.58563232421875,
    140.11854553222656,
    131.93846130371094,
    137.45904541015625,
    135.57398986816406,
    134.52330017089844,
    130.8081817626953,
    135.05572509765625,
    127.74158477783203,
    134.2000274658203,
    126.01451873779297,
    133.17376708984375,
    128.03024291992188,
    122.54251098632812,
    137.51535034179688,
    138.4448699951172,
    131.49842834472656,
    127.08158111572266,
    131.8264923095703
  ]
}