{
  "apparent_age_avg_loss": [
    58.057960510253906,
    50.90849685668945,
    37.44888687133789,
    38.87295150756836,
    33.99138641357422,
    42.44890594482422,
    26.87939453125,
    27.993295669555664,
    25.493410110473633,
    28.062082290649414,
    30.170730590820312,
    24.74933433532715,
    24.96824073791504,
    25.197317123413086,
    23.234174728393555,
    20.332523345947266,
    28.10945701599121
  ],
  "apparent_age_avg_mean_absolute_error": [
    5.9560394287109375,
    5.6756744384765625,
    4.659481525421143,
    4.761120319366455,
    4.54890775680542,
    5.075157165527344,
    4.106684684753418,
    4.035322189331055,
    3.9171907901763916,
    3.961799383163452,
    3.934497356414795,
    3.8527426719665527,
    3.951974630355835,
    3.8649210929870605,
    3.7098045349121094,
    3.6165478229522705,
    4.202983856201172
  ],
  "apparent_age_avg_mean_squared_error": [
    58.057960510253906,
    50.90849685668945,
    37.44888687133789,
    38.87295150756836,
    33.99138641357422,
    42.44890594482422,
    26.87939453125,
    27.993295669555664,
    25.493410110473633,
    28.062082290649414,
    30.170730590820312,
    24.74933433532715,
    24.96824073791504,
    25.197317123413086,
    23.234174728393555,
    20.332523345947266,
    28.10945701599121
  ],
  "apparent_age_std_loss": [
    13.611068725585938,
    9.199084281921387,
    5.4824347496032715,
    3.3201801776885986,
    2.488391876220703,
    2.7764859199523926,
    2.2577574253082275,
    1.9527910947799683,
    2.5626165866851807,
    1.879242181777954,
    1.855001449584961,
    1.665652871131897,
    1.834795355796814,
    1.8413006067276,
    1.8527638912200928,
    1.7289386987686157,
    1.781112551689148
  ],
  "apparent_age_std_mean_absolute_error": [
    3.273287534713745,
    2.5958683490753174,
    1.879491925239563,
    1.3693808317184448,
    1.2009557485580444,
    1.224266767501831,
    1.1791836023330688,
    1.0621769428253174,
    1.1727721691131592,
    1.0198479890823364,
    0.9890106320381165,
    0.9722834825515747,
    1.0285381078720093,
    1.0350215435028076,
    0.9967468976974487,
    0.9961358308792114,
    1.013771414756775
  ],
  "apparent_age_std_mean_squared_error": [
    13.611068725585938,
    9.199084281921387,
    5.4824347496032715,
    3.3201801776885986,
    2.488391876220703,
    2.7764859199523926,
    2.2577574253082275,
    1.9527910947799683,
    2.5626165866851807,
    1.879242181777954,
    1.855001449584961,
    1.665652871131897,
    1.834795355796814,
    1.8413006067276,
    1.8527638912200928,
    1.7289386987686157,
    1.781112551689148
  ],
  "loss": [
    71.77381896972656,
    60.212364196777344,
    43.036075592041016,
    42.29785919189453,
    36.58447265625,
    45.33004379272461,
    29.241758346557617,
    30.05064582824707,
    28.160537719726562,
    30.045785903930664,
    32.13014602661133,
    26.51934814453125,
    26.9073429107666,
    27.142873764038086,
    25.191143035888672,
    22.165616989135742,
    29.994672775268555
  ],
  "val_apparent_age_avg_loss": [
    151.15908813476562,
    157.0993194580078,
    175.14356994628906,
    179.1078643798828,
    168.42047119140625,
    150.30206298828125,
    164.22314453125,
    152.35914611816406,
    156.9274139404297,
    131.1220703125,
    156.8353729248047,
    161.19224548339844,
    150.6927490234375,
    160.33396911621094,
    161.6616973876953,
    146.74375915527344,
    140.745849609375
  ],
  "val_apparent_age_avg_mean_absolute_error": [
    9.606871604919434,
    9.765608787536621,
    9.878226280212402,
    10.392688751220703,
    9.547745704650879,
    9.14387035369873,
    9.432190895080566,
    9.556078910827637,
    9.258910179138184,
    8.768887519836426,
    9.435369491577148,
    9.513550758361816,
    9.409470558166504,
    9.421021461486816,
    9.695160865783691,
    8.796629905700684,
    8.917147636413574
  ],
  "val_apparent_age_avg_mean_squared_error": [
    151.15908813476562,
    157.0993194580078,
    175.14356994628906,
    179.1078643798828,
    168.42047119140625,
    150.30206298828125,
    164.22314453125,
    152.35914611816406,
    156.9274139404297,
    131.1220703125,
    156.8353729248047,
    161.19224548339844,
    150.6927490234375,
    160.33396911621094,
    161.6616973876953,
    146.74375915527344,
    140.745849609375
  ],
  "val_apparent_age_std_loss": [
    10.899383544921875,
    7.409093379974365,
    4.650786399841309,
    3.9600956439971924,
    3.87113094329834,
    3.5705978870391846,
    3.576472043991089,
    3.31317138671875,
    3.3009185791015625,
    4.0998969078063965,
    2.89595627784729,
    3.176342725753784,
    4.3638596534729,
    3.783268690109253,
    3.9752962589263916,
    2.893247604370117,
    3.3969757556915283
  ],
  "val_apparent_age_std_mean_absolute_error": [
    2.7093522548675537,
    2.1876327991485596,
    1.670235276222229,
    1.5954607725143433,
    1.6123255491256714,
    1.5289875268936157,
    1.5998438596725464,
    1.484697699546814,
    1.492471694946289,
    1.6517934799194336,
    1.429909348487854,
    1.5100702047348022,
    1.7253566980361938,
    1.6039667129516602,
    1.623896598815918,
    1.4100795984268188,
    1.483194351196289
  ],
  "val_apparent_age_std_mean_squared_error": [
    10.899383544921875,
    7.409093379974365,
    4.650786399841309,
    3.9600956439971924,
    3.87113094329834,
    3.5705978870391846,
    3.576472043991089,
    3.31317138671875,
    3.3009185791015625,
    4.0998969078063965,
    2.89595627784729,
    3.176342725753784,
    4.3638596534729,
    3.783268690109253,
    3.9752962589263916,
    2.893247604370117,
    3.3969757556915283
  ],
  "val_loss": [
    162.16326904296875,
    164.61317443847656,
    179.8990936279297,
    183.1726837158203,
    172.3962860107422,
    153.97727966308594,
    167.9042205810547,
    155.77685546875,
    160.33282470703125,
    135.32640075683594,
    159.83570861816406,
    164.472900390625,
    155.16090393066406,
    164.22145080566406,
    165.7411651611328,
    149.74111938476562,
    144.24688720703125
  ]
}