{
  "apparent_age_avg_loss": [
    921.735595703125,
    480.38232421875,
    170.47206115722656,
    99.05113220214844,
    92.31676483154297,
    59.98068618774414,
    57.61018371582031,
    49.92462158203125,
    50.02351760864258,
    42.086387634277344,
    47.89822006225586,
    38.98949432373047
  ],
  "apparent_age_avg_mean_absolute_error": [
    26.944854736328125,
    18.130916595458984,
    10.019648551940918,
    7.7671098709106445,
    7.489561080932617,
    6.061859130859375,
    5.9989824295043945,
    5.520166397094727,
    5.46889591217041,
    5.20573616027832,
    5.255157470703125,
    4.816728115081787
  ],
  "apparent_age_std_loss": [
    0.0,
    0.0,
    0.0,
    0.0,
    0.0,
    0.0,
    0.0,
    0.0,
    0.0,
    0.0,
    0.0,
    0.0
  ],
  "loss": [
    921.838134765625,
    480.4855041503906,
    170.57574462890625,
    99.15548706054688,
    92.42182159423828,
    60.086448669433594,
    57.7164306640625,
    50.03123092651367,
    50.13042449951172,
    42.19356918334961,
    48.005611419677734,
    39.097068786621094
  ],
  "val_apparent_age_avg_loss": [
    729.6321411132812,
    338.9924011230469,
    170.96713256835938,
    170.4904022216797,
    165.34799194335938,
    169.2251739501953,
    144.87124633789062,
    155.7628631591797,
    152.7195281982422,
    159.9138641357422,
    155.80438232421875,
    158.5093536376953
  ],
  "val_apparent_age_avg_mean_absolute_error": [
    22.788240432739258,
    14.7637939453125,
    10.451578140258789,
    10.613447189331055,
    9.879913330078125,
    10.178723335266113,
    9.379438400268555,
    9.548456192016602,
    9.737752914428711,
    9.702001571655273,
    9.765674591064453,
    10.235474586486816
  ],
  "val_apparent_age_std_loss": [
    0.0,
    0.0,
    0.0,
    0.0,
    0.0,
    0.0,
    0.0,
    0.0,
    0.0,
    0.0,
    0.0,
    0.0
  ],
  "val_loss": [
    729.7349853515625,
    339.0958557128906,
    171.07119750976562,
    170.5951385498047,
    165.4534454345703,
    169.33123779296875,
    144.9777069091797,
    155.86965942382812,
    152.8265838623047,
    160.02117919921875,
    155.911865234375,
    158.61703491210938
  ]
}