{
  "apparent_age_avg_loss": [
    234.9296112060547,
    108.79618835449219,
    99.95714569091797,
    91.4844741821289,
    85.16142272949219,
    85.75334930419922,
    81.58502960205078,
    76.41039276123047,
    75.66643524169922,
    70.71171569824219,
    67.72476196289062,
    65.72850799560547
  ],
  "apparent_age_avg_mean_absolute_error": [
    11.275232315063477,
    7.979862213134766,
    7.656937122344971,
    7.323432922363281,
    7.092672348022461,
    7.103241443634033,
    6.948588848114014,
    6.689239025115967,
    6.631380081176758,
    6.43156623840332,
    6.355632305145264,
    6.271212577819824
  ],
  "apparent_age_std_loss": [
    0.0,
    0.0,
    0.0,
    0.0,
    0.0,
    0.0,
    0.0,
    0.0,
    0.0,
    0.0,
    0.0,
    0.0
  ],
  "loss": [
    235.0347900390625,
    108.90601348876953,
    100.07158660888672,
    91.6033935546875,
    85.285400390625,
    85.88268280029297,
    81.71971130371094,
    76.55083465576172,
    75.81282043457031,
    70.86383819580078,
    67.883056640625,
    65.89279174804688
  ],
  "val_apparent_age_avg_loss": [
    125.98316192626953,
    125.36729431152344,
    123.87152099609375,
    124.0247573852539,
    119.61376953125,
    116.29302215576172,
    114.75391387939453,
    117.79312133789062,
    120.1156997680664,
    117.88477325439453,
    119.01936340332031,
    117.12030792236328
  ],
  "val_apparent_age_avg_mean_absolute_error": [
    8.62077522277832,
    8.44030475616455,
    8.534765243530273,
    8.538565635681152,
    8.265146255493164,
    8.214179039001465,
    8.067072868347168,
    8.178688049316406,
    8.292243003845215,
    8.284353256225586,
    8.274700164794922,
    8.191450119018555
  ],
  "val_apparent_age_std_loss": [
    0.0,
    0.0,
    0.0,
    0.0,
    0.0,
    0.0,
    0.0,
    0.0,
    0.0,
    0.0,
    0.0,
    0.0
  ],
  "val_loss": [
    126.09107208251953,
    125.47949981689453,
    123.98819732666016,
    124.14599609375,
    119.74029541015625,
    116.42512512207031,
    114.89143371582031,
    117.9364013671875,
    120.26508331298828,
    118.03984069824219,
    119.1806411743164,
    117.28748321533203
  ]
}