{
  "apparent_age_avg_loss": [
    1191.8133544921875,
    972.517578125,
    901.3421630859375,
    867.8231201171875,
    751.2382202148438,
    649.1862182617188,
    586.8777465820312,
    493.20166015625,
    384.02716064453125,
    307.09332275390625,
    278.7418212890625,
    152.03652954101562,
    106.91407775878906,
    122.83447265625,
    57.790069580078125,
    59.5128173828125,
    28.905515670776367,
    30.740205764770508,
    27.38285255432129,
    20.462669372558594,
    31.496957778930664,
    27.79493522644043,
    29.164587020874023,
    26.88344383239746,
    26.051055908203125,
    26.746389389038086,
    25.583301544189453,
    27.25246810913086,
    19.39373207092285,
    11.83362102508545
  ],
  "apparent_age_avg_mean_absolute_error": [
    30.839767456054688,
    27.160600662231445,
    26.4771671295166,
    25.327157974243164,
    23.529010772705078,
    22.037994384765625,
    20.675857543945312,
    18.971923828125,
    17.091049194335938,
    15.621000289916992,
    14.933239936828613,
    10.652670860290527,
    9.09172248840332,
    9.697587966918945,
    6.390480041503906,
    6.32036828994751,
    4.219141483306885,
    4.110565662384033,
    3.937817096710205,
    3.765387535095215,
    4.411139011383057,
    4.16919469833374,
    4.314371109008789,
    4.010522365570068,
    4.006727695465088,
    3.8304810523986816,
    3.573681354522705,
    4.266441345214844,
    3.1955981254577637,
    2.7929279804229736
  ],
  "apparent_age_std_loss": [
    0.0,
    0.0,
    0.0,
    0.0,
    0.0,
    0.0,
    0.0,
    0.0,
    0.0,
    0.0,
    0.0,
    0.0,
    0.0,
    0.0,
    0.0,
    0.0,
    0.0,
    0.0,
    0.0,
    0.0,
    0.0,
    0.0,
    0.0,
    0.0,
    0.0,
    0.0,
    0.0,
    0.0,
    0.0,
    0.0
  ],
  "loss": [
    1191.915771484375,
    972.6201171875,
    901.4447631835938,
    867.92578125,
    751.3410034179688,
    649.2890625,
    586.980712890625,
    493.3046875,
    384.13031005859375,
    307.19659423828125,
    278.84521484375,
    152.1400146484375,
    107.01765441894531,
    122.93815612792969,
    57.89384460449219,
    59.61667251586914,
    29.009441375732422,
    30.844188690185547,
    27.48687744140625,
    20.566722869873047,
    31.601028442382812,
    27.89901351928711,
    29.268661499023438,
    26.987503051757812,
    26.15509033203125,
    26.850391387939453,
    25.687267303466797,
    27.35639190673828,
    19.497615814208984,
    11.93746566772461
  ],
  "val_apparent_age_avg_loss": [
    1212.2763671875,
    1133.2640380859375,
    1029.90869140625,
    963.772216796875,
    865.617431640625,
    790.201904296875,
    727.78564453125,
    614.61767578125,
    551.0038452148438,
    501.1758728027344,
    433.1402587890625,
    372.98614501953125,
    366.27581787109375,
    322.804931640625,
    310.69775390625,
    271.0638427734375,
    271.31256103515625,
    273.31219482421875,
    225.8212432861328,
    237.60037231445312,
    246.04632568359375,
    283.802001953125,
    225.54747009277344,
    243.8157501220703,
    207.10769653320312,
    222.55218505859375,
    275.59014892578125,
    230.4315643310547,
    242.3895263671875,
    207.21630859375
  ],
  "val_apparent_age_avg_mean_absolute_error": [
    29.560062408447266,
    28.219623565673828,
    26.646343231201172,
    25.515419006347656,
    23.904537200927734,
    22.52723503112793,
    21.00798797607422,
    19.460186004638672,
    18.360050201416016,
    17.232524871826172,
    16.362476348876953,
    14.861177444458008,
    13.997651100158691,
    13.550564765930176,
    12.141242980957031,
    12.101827621459961,
    12.584637641906738,
    11.733795166015625,
    11.016048431396484,
    12.175865173339844,
    12.09627914428711,
    12.840903282165527,
    12.031869888305664,
    11.68203353881836,
    11.523880004882812,
    11.246691703796387,
    11.433107376098633,
    11.137031555175781,
    11.074674606323242,
    10.45503044128418
  ],
  "val_apparent_age_std_loss": [
    0.0,
    0.0,
    0.0,
    0.0,
    0.0,
    0.0,
    0.0,
    0.0,
    0.0,
    0.0,
    0.0,
    0.0,
    0.0,
    0.0,
    0.0,
    0.0,
    0.0,
    0.0,
    0.0,
    0.0,
    0.0,
    0.0,
    0.0,
    0.0,
    0.0,
    0.0,
    0.0,
    0.0,
    0.0,
    0.0
  ],
  "val_loss": [
    1212.37890625,
    1133.3665771484375,
    1030.0113525390625,
    963.875,
    865.72021484375,
    790.3048095703125,
    727.888671875,
    614.7208251953125,
    551.1070556640625,
    501.27923583984375,
    433.2436828613281,
    373.0896911621094,
    366.3794860839844,
    322.90869140625,
    310.80157470703125,
    271.1677551269531,
    271.4165344238281,
    273.41619873046875,
    225.92529296875,
    237.70445251464844,
    246.15040588378906,
    283.9060974121094,
    225.65151977539062,
    243.91978454589844,
    207.21170043945312,
    222.65615844726562,
    275.6940612792969,
    230.53546142578125,
    242.49339294433594,
    207.3201141357422
  ]
}