{
  "apparent_age_avg_loss": [
    24.002391815185547,
    41.57879638671875,
    22.497417449951172,
    34.930686950683594,
    24.60746192932129,
    34.43727111816406,
    23.223712921142578,
    15.641880989074707,
    25.73611068725586,
    13.911909103393555
  ],
  "apparent_age_avg_mean_absolute_error": [
    3.6061208248138428,
    4.785137176513672,
    3.789654016494751,
    4.463957786560059,
    4.034575939178467,
    4.846144676208496,
    3.4894516468048096,
    3.2924485206604004,
    3.925663709640503,
    2.91780948638916
  ],
  "apparent_age_avg_mean_squared_error": [
    24.002391815185547,
    41.57879638671875,
    22.497417449951172,
    34.930686950683594,
    24.60746192932129,
    34.43727111816406,
    23.223712921142578,
    15.641880989074707,
    25.73611068725586,
    13.911909103393555
  ],
  "apparent_age_std_loss": [
    18.90044403076172,
    15.267919540405273,
    14.102426528930664,
    13.470946311950684,
    11.720932960510254,
    11.167970657348633,
    10.258773803710938,
    7.917062759399414,
    7.094796180725098,
    7.247731685638428
  ],
  "apparent_age_std_mean_absolute_error": [
    3.9232068061828613,
    3.4618663787841797,
    3.3894612789154053,
    3.292884111404419,
    2.9410853385925293,
    2.9332971572875977,
    2.706998825073242,
    2.359943151473999,
    2.132369041442871,
    2.1875228881835938
  ],
  "apparent_age_std_mean_squared_error": [
    18.90044403076172,
    15.267919540405273,
    14.102426528930664,
    13.470946311950684,
    11.720932960510254,
    11.167970657348633,
    10.258773803710938,
    7.917062759399414,
    7.094796180725098,
    7.247731685638428
  ],
  "loss": [
    43.00672912597656,
    56.950592041015625,
    36.703697204589844,
    48.505462646484375,
    36.43220138549805,
    45.70903015136719,
    33.58625030517578,
    23.662687301635742,
    32.93463134765625,
    21.26333999633789
  ],
  "val_apparent_age_avg_loss": [
    214.14303588867188,
    239.22564697265625,
    154.41627502441406,
    251.51856994628906,
    217.2509307861328,
    213.37603759765625,
    293.052734375,
    232.40428161621094,
    257.57177734375,
    271.2423095703125
  ],
  "val_apparent_age_avg_mean_absolute_error": [
    12.289901733398438,
    11.776907920837402,
    9.707810401916504,
    12.512861251831055,
    10.980878829956055,
    10.832149505615234,
    12.665928840637207,
    10.606968879699707,
    11.350812911987305,
    10.684957504272461
  ],
  "val_apparent_age_avg_mean_squared_error": [
    214.14303588867188,
    239.22564697265625,
    154.41627502441406,
    251.51856994628906,
    217.2509307861328,
    213.37603759765625,
    293.052734375,
    232.40428161621094,
    257.57177734375,
    271.2423095703125
  ],
  "val_apparent_age_std_loss": [
    12.174124717712402,
    10.974084854125977,
    10.561901092529297,
    9.111184120178223,
    7.805139541625977,
    6.929462432861328,
    7.240400791168213,
    5.9648566246032715,
    5.55052375793457,
    4.427676200866699
  ],
  "val_apparent_age_std_mean_absolute_error": [
    3.0430033206939697,
    2.826833724975586,
    2.7473201751708984,
    2.48775577545166,
    2.367341995239258,
    2.0738275051116943,
    2.1059255599975586,
    1.8410767316818237,
    1.5894908905029297,
    1.5829269886016846
  ],
  "val_apparent_age_std_mean_squared_error": [
    12.174124717712402,
    10.974084854125977,
    10.561901092529297,
    9.111184120178223,
    7.805139541625977,
    6.929462432861328,
    7.240400791168213,
    5.9648566246032715,
    5.55052375793457,
    4.427676200866699
  ],
  "val_loss": [
    226.42103576660156,
    250.3035888671875,
    165.08201599121094,
    260.73358154296875,
    225.1598663330078,
    220.40927124023438,
    300.3968811035156,
    238.47286987304688,
    263.22601318359375,
    275.7736511230469
  ]
}