{
  "apparent_age_avg_loss": [
    34.517738342285156,
    30.651506423950195,
    27.048124313354492,
    32.21613311767578,
    24.051225662231445,
    25.097517013549805,
    23.460269927978516,
    31.43147087097168,
    26.205904006958008,
    26.14171028137207,
    19.193099975585938,
    21.84298324584961,
    26.67181968688965,
    20.479248046875
  ],
  "apparent_age_avg_mean_absolute_error": [
    4.495527744293213,
    4.3815836906433105,
    4.197765827178955,
    4.343299388885498,
    3.818281888961792,
    4.02163553237915,
    3.8001363277435303,
    4.367276668548584,
    3.9468867778778076,
    4.075121879577637,
    3.4230797290802,
    3.625763177871704,
    3.92246413230896,
    3.4734675884246826
  ],
  "apparent_age_avg_mean_squared_error": [
    34.517738342285156,
    30.651506423950195,
    27.048124313354492,
    32.21613311767578,
    24.051225662231445,
    25.097517013549805,
    23.460269927978516,
    31.43147087097168,
    26.205904006958008,
    26.14171028137207,
    19.193099975585938,
    21.84298324584961,
    26.67181968688965,
    20.479248046875
  ],
  "apparent_age_std_loss": [
    2.332627058029175,
    2.0900094509124756,
    1.8004978895187378,
    1.8233766555786133,
    2.153949499130249,
    1.8125661611557007,
    1.9465248584747314,
    2.290984869003296,
    1.992363691329956,
    2.2551112174987793,
    1.8318268060684204,
    2.0752203464508057,
    2.1109426021575928,
    1.663955569267273
  ],
  "apparent_age_std_mean_absolute_error": [
    1.128969430923462,
    1.0684486627578735,
    1.0259428024291992,
    1.0352712869644165,
    1.144291877746582,
    1.0517661571502686,
    1.0621511936187744,
    1.1352185010910034,
    1.089708685874939,
    1.1295613050460815,
    1.0382286310195923,
    1.081561803817749,
    1.0931061506271362,
    1.0166091918945312
  ],
  "apparent_age_std_mean_squared_error": [
    2.332627058029175,
    2.0900094509124756,
    1.8004978895187378,
    1.8233766555786133,
    2.153949499130249,
    1.8125661611557007,
    1.9465248584747314,
    2.290984869003296,
    1.992363691329956,
    2.2551112174987793,
    1.8318268060684204,
    2.0752203464508057,
    2.1109426021575928,
    1.663955569267273
  ],
  "loss": [
    36.95479202270508,
    32.84593963623047,
    28.953039169311523,
    34.1439208984375,
    26.309581756591797,
    27.014484405517578,
    25.511188507080078,
    33.82684326171875,
    28.302642822265625,
    28.501192092895508,
    21.129289627075195,
    24.022558212280273,
    28.887109756469727,
    22.247547149658203
  ],
  "val_apparent_age_avg_loss": [
    146.58587646484375,
    175.1172637939453,
    182.4169921875,
    141.93338012695312,
    179.3956756591797,
    162.73793029785156,
    170.39695739746094,
    158.46502685546875,
    176.03575134277344,
    155.94676208496094,
    182.68914794921875,
    157.3347625732422,
    167.68666076660156,
    187.4654083251953
  ],
  "val_apparent_age_avg_mean_absolute_error": [
    8.932585716247559,
    9.583906173706055,
    9.364412307739258,
    8.740717887878418,
    10.012961387634277,
    9.281620025634766,
    9.43150520324707,
    9.040282249450684,
    9.565077781677246,
    9.294808387756348,
    10.006600379943848,
    8.737282752990723,
    10.047837257385254,
    9.94247817993164
  ],
  "val_apparent_age_avg_mean_squared_error": [
    146.58587646484375,
    175.1172637939453,
    182.4169921875,
    141.93338012695312,
    179.3956756591797,
    162.73793029785156,
    170.39695739746094,
    158.46502685546875,
    176.03575134277344,
    155.94676208496094,
    182.68914794921875,
    157.3347625732422,
    167.68666076660156,
    187.4654083251953
  ],
  "val_apparent_age_std_loss": [
    3.3533847332000732,
    3.566991090774536,
    3.7079925537109375,
    3.665599822998047,
    3.9705257415771484,
    3.4230759143829346,
    3.3183746337890625,
    3.607804536819458,
    3.403548002243042,
    3.9095687866210938,
    3.8456459045410156,
    3.626957893371582,
    3.437765121459961,
    3.9451239109039307
  ],
  "val_apparent_age_std_mean_absolute_error": [
    1.4689124822616577,
    1.5339927673339844,
    1.6073309183120728,
    1.5581661462783813,
    1.6427806615829468,
    1.5430245399475098,
    1.5329132080078125,
    1.6183561086654663,
    1.4938768148422241,
    1.6200307607650757,
    1.60601007938385,
    1.5901259183883667,
    1.5608612298965454,
    1.6750601530075073
  ],
  "val_apparent_age_std_mean_squared_error": [
    3.3533847332000732,
    3.566991090774536,
    3.7079925537109375,
    3.665599822998047,
    3.9705257415771484,
    3.4230759143829346,
    3.3183746337890625,
    3.607804536819458,
    3.403548002243042,
    3.9095687866210938,
    3.8456459045410156,
    3.626957893371582,
    3.437765121459961,
    3.9451239109039307
  ],
  "val_loss": [
    150.04368591308594,
    178.7886505126953,
    186.2294158935547,
    145.70338439941406,
    183.4705810546875,
    166.2654266357422,
    173.8197021484375,
    162.17723083496094,
    179.5436553955078,
    159.96070861816406,
    186.63914489746094,
    161.0660858154297,
    171.228759765625,
    191.51487731933594
  ]
}