{
  "apparent_age_avg_loss": [
    74.13865661621094,
    47.1261100769043,
    41.7630615234375,
    40.3714599609375,
    36.3621826171875,
    32.243614196777344,
    32.96137237548828,
    32.39933395385742,
    31.789926528930664,
    29.145540237426758,
    26.256271362304688,
    32.65389633178711,
    27.397294998168945,
    26.127159118652344,
    27.33733558654785,
    26.020219802856445,
    25.69975471496582,
    23.42258071899414,
    27.39620018005371,
    21.717697143554688,
    25.45697593688965,
    24.967058181762695
  ],
  "apparent_age_avg_mean_absolute_error": [
    6.637284278869629,
    5.3331475257873535,
    5.038478374481201,
    4.921701431274414,
    4.714541435241699,
    4.393094062805176,
    4.430793762207031,
    4.404021739959717,
    4.3432769775390625,
    4.1239800453186035,
    3.95802903175354,
    4.3667216300964355,
    4.054545879364014,
    3.9134161472320557,
    4.036081314086914,
    3.896970510482788,
    3.929570198059082,
    3.7525157928466797,
    4.037012577056885,
    3.607429265975952,
    3.9320030212402344,
    3.941315174102783
  ],
  "apparent_age_avg_mean_squared_error": [
    74.13865661621094,
    47.1261100769043,
    41.7630615234375,
    40.3714599609375,
    36.3621826171875,
    32.243614196777344,
    32.96137237548828,
    32.39933395385742,
    31.789926528930664,
    29.145540237426758,
    26.256271362304688,
    32.65389633178711,
    27.397294998168945,
    26.127159118652344,
    27.33733558654785,
    26.020219802856445,
    25.69975471496582,
    23.42258071899414,
    27.39620018005371,
    21.717697143554688,
    25.45697593688965,
    24.967058181762695
  ],
  "apparent_age_std_loss": [
    4.758703708648682,
    2.372600793838501,
    2.3968124389648438,
    2.1624386310577393,
    2.174285411834717,
    1.9098371267318726,
    1.9940307140350342,
    1.8633359670639038,
    1.9217820167541504,
    1.9014114141464233,
    1.7160662412643433,
    1.7641878128051758,
    1.8552037477493286,
    1.7483482360839844,
    1.6946609020233154,
    1.7463657855987549,
    1.7726274728775024,
    1.6462994813919067,
    1.7337254285812378,
    1.6078670024871826,
    1.6669745445251465,
    1.6967495679855347
  ],
  "apparent_age_std_mean_absolute_error": [
    1.6390318870544434,
    1.1778644323349,
    1.1666560173034668,
    1.1112977266311646,
    1.1075055599212646,
    1.0566956996917725,
    1.07395601272583,
    1.0121347904205322,
    1.0440006256103516,
    1.0254820585250854,
    1.0033762454986572,
    1.0089105367660522,
    1.0153522491455078,
    0.9928799867630005,
    0.9861072301864624,
    1.0005385875701904,
    0.9926751852035522,
    0.9608154892921448,
    0.976181149482727,
    0.9505758881568909,
    0.9651342630386353,
    0.970158040523529
  ],
  "apparent_age_std_mean_squared_error": [
    4.758703708648682,
    2.372600793838501,
    2.3968124389648438,
    2.1624386310577393,
    2.174285411834717,
    1.9098371267318726,
    1.9940307140350342,
    1.8633359670639038,
    1.9217820167541504,
    1.9014114141464233,
    1.7160662412643433,
    1.7641878128051758,
    1.8552037477493286,
    1.7483482360839844,
    1.6946609020233154,
    1.7463657855987549,
    1.7726274728775024,
    1.6462994813919067,
    1.7337254285812378,
    1.6078670024871826,
    1.6669745445251465,
    1.6967495679855347
  ],
  "loss": [
    79.04928588867188,
    49.65070724487305,
    44.31181335449219,
    42.68576431274414,
    38.68825149536133,
    34.30508041381836,
    35.10691452026367,
    34.41405487060547,
    33.862953186035156,
    31.198110580444336,
    28.123315811157227,
    34.568946838378906,
    29.403261184692383,
    28.026103973388672,
    29.182485580444336,
    27.916975021362305,
    27.622615814208984,
    25.219030380249023,
    29.28000259399414,
    23.475482940673828,
    27.27369499206543,
    26.81340980529785
  ],
  "val_apparent_age_avg_loss": [
    118.19019317626953,
    113.2044448852539,
    106.38764190673828,
    109.40699005126953,
    108.3777084350586,
    108.95904541015625,
    107.75591278076172,
    108.33218383789062,
    96.62826538085938,
    98.2548828125,
    103.79407501220703,
    98.7690658569336,
    102.25402069091797,
    100.4371337890625,
    94.51464080810547,
    102.05785369873047,
    99.54257202148438,
    99.11774444580078,
    96.5865707397461,
    95.18280792236328,
    94.97966766357422,
    99.82242584228516
  ],
  "val_apparent_age_avg_mean_absolute_error": [
    8.405838966369629,
    8.01154613494873,
    7.749660015106201,
    7.909485340118408,
    7.830663681030273,
    7.8045654296875,
    7.738097667694092,
    7.7952494621276855,
    7.395426273345947,
    7.494016170501709,
    7.630024433135986,
    7.388807773590088,
    7.588128566741943,
    7.382648944854736,
    7.252252101898193,
    7.48478364944458,
    7.410908222198486,
    7.313591480255127,
    7.30775785446167,
    7.261598110198975,
    7.242908000946045,
    7.365901947021484
  ],
  "val_apparent_age_avg_mean_squared_error": [
    118.19019317626953,
    113.2044448852539,
    106.38764190673828,
    109.40699005126953,
    108.3777084350586,
    108.95904541015625,
    107.75591278076172,
    108.33218383789062,
    96.62826538085938,
    98.2548828125,
    103.79407501220703,
    98.7690658569336,
    102.25402069091797,
    100.4371337890625,
    94.51464080810547,
    102.05785369873047,
    99.54257202148438,
    99.11774444580078,
    96.5865707397461,
    95.18280792236328,
    94.97966766357422,
    99.82242584228516
  ],
  "val_apparent_age_std_loss": [
    3.2149550914764404,
    3.087415933609009,
    2.7478134632110596,
    2.825237989425659,
    2.803349733352661,
    2.894010305404663,
    2.8223793506622314,
    2.886193037033081,
    2.600416660308838,
    2.7531540393829346,
    2.719834327697754,
    2.575371503829956,
    2.638173818588257,
    2.694563150405884,
    2.595573902130127,
    2.5534088611602783,
    2.5739684104919434,
    2.584564208984375,
    2.3982207775115967,
    2.426647186279297,
    2.579397439956665,
    2.567767858505249
  ],
  "val_apparent_age_std_mean_absolute_error": [
    1.3715919256210327,
    1.3646718263626099,
    1.2917722463607788,
    1.3198853731155396,
    1.3078601360321045,
    1.304815411567688,
    1.3069416284561157,
    1.3211910724639893,
    1.260757565498352,
    1.2776234149932861,
    1.266757607460022,
    1.2301379442214966,
    1.2482434511184692,
    1.2690632343292236,
    1.2683902978897095,
    1.241545557975769,
    1.2489997148513794,
    1.2354483604431152,
    1.2121964693069458,
    1.2029002904891968,
    1.246755838394165,
    1.2389177083969116
  ],
  "val_apparent_age_std_mean_squared_error": [
    3.2149550914764404,
    3.087415933609009,
    2.7478134632110596,
    2.825237989425659,
    2.803349733352661,
    2.894010305404663,
    2.8223793506622314,
    2.886193037033081,
    2.600416660308838,
    2.7531540393829346,
    2.719834327697754,
    2.575371503829956,
    2.638173818588257,
    2.694563150405884,
    2.595573902130127,
    2.5534088611602783,
    2.5739684104919434,
    2.584564208984375,
    2.3982207775115967,
    2.426647186279297,
    2.579397439956665,
    2.567767858505249
  ],
  "val_loss": [
    121.55712890625,
    116.44380950927734,
    109.28736114501953,
    112.384033203125,
    111.3327407836914,
    112.00463104248047,
    110.7297134399414,
    111.36968231201172,
    99.3799057006836,
    101.15911865234375,
    106.66478729248047,
    101.49524688720703,
    105.0428695678711,
    103.2822265625,
    97.2606201171875,
    104.76155853271484,
    102.26676177978516,
    101.85245513916016,
    99.13479614257812,
    97.75927734375,
    97.7087173461914,
    102.53974151611328
  ]
}