{
  "apparent_age_avg_loss": [
    976.0390014648438,
    531.2077026367188,
    186.03089904785156,
    101.94818878173828,
    90.388671875,
    61.60136413574219,
    55.47769546508789,
    48.308311462402344,
    50.760135650634766,
    46.13450241088867
  ],
  "apparent_age_avg_mean_absolute_error": [
    27.614023208618164,
    19.261404037475586,
    10.481678009033203,
    7.955944538116455,
    7.774896621704102,
    5.995813369750977,
    5.674672603607178,
    5.5338568687438965,
    5.6071343421936035,
    5.351712226867676
  ],
  "apparent_age_std_loss": [
    0.0,
    0.0,
    0.0,
    0.0,
    0.0,
    0.0,
    0.0,
    0.0,
    0.0,
    0.0
  ],
  "loss": [
    976.1415405273438,
    531.310791015625,
    186.13441467285156,
    102.05236053466797,
    90.49356079101562,
    61.70696258544922,
    55.58376693725586,
    48.414756774902344,
    50.86689758300781,
    46.24153518676758
  ],
  "val_apparent_age_avg_loss": [
    810.0863647460938,
    357.60345458984375,
    164.23802185058594,
    170.69619750976562,
    148.12071228027344,
    153.7542724609375,
    170.0067596435547,
    161.7027130126953,
    153.97647094726562,
    160.4563751220703
  ],
  "val_apparent_age_avg_mean_absolute_error": [
    23.940160751342773,
    15.412857055664062,
    10.045832633972168,
    10.129071235656738,
    9.758891105651855,
    9.52726936340332,
    9.93751335144043,
    10.014036178588867,
    9.928707122802734,
    9.776533126831055
  ],
  "val_apparent_age_std_loss": [
    0.0,
    0.0,
    0.0,
    0.0,
    0.0,
    0.0,
    0.0,
    0.0,
    0.0,
    0.0
  ],
  "val_loss": [
    810.1891479492188,
    357.7066955566406,
    164.34188842773438,
    170.8007354736328,
    148.2260284423828,
    153.8601531982422,
    170.113037109375,
    161.80931091308594,
    154.08334350585938,
    160.5635528564453
  ]
}