{
  "apparent_age_avg_loss": [
    29.72049903869629,
    32.221946716308594,
    28.53167152404785,
    26.26289176940918,
    26.11769676208496,
    22.549598693847656,
    22.199560165405273,
    22.006900787353516,
    20.189632415771484,
    23.951709747314453,
    22.720657348632812
  ],
  "apparent_age_avg_mean_absolute_error": [
    4.187087535858154,
    4.324488639831543,
    4.03937292098999,
    3.962374687194824,
    3.9155170917510986,
    3.6449968814849854,
    3.693610668182373,
    3.640584945678711,
    3.49180006980896,
    3.7482049465179443,
    3.6608309745788574
  ],
  "apparent_age_avg_mean_squared_error": [
    29.72049903869629,
    32.221946716308594,
    28.53167152404785,
    26.26289176940918,
    26.11769676208496,
    22.549598693847656,
    22.199560165405273,
    22.006900787353516,
    20.189632415771484,
    23.951709747314453,
    22.720657348632812
  ],
  "apparent_age_std_loss": [
    1.8874869346618652,
    1.7542954683303833,
    1.8199224472045898,
    1.6781809329986572,
    1.7205559015274048,
    1.7696616649627686,
    1.7273141145706177,
    1.848865032196045,
    1.5233370065689087,
    1.7360700368881226,
    1.683154582977295
  ],
  "apparent_age_std_mean_absolute_error": [
    1.047935128211975,
    1.0114139318466187,
    0.9931548237800598,
    0.9837610721588135,
    0.9796593189239502,
    0.9970163106918335,
    0.954014241695404,
    1.011406421661377,
    0.9223015308380127,
    0.9847925305366516,
    0.9662649035453796
  ],
  "apparent_age_std_mean_squared_error": [
    1.8874869346618652,
    1.7542954683303833,
    1.8199224472045898,
    1.6781809329986572,
    1.7205559015274048,
    1.7696616649627686,
    1.7273141145706177,
    1.848865032196045,
    1.5233370065689087,
    1.7360700368881226,
    1.683154582977295
  ],
  "loss": [
    31.723045349121094,
    34.09128189086914,
    30.466632843017578,
    28.05609130859375,
    27.953262329101562,
    24.43425750732422,
    24.04186248779297,
    23.970745086669922,
    21.827926635742188,
    25.802732467651367,
    24.51875114440918
  ],
  "val_apparent_age_avg_loss": [
    84.75031280517578,
    91.2569351196289,
    92.2752914428711,
    86.97451782226562,
    88.96084594726562,
    93.52838897705078,
    85.43804168701172,
    89.3917007446289,
    89.260009765625,
    90.06671905517578,
    91.81610107421875
  ],
  "val_apparent_age_avg_mean_absolute_error": [
    7.159566402435303,
    7.318826198577881,
    7.286022186279297,
    7.178605556488037,
    7.401027202606201,
    7.427644729614258,
    7.072437286376953,
    7.270557880401611,
    7.430238723754883,
    7.26019811630249,
    7.390082836151123
  ],
  "val_apparent_age_avg_mean_squared_error": [
    84.75031280517578,
    91.2569351196289,
    92.2752914428711,
    86.97451782226562,
    88.96084594726562,
    93.52838897705078,
    85.43804168701172,
    89.3917007446289,
    89.260009765625,
    90.06671905517578,
    91.81610107421875
  ],
  "val_apparent_age_std_loss": [
    2.490680456161499,
    2.5972039699554443,
    2.710005044937134,
    2.550670862197876,
    2.5736446380615234,
    2.656240224838257,
    2.616337537765503,
    2.5368547439575195,
    2.70662784576416,
    2.6310112476348877,
    2.711810827255249
  ],
  "val_apparent_age_std_mean_absolute_error": [
    1.1938074827194214,
    1.2666622400283813,
    1.25601327419281,
    1.2281535863876343,
    1.2366231679916382,
    1.2323294878005981,
    1.2332038879394531,
    1.1986628770828247,
    1.2547798156738281,
    1.233388900756836,
    1.2765971422195435
  ],
  "val_apparent_age_std_mean_squared_error": [
    2.490680456161499,
    2.5972039699554443,
    2.710005044937134,
    2.550670862197876,
    2.5736446380615234,
    2.656240224838257,
    2.616337537765503,
    2.5368547439575195,
    2.70662784576416,
    2.6310112476348877,
    2.711810827255249
  ],
  "val_loss": [
    87.35604095458984,
    93.96918487548828,
    95.1003189086914,
    89.64019775390625,
    91.64949798583984,
    96.29962921142578,
    88.16936492919922,
    92.04351806640625,
    92.08159637451172,
    92.81268310546875,
    94.6428451538086
  ]
}