{
  "apparent_age_avg_loss": [
    28.702985763549805,
    26.855892181396484,
    26.114442825317383,
    26.65667152404785,
    24.43043327331543,
    25.65782356262207,
    23.506738662719727,
    22.7183780670166,
    23.450939178466797,
    24.129140853881836,
    22.405977249145508,
    22.856409072875977,
    22.80245590209961,
    20.558258056640625,
    20.817785263061523,
    20.9809513092041,
    18.833038330078125,
    21.21809959411621,
    21.005876541137695,
    19.70876121520996,
    19.876407623291016,
    20.924396514892578,
    21.643327713012695,
    21.957202911376953,
    19.281902313232422,
    19.427745819091797,
    18.072885513305664,
    20.181507110595703,
    19.49296760559082,
    18.90108299255371,
    17.937355041503906,
    20.5767822265625,
    19.764089584350586,
    18.659013748168945,
    17.280406951904297,
    20.831722259521484,
    18.185771942138672,
    17.477981567382812,
    17.824970245361328,
    19.075410842895508,
    19.0578556060791
  ],
  "apparent_age_avg_mean_absolute_error": [
    4.150688171386719,
    4.019706726074219,
    3.9818809032440186,
    3.9937095642089844,
    3.8774847984313965,
    3.9541592597961426,
    3.7080297470092773,
    3.7202937602996826,
    3.766923666000366,
    3.8014183044433594,
    3.6791534423828125,
    3.715674638748169,
    3.699460506439209,
    3.5070409774780273,
    3.554910182952881,
    3.5624351501464844,
    3.3960483074188232,
    3.5565192699432373,
    3.602689266204834,
    3.4908595085144043,
    3.416978359222412,
    3.544813871383667,
    3.592015027999878,
    3.6168930530548096,
    3.417051076889038,
    3.4206676483154297,
    3.3172898292541504,
    3.4851160049438477,
    3.4335336685180664,
    3.352698802947998,
    3.259653329849243,
    3.4882428646087646,
    3.4353954792022705,
    3.3583831787109375,
    3.23429799079895,
    3.5319981575012207,
    3.3283188343048096,
    3.2423994541168213,
    3.2665789127349854,
    3.3844025135040283,
    3.327561140060425
  ],
  "apparent_age_avg_mean_squared_error": [
    28.702985763549805,
    26.855892181396484,
    26.114442825317383,
    26.65667152404785,
    24.43043327331543,
    25.65782356262207,
    23.506738662719727,
    22.7183780670166,
    23.450939178466797,
    24.129140853881836,
    22.405977249145508,
    22.856409072875977,
    22.80245590209961,
    20.558258056640625,
    20.817785263061523,
    20.9809513092041,
    18.833038330078125,
    21.21809959411621,
    21.005876541137695,
    19.70876121520996,
    19.876407623291016,
    20.924396514892578,
    21.643327713012695,
    21.957202911376953,
    19.281902313232422,
    19.427745819091797,
    18.072885513305664,
    20.181507110595703,
    19.49296760559082,
    18.90108299255371,
    17.937355041503906,
    20.5767822265625,
    19.764089584350586,
    18.659013748168945,
    17.280406951904297,
    20.831722259521484,
    18.185771942138672,
    17.477981567382812,
    17.824970245361328,
    19.075410842895508,
    19.0578556060791
  ],
  "apparent_age_std_loss": [
    1.771367073059082,
    1.7534648180007935,
    1.7353030443191528,
    1.7191317081451416,
    1.6738108396530151,
    1.7368565797805786,
    1.71934974193573,
    1.6009266376495361,
    1.8071197271347046,
    1.7284802198410034,
    1.6924175024032593,
    1.6552332639694214,
    1.7687047719955444,
    1.6112176179885864,
    1.6609458923339844,
    1.6261287927627563,
    1.6697351932525635,
    1.5961676836013794,
    1.6810311079025269,
    1.6606378555297852,
    1.6509698629379272,
    1.5550589561462402,
    1.6074209213256836,
    1.569417119026184,
    1.600408911705017,
    1.678806185722351,
    1.598300576210022,
    1.5752379894256592,
    1.5649011135101318,
    1.5234816074371338,
    1.5650537014007568,
    1.7091498374938965,
    1.6046597957611084,
    1.4575181007385254,
    1.620638370513916,
    1.4539029598236084,
    1.6708588600158691,
    1.4836465120315552,
    1.5877745151519775,
    1.5603526830673218,
    1.5833624601364136
  ],
  "apparent_age_std_mean_absolute_error": [
    1.0165467262268066,
    0.9994958639144897,
    1.0100289583206177,
    0.9845229983329773,
    0.9745495915412903,
    0.9919255375862122,
    0.9795517325401306,
    0.9523123502731323,
    1.0083482265472412,
    0.9892452359199524,
    0.9732712507247925,
    0.9588222503662109,
    0.986477792263031,
    0.9456253051757812,
    0.9755604863166809,
    0.9624449610710144,
    0.9571143388748169,
    0.9476909637451172,
    0.9662284255027771,
    0.964978814125061,
    0.9413598775863647,
    0.9565673470497131,
    0.9609110355377197,
    0.9372277855873108,
    0.9517331719398499,
    0.9600296020507812,
    0.9476649165153503,
    0.9306000471115112,
    0.9444655776023865,
    0.9228236079216003,
    0.9431465864181519,
    0.9633344411849976,
    0.9362409114837646,
    0.9191907644271851,
    0.9366059303283691,
    0.9061492085456848,
    0.9725826382637024,
    0.9020715355873108,
    0.9536500573158264,
    0.9350659847259521,
    0.9295172095298767
  ],
  "apparent_age_std_mean_squared_error": [
    1.771367073059082,
    1.7534648180007935,
    1.7353030443191528,
    1.7191317081451416,
    1.6738108396530151,
    1.7368565797805786,
    1.71934974193573,
    1.6009266376495361,
    1.8071197271347046,
    1.7284802198410034,
    1.6924175024032593,
    1.6552332639694214,
    1.7687047719955444,
    1.6112176179885864,
    1.6609458923339844,
    1.6261287927627563,
    1.6697351932525635,
    1.5961676836013794,
    1.6810311079025269,
    1.6606378555297852,
    1.6509698629379272,
    1.5550589561462402,
    1.6074209213256836,
    1.569417119026184,
    1.600408911705017,
    1.678806185722351,
    1.598300576210022,
    1.5752379894256592,
    1.5649011135101318,
    1.5234816074371338,
    1.5650537014007568,
    1.7091498374938965,
    1.6046597957611084,
    1.4575181007385254,
    1.620638370513916,
    1.4539029598236084,
    1.6708588600158691,
    1.4836465120315552,
    1.5877745151519775,
    1.5603526830673218,
    1.5833624601364136
  ],
  "loss": [
    30.624765396118164,
    28.75975227355957,
    28.000118255615234,
    28.526153564453125,
    26.254575729370117,
    27.54498863220215,
    25.376371383666992,
    24.469572067260742,
    25.40829849243164,
    26.007831573486328,
    24.24858856201172,
    24.66181182861328,
    24.7213134765625,
    22.319616317749023,
    22.628847122192383,
    22.757171630859375,
    20.652849197387695,
    22.96432113647461,
    22.836936950683594,
    21.5194149017334,
    21.677366256713867,
    22.62943458557129,
    23.40069580078125,
    23.67656898498535,
    21.032230377197266,
    21.25644874572754,
    19.821075439453125,
    21.906606674194336,
    21.207706451416016,
    20.574386596679688,
    19.6522159576416,
    22.435720443725586,
    21.518516540527344,
    20.266284942626953,
    19.0507755279541,
    22.43533706665039,
    20.00631332397461,
    19.111297607421875,
    19.56239891052246,
    20.785398483276367,
    20.79082679748535
  ],