{
  "apparent_age_avg_loss": [
    74.29906463623047,
    73.31273651123047,
    62.2302360534668,
    48.08491897583008,
    65.6541976928711,
    47.641357421875,
    39.44936752319336,
    46.37335968017578,
    35.654754638671875,
    44.363651275634766,
    42.56012725830078,
    33.69843292236328,
    36.2558708190918,
    29.20936393737793
  ],
  "apparent_age_avg_mean_absolute_error": [
    6.737950801849365,
    6.4180402755737305,
    6.215159893035889,
    5.458577632904053,
    6.413069248199463,
    5.321357250213623,
    4.982234954833984,
    5.2201361656188965,
    4.779426574707031,
    5.239157199859619,
    5.085023403167725,
    4.611717224121094,
    4.9133381843566895,
    4.415703296661377
  ],
  "apparent_age_avg_mean_squared_error": [
    74.29906463623047,
    73.31273651123047,
    62.2302360534668,
    48.08491897583008,
    65.6541976928711,
    47.641357421875,
    39.44936752319336,
    46.37335968017578,
    35.654754638671875,
    44.363651275634766,
    42.56012725830078,
    33.69843292236328,
    36.2558708190918,
    29.20936393737793
  ],
  "apparent_age_std_loss": [
    9.815255165100098,
    9.270798683166504,
    8.829641342163086,
    10.27000904083252,
    9.118696212768555,
    8.250591278076172,
    8.659832954406738,
    8.708657264709473,
    7.857466697692871,
    6.985633850097656,
    8.201090812683105,
    6.88350772857666,
    7.453352451324463,
    6.806927680969238
  ],
  "apparent_age_std_mean_absolute_error": [
    2.6732335090637207,
    2.593141794204712,
    2.572805881500244,
    2.6855170726776123,
    2.5473954677581787,
    2.4425950050354004,
    2.407139301300049,
    2.4625279903411865,
    2.397240161895752,
    2.220064640045166,
    2.3488669395446777,
    2.155911445617676,
    2.2526917457580566,
    2.1694984436035156
  ],
  "apparent_age_std_mean_squared_error": [
    9.815255165100098,
    9.270798683166504,
    8.829641342163086,
    10.27000904083252,
    9.118696212768555,
    8.250591278076172,
    8.659832954406738,
    8.708657264709473,
    7.857466697692871,
    6.985633850097656,
    8.201090812683105,
    6.88350772857666,
    7.453352451324463,
    6.806927680969238
  ],
  "loss": [
    84.21833801269531,
    82.68756103515625,
    71.16389465332031,
    58.45894241333008,
    74.87690734863281,
    55.99595260620117,
    48.21319580078125,
    55.18601608276367,
    43.6162109375,
    51.453269958496094,
    50.86520004272461,
    40.68592071533203,
    43.81319808959961,
    36.12025833129883
  ],
  "val_apparent_age_avg_loss": [
    179.0921630859375,
    197.0452117919922,
    228.7166748046875,
    175.2242889404297,
    175.470703125,
    202.8963623046875,
    205.7350311279297,
    180.1110076904297,
    181.0651092529297,
    186.70240783691406,
    193.15362548828125,
    196.48883056640625,
    180.3236541748047,
    183.8323516845703
  ],
  "val_apparent_age_avg_mean_absolute_error": [
    10.675899505615234,
    10.993199348449707,
    11.326850891113281,
    10.170511245727539,
    10.345158576965332,
    10.878510475158691,
    10.9639310836792,
    10.035731315612793,
    10.648269653320312,
    10.032386779785156,
    10.45150375366211,
    11.113093376159668,
    10.214673042297363,
    10.385347366333008
  ],
  "val_apparent_age_avg_mean_squared_error": [
    179.0921630859375,
    197.0452117919922,
    228.7166748046875,
    175.2242889404297,
    175.470703125,
    202.8963623046875,
    205.7350311279297,
    180.1110076904297,
    181.0651092529297,
    186.70240783691406,
    193.15362548828125,
    196.48883056640625,
    180.3236541748047,
    183.8323516845703
  ],
  "val_apparent_age_std_loss": [
    9.136649131774902,
    9.395096778869629,
    9.233183860778809,
    8.625313758850098,
    8.997135162353516,
    8.69371223449707,
    7.716836452484131,
    8.420889854431152,
    7.9848198890686035,
    8.440479278564453,
    7.75160026550293,
    7.018091201782227,
    7.113569736480713,
    7.527719020843506
  ],
  "val_apparent_age_std_mean_absolute_error": [
    2.515427827835083,
    2.4288504123687744,
    2.4835023880004883,
    2.426725149154663,
    2.365903377532959,
    2.431534767150879,
    2.2312417030334473,
    2.2988617420196533,
    2.2515742778778076,
    2.311492443084717,
    2.2325825691223145,
    2.0536892414093018,
    2.0957000255584717,
    2.1732070446014404
  ],
  "val_apparent_age_std_mean_squared_error": [
    9.136649131774902,
    9.395096778869629,
    9.233183860778809,
    8.625313758850098,
    8.997135162353516,
    8.69371223449707,
    7.716836452484131,
    8.420889854431152,
    7.9848198890686035,
    8.440479278564453,
    7.75160026550293,
    7.018091201782227,
    7.113569736480713,
    7.527719020843506
  ],
  "val_loss": [
    188.3328399658203,
    206.54432678222656,
    238.0538787841797,
    183.95361328125,
    184.5718231201172,
    211.694091796875,
    213.5558624267578,
    188.6359100341797,
    189.1538848876953,
    195.24688720703125,
    201.0092010498047,
    203.61090087890625,
    187.54119873046875,
    191.4640350341797
  ]
}