{
  "apparent_age_avg_loss": [
    74.57963562011719,
    44.88677978515625,
    22.638591766357422,
    29.961057662963867,
    45.14934158325195,
    29.497211456298828,
    30.106731414794922,
    23.729589462280273,
    30.909053802490234,
    20.348373413085938,
    24.052581787109375
  ],
  "apparent_age_avg_mean_absolute_error": [
    6.563753128051758,
    5.216014862060547,
    3.904520034790039,
    4.456688404083252,
    5.250422954559326,
    4.524351119995117,
    4.434684753417969,
    3.764127731323242,
    4.374915599822998,
    3.5826618671417236,
    3.844630718231201
  ],
  "apparent_age_avg_mean_squared_error": [
    74.57963562011719,
    44.88677978515625,
    22.638591766357422,
    29.961057662963867,
    45.14934158325195,
    29.497211456298828,
    30.106731414794922,
    23.729589462280273,
    30.909053802490234,
    20.348373413085938,
    24.052581787109375
  ],
  "apparent_age_std_loss": [
    12.610008239746094,
    14.988929748535156,
    14.528162956237793,
    12.577964782714844,
    14.858713150024414,
    13.261611938476562,
    14.220284461975098,
    11.809881210327148,
    14.799515724182129,
    12.253249168395996,
    12.040407180786133
  ],
  "apparent_age_std_mean_absolute_error": [
    3.1206281185150146,
    3.5144810676574707,
    3.3568406105041504,
    3.129638195037842,
    3.383152484893799,
    3.179164409637451,
    3.39251708984375,
    3.0226683616638184,
    3.4486515522003174,
    3.047883987426758,
    2.9945411682128906
  ],
  "apparent_age_std_mean_squared_error": [
    12.610008239746094,
    14.988929748535156,
    14.528162956237793,
    12.577964782714844,
    14.858713150024414,
    13.261611938476562,
    14.220284461975098,
    11.809881210327148,
    14.799515724182129,
    12.253249168395996,
    12.040407180786133
  ],
  "loss": [
    87.29347229003906,
    59.97953414916992,
    37.27058029174805,
    42.642852783203125,
    60.111881256103516,
    42.862648010253906,
    44.43083953857422,
    35.643287658691406,
    45.81239318847656,
    32.705440521240234,
    36.196807861328125
  ],
  "val_apparent_age_avg_loss": [
    160.11196899414062,
    246.0342559814453,
    272.36981201171875,
    165.177490234375,
    180.1529541015625,
    210.00704956054688,
    213.89511108398438,
    255.68496704101562,
    181.93093872070312,
    187.41812133789062,
    189.18643188476562
  ],
  "val_apparent_age_avg_mean_absolute_error": [
    10.872970581054688,
    12.203166007995605,
    12.8406982421875,
    10.006640434265137,
    10.780805587768555,
    11.592991828918457,
    11.967784881591797,
    11.789886474609375,
    10.364910125732422,
    10.929550170898438,
    10.994918823242188
  ],
  "val_apparent_age_avg_mean_squared_error": [
    160.11196899414062,
    246.0342559814453,
    272.36981201171875,
    165.177490234375,
    180.1529541015625,
    210.00704956054688,
    213.89511108398438,
    255.68496704101562,
    181.93093872070312,
    187.41812133789062,
    189.18643188476562
  ],
  "val_apparent_age_std_loss": [
    10.815608024597168,
    9.62305736541748,
    10.276054382324219,
    10.083013534545898,
    10.440378189086914,
    9.880329132080078,
    9.996376037597656,
    10.51567554473877,
    10.32004451751709,
    9.90247631072998,
    10.200241088867188
  ],
  "val_apparent_age_std_mean_absolute_error": [
    2.7638204097747803,
    2.6240622997283936,
    2.663813352584839,
    2.6850247383117676,
    2.7114768028259277,
    2.636723756790161,
    2.6525356769561768,
    2.75289249420166,
    2.6921145915985107,
    2.5800375938415527,
    2.648715019226074
  ],
  "val_apparent_age_std_mean_squared_error": [
    10.815608024597168,
    9.62305736541748,
    10.276054382324219,
    10.083013534545898,
    10.440378189086914,
    9.880329132080078,
    9.996376037597656,
    10.51567554473877,
    10.32004451751709,
    9.90247631072998,
    10.200241088867188
  ],
  "val_loss": [
    171.0314178466797,
    255.7611541748047,
    282.7497253417969,
    175.36431884765625,
    190.69715881347656,
    219.99119567871094,
    223.99530029296875,
    266.3044738769531,
    192.35479736328125,
    197.42442321777344,
    199.49049377441406
  ]
}