{
  "apparent_age_avg_loss": [
    56.88039016723633,
    70.59025573730469,
    41.02431869506836,
    35.10912322998047,
    31.628469467163086,
    24.329328536987305,
    27.74540138244629,
    30.15968894958496,
    29.412561416625977,
    27.098636627197266,
    22.911014556884766,
    26.48733139038086,
    20.92693519592285,
    27.126989364624023,
    26.646059036254883,
    19.906009674072266,
    18.89346694946289,
    23.76917839050293,
    22.18013572692871
  ],
  "apparent_age_avg_mean_absolute_error": [
    5.87078857421875,
    6.2428107261657715,
    4.956116199493408,
    4.569470405578613,
    4.282686710357666,
    3.7672271728515625,
    4.135036468505859,
    3.883004665374756,
    4.135589599609375,
    3.868861436843872,
    3.6956655979156494,
    3.870124578475952,
    3.5952014923095703,
    3.973802328109741,
    3.8762497901916504,
    3.3803935050964355,
    3.295606851577759,
    3.6315433979034424,
    3.445310115814209
  ],
  "apparent_age_avg_mean_squared_error": [
    56.88039016723633,
    70.59025573730469,
    41.02431869506836,
    35.10912322998047,
    31.628469467163086,
    24.329328536987305,
    27.74540138244629,
    30.15968894958496,
    29.412561416625977,
    27.098636627197266,
    22.911014556884766,
    26.48733139038086,
    20.92693519592285,
    27.126989364624023,
    26.646059036254883,
    19.906009674072266,
    18.89346694946289,
    23.76917839050293,
    22.18013572692871
  ],
  "apparent_age_std_loss": [
    12.493478775024414,
    9.236822128295898,
    4.578337669372559,
    3.5589599609375,
    2.2300543785095215,
    2.7076282501220703,
    2.669373035430908,
    2.3667824268341064,
    2.2288103103637695,
    2.2094924449920654,
    2.0591843128204346,
    2.117006540298462,
    1.8707847595214844,
    2.098416805267334,
    1.8732701539993286,
    1.9374525547027588,
    1.5861523151397705,
    1.6737772226333618,
    1.9452100992202759
  ],
  "apparent_age_std_mean_absolute_error": [
    3.1169605255126953,
    2.5450499057769775,
    1.7512969970703125,
    1.398656964302063,
    1.1314722299575806,
    1.2445358037948608,
    1.215245246887207,
    1.1042174100875854,
    1.1321011781692505,
    1.1275190114974976,
    1.0959748029708862,
    1.0628063678741455,
    1.0503062009811401,
    1.0987454652786255,
    1.0063940286636353,
    1.0659161806106567,
    0.9243236184120178,
    0.9054341912269592,
    1.02231764793396
  ],
  "apparent_age_std_mean_squared_error": [
    12.493478775024414,
    9.236822128295898,
    4.578337669372559,
    3.5589599609375,
    2.2300543785095215,
    2.7076282501220703,
    2.669373035430908,
    2.3667824268341064,
    2.2288103103637695,
    2.2094924449920654,
    2.0591843128204346,
    2.117006540298462,
    1.8707847595214844,
    2.098416805267334,
    1.8732701539993286,
    1.9374525547027588,
    1.5861523151397705,
    1.6737772226333618,
    1.9452100992202759
  ],
  "loss": [
    69.47898864746094,
    79.93218994140625,
    45.70775604248047,
    38.773162841796875,
    33.96358108520508,
    27.141977310180664,
    30.519756317138672,
    32.63141632080078,
    31.746274948120117,
    29.412992477416992,
    25.075016021728516,
    28.7091121673584,
    22.902454376220703,
    29.330102920532227,
    28.623987197875977,
    21.94808006286621,
    20.584197998046875,
    25.547489166259766,
    24.229839324951172
  ],
  "val_apparent_age_avg_loss": [
    165.2873077392578,
    195.63121032714844,
    174.1896514892578,
    188.7086181640625,
    164.87159729003906,
    156.01788330078125,
    156.48231506347656,
    145.88607788085938,
    175.95481872558594,
    154.90736389160156,
    151.63385009765625,
    131.66978454589844,
    148.49478149414062,
    155.5768280029297,
    141.32351684570312,
    169.12469482421875,
    171.4922332763672,
    147.90843200683594,
    159.81707763671875
  ],
  "val_apparent_age_avg_mean_absolute_error": [
    9.987198829650879,
    11.024304389953613,
    9.922027587890625,
    10.200957298278809,
    9.711735725402832,
    9.432811737060547,
    9.195464134216309,
    9.26319408416748,
    9.553614616394043,
    9.188323020935059,
    9.098095893859863,
    8.893342018127441,
    9.22270679473877,
    9.437464714050293,
    9.202252388000488,
    9.557221412658691,
    9.562418937683105,
    9.146183967590332,
    9.4522123336792
  ],
  "val_apparent_age_avg_mean_squared_error": [
    165.2873077392578,
    195.63121032714844,
    174.1896514892578,
    188.7086181640625,
    164.87159729003906,
    156.01788330078125,
    156.48231506347656,
    145.88607788085938,
    175.95481872558594,
    154.90736389160156,
    151.63385009765625,
    131.66978454589844,
    148.49478149414062,
    155.5768280029297,
    141.32351684570312,
    169.12469482421875,
    171.4922332763672,
    147.90843200683594,
    159.81707763671875
  ],
  "val_apparent_age_std_loss": [
    10.001829147338867,
    7.24606466293335,
    5.153071880340576,
    4.665754318237305,
    4.692106246948242,
    4.88051176071167,
    4.440779209136963,
    4.449955940246582,
    4.405600070953369,
    4.2411394119262695,
    4.346685409545898,
    4.562750816345215,
    4.629823684692383,
    4.68625545501709,
    4.28399658203125,
    3.907792329788208,
    3.923733949661255,
    3.830595016479492,
    3.839477777481079
  ],
  "val_apparent_age_std_mean_absolute_error": [
    2.632098436355591,
    2.194938898086548,
    1.8029061555862427,
    1.7063674926757812,
    1.7253808975219727,
    1.7573281526565552,
    1.7687855958938599,
    1.6924781799316406,
    1.7478322982788086,
    1.7063060998916626,
    1.7476035356521606,
    1.6922578811645508,
    1.7833257913589478,
    1.818264365196228,
    1.6911953687667847,
    1.5397363901138306,
    1.61147940158844,
    1.6095234155654907,
    1.592833399772644
  ],
  "val_apparent_age_std_mean_squared_error": [
    10.001829147338867,
    7.24606466293335,
    5.153071880340576,
    4.665754318237305,
    4.692106246948242,
    4.88051176071167,
    4.440779209136963,
    4.449955940246582,
    4.405600070953369,
    4.2411394119262695,
    4.346685409545898,
    4.562750816345215,
    4.629823684692383,
    4.68625545501709,
    4.28399658203125,
    3.907792329788208,
    3.923733949661255,
    3.830595016479492,
    3.839477777481079
  ],
  "val_loss": [
    175.3942413330078,
    202.98236083984375,
    179.4478302001953,
    193.47943115234375,
    169.6687469482422,
    161.00340270996094,
    161.02806091308594,
    150.4409637451172,
    180.4652862548828,
    159.2533416748047,
    156.08534240722656,
    136.33726501464844,
    153.22930908203125,
    160.36773681640625,
    145.712158203125,
    173.13710021972656,
    175.52052307128906,
    151.8435516357422,
    163.7610321044922
  ]
}