{
  "apparent_age_avg_loss": [
    886.4198608398438,
    445.69964599609375,
    158.78289794921875,
    97.03390502929688,
    75.59087371826172,
    70.45285034179688,
    53.83357620239258,
    52.873023986816406,
    50.702205657958984,
    44.689842224121094,
    43.37615966796875,
    40.65959167480469,
    40.88897705078125,
    35.790523529052734,
    37.88780975341797,
    35.46261978149414,
    38.15724182128906
  ],
  "apparent_age_avg_mean_absolute_error": [
    26.31652069091797,
    17.603445053100586,
    9.786367416381836,
    7.892580986022949,
    6.784048080444336,
    6.566688060760498,
    5.581023693084717,
    5.664252281188965,
    5.535895347595215,
    5.211337089538574,
    5.084802627563477,
    4.899585247039795,
    4.8918962478637695,
    4.5554327964782715,
    4.669074058532715,
    4.56649112701416,
    4.727959632873535
  ],
  "apparent_age_std_loss": [
    0.0,
    0.0,
    0.0,
    0.0,
    0.0,
    0.0,
    0.0,
    0.0,
    0.0,
    0.0,
    0.0,
    0.0,
    0.0,
    0.0,
    0.0,
    0.0,
    0.0
  ],
  "loss": [
    886.5223388671875,
    445.8026123046875,
    158.8863983154297,
    97.13807678222656,
    75.69574737548828,
    70.55831146240234,
    53.93948745727539,
    52.979251861572266,
    50.808753967285156,
    44.79671096801758,
    43.4832763671875,
    40.76692199707031,
    40.99660873413086,
    35.89845275878906,
    37.995906829833984,
    35.57081604003906,
    38.265647888183594
  ],
  "val_apparent_age_avg_loss": [
    679.8277587890625,
    305.63848876953125,
    167.67471313476562,
    176.5313262939453,
    165.65660095214844,
    152.65000915527344,
    152.58291625976562,
    157.17727661132812,
    181.44277954101562,
    148.70657348632812,
    147.5422821044922,
    145.3693389892578,
    167.8472442626953,
    156.15382385253906,
    152.9120635986328,
    157.23605346679688,
    155.37391662597656
  ],
  "val_apparent_age_avg_mean_absolute_error": [
    22.126049041748047,
    13.984895706176758,
    10.174372673034668,
    10.577746391296387,
    9.751826286315918,
    9.629758834838867,
    9.282134056091309,
    9.371994018554688,
    10.621343612670898,
    9.245466232299805,
    9.441646575927734,
    9.277019500732422,
    10.04787826538086,
    10.012523651123047,
    9.423433303833008,
    9.853023529052734,
    9.908795356750488
  ],
  "val_apparent_age_std_loss": [
    0.0,
    0.0,
    0.0,
    0.0,
    0.0,
    0.0,
    0.0,
    0.0,
    0.0,
    0.0,
    0.0,
    0.0,
    0.0,
    0.0,
    0.0,
    0.0,
    0.0
  ],
  "val_loss": [
    679.9305419921875,
    305.74169921875,
    167.77853393554688,
    176.63589477539062,
    165.76181030273438,
    152.7557373046875,
    152.6890106201172,
    157.28366088867188,
    181.5495147705078,
    148.81356811523438,
    147.64950561523438,
    145.47683715820312,
    167.95506286621094,
    156.26187133789062,
    153.0202178955078,
    157.34434509277344,
    155.4824676513672
  ]
}