{
  "apparent_age_avg_loss": [
    78.12725830078125,
    55.57118606567383,
    47.266143798828125,
    43.21607971191406,
    37.735076904296875,
    40.538002014160156,
    30.966947555541992,
    33.95319366455078,
    29.753360748291016,
    29.641193389892578,
    26.57969856262207,
    25.796545028686523,
    28.338214874267578,
    25.87892723083496,
    27.662364959716797,
    26.417816162109375,
    24.344688415527344,
    25.529163360595703,
    24.103532791137695
  ],
  "apparent_age_avg_mean_absolute_error": [
    6.8017683029174805,
    5.807994842529297,
    5.344232082366943,
    4.978130340576172,
    4.743117332458496,
    4.846369743347168,
    4.3596673011779785,
    4.439559459686279,
    4.272000789642334,
    4.241110801696777,
    4.008049011230469,
    3.90617036819458,
    4.023865699768066,
    3.9480173587799072,
    4.070744514465332,
    3.933988571166992,
    3.810260772705078,
    3.907827138900757,
    3.816035509109497
  ],
  "apparent_age_avg_mean_squared_error": [
    78.12725830078125,
    55.57118606567383,
    47.266143798828125,
    43.21607971191406,
    37.735076904296875,
    40.538002014160156,
    30.966947555541992,
    33.95319366455078,
    29.753360748291016,
    29.641193389892578,
    26.57969856262207,
    25.796545028686523,
    28.338214874267578,
    25.87892723083496,
    27.662364959716797,
    26.417816162109375,
    24.344688415527344,
    25.529163360595703,
    24.103532791137695
  ],
  "apparent_age_std_loss": [
    6.153890609741211,
    2.853147029876709,
    2.388803243637085,
    2.4466493129730225,
    2.2231082916259766,
    2.2965359687805176,
    2.1243717670440674,
    1.9918677806854248,
    1.9853383302688599,
    2.020561456680298,
    1.8346385955810547,
    1.7942650318145752,
    1.7437241077423096,
    1.786970615386963,
    1.801267147064209,
    1.705410361289978,
    1.6306304931640625,
    1.835770606994629,
    1.6706167459487915
  ],
  "apparent_age_std_mean_absolute_error": [
    1.9550018310546875,
    1.302286148071289,
    1.1603878736495972,
    1.1788324117660522,
    1.1376999616622925,
    1.147650122642517,
    1.1001288890838623,
    1.0588866472244263,
    1.048905611038208,
    1.077202320098877,
    1.0317564010620117,
    1.0069819688796997,
    0.9886489510536194,
    1.0255627632141113,
    1.000598430633545,
    0.9983648657798767,
    0.9663943648338318,
    0.9994447827339172,
    1.0053846836090088
  ],
  "apparent_age_std_mean_squared_error": [
    6.153890609741211,
    2.853147029876709,
    2.388803243637085,
    2.4466493129730225,
    2.2231082916259766,
    2.2965359687805176,
    2.1243717670440674,
    1.9918677806854248,
    1.9853383302688599,
    2.020561456680298,
    1.8346385955810547,
    1.7942650318145752,
    1.7437241077423096,
    1.786970615386963,
    1.801267147064209,
    1.705410361289978,
    1.6306304931640625,
    1.835770606994629,
    1.6706167459487915
  ],
  "loss": [
    84.39205169677734,
    58.53524398803711,
    49.76580810546875,
    45.773502349853516,
    40.06886291503906,
    42.94511413574219,
    33.20179748535156,
    36.055450439453125,
    31.848987579345703,
    31.771957397460938,
    28.524444580078125,
    27.700836181640625,
    30.191869735717773,
    27.77574920654297,
    29.573406219482422,
    28.232921600341797,
    26.084932327270508,
    27.474475860595703,
    25.883621215820312
  ],
  "val_apparent_age_avg_loss": [
    133.72557067871094,
    125.2021484375,
    108.76455688476562,
    110.1612319946289,
    96.65066528320312,
    102.7500991821289,
    103.20618438720703,
    102.2511978149414,
    94.39286041259766,
    107.84259033203125,
    106.9289779663086,
    90.92980194091797,
    98.66314697265625,
    95.5565414428711,
    94.20781707763672,
    93.8816909790039,
    92.8034439086914,
    100.51021575927734,
    93.0307388305664
  ],
  "val_apparent_age_avg_mean_absolute_error": [
    8.9821138381958,
    8.58898639678955,
    7.987453937530518,
    8.070719718933105,
    7.641482830047607,
    7.742682933807373,
    7.8106536865234375,
    7.8202223777771,
    7.43980598449707,
    8.052602767944336,
    7.908956050872803,
    7.352031707763672,
    7.565967082977295,
    7.515541076660156,
    7.423606872558594,
    7.306460857391357,
    7.475382328033447,
    7.631361484527588,
    7.39376974105835
  ],
  "val_apparent_age_avg_mean_squared_error": [
    133.72557067871094,
    125.2021484375,
    108.76455688476562,
    110.1612319946289,
    96.65066528320312,
    102.7500991821289,
    103.20618438720703,
    102.2511978149414,
    94.39286041259766,
    107.84259033203125,
    106.9289779663086,
    90.92980194091797,
    98.66314697265625,
    95.5565414428711,
    94.20781707763672,
    93.8816909790039,
    92.8034439086914,
    100.51021575927734,
    93.0307388305664
  ],
  "val_apparent_age_std_loss": [
    3.6587250232696533,
    3.2616255283355713,
    3.0482046604156494,
    2.8588831424713135,
    2.7871482372283936,
    3.000664710998535,
    2.914552927017212,
    2.8751838207244873,
    2.639352560043335,
    2.756122589111328,
    2.6666252613067627,
    2.666807174682617,
    2.873896837234497,
    2.671635866165161,
    2.651273727416992,
    2.473428964614868,
    2.550506591796875,
    2.670351266860962,
    2.7031495571136475
  ],
  "val_apparent_age_std_mean_absolute_error": [
    1.4978388547897339,
    1.404542088508606,
    1.3483986854553223,
    1.3377056121826172,
    1.3087793588638306,
    1.3533614873886108,
    1.3379677534103394,
    1.3069217205047607,
    1.238174557685852,
    1.3036853075027466,
    1.2657166719436646,
    1.271976113319397,
    1.3047128915786743,
    1.256950855255127,
    1.258612036705017,
    1.2061140537261963,
    1.2344948053359985,
    1.2756046056747437,
    1.2732605934143066
  ],
  "val_apparent_age_std_mean_squared_error": [
    3.6587250232696533,
    3.2616255283355713,
    3.0482046604156494,
    2.8588831424713135,
    2.7871482372283936,
    3.000664710998535,
    2.914552927017212,
    2.8751838207244873,
    2.639352560043335,
    2.756122589111328,
    2.6666252613067627,
    2.666807174682617,
    2.873896837234497,
    2.671635866165161,
    2.651273727416992,
    2.473428964614868,
    2.550506591796875,
    2.670351266860962,
    2.7031495571136475
  ],
  "val_loss": [
    137.49525451660156,
    128.57464599609375,
    111.923583984375,
    113.1308364868164,
    99.5484390258789,
    105.86129760742188,
    106.231201171875,
    105.2367172241211,
    97.1424789428711,
    110.7088851928711,
    109.70565795898438,
    93.70658111572266,
    101.64693450927734,
    98.3379898071289,
    96.96881866455078,
    96.46478271484375,
    95.4635238647461,
    103.29007720947266,
    95.84331512451172
  ]
}