{
  "apparent_age_avg_loss": [
    299.8492736816406,
    120.11986541748047,
    99.35263061523438,
    95.5351791381836,
    95.2947006225586,
    82.92036437988281,
    84.92593383789062,
    75.32035064697266,
    68.18870544433594,
    70.2390365600586,
    67.78097534179688,
    68.58134460449219,
    62.799320220947266,
    61.86767578125,
    58.7487678527832,
    60.11549758911133,
    54.188018798828125,
    57.85394287109375
  ],
  "apparent_age_avg_mean_absolute_error": [
    12.967910766601562,
    8.444364547729492,
    7.676456451416016,
    7.490170001983643,
    7.423428058624268,
    7.0346527099609375,
    7.082438945770264,
    6.651589393615723,
    6.3824052810668945,
    6.4512248039245605,
    6.297158241271973,
    6.3531036376953125,
    6.045124530792236,
    6.023034572601318,
    5.939840316772461,
    5.910012245178223,
    5.670811653137207,
    5.894460201263428
  ],
  "apparent_age_std_loss": [
    0.0,
    0.0,
    0.0,
    0.0,
    0.0,
    0.0,
    0.0,
    0.0,
    0.0,
    0.0,
    0.0,
    0.0,
    0.0,
    0.0,
    0.0,
    0.0,
    0.0,
    0.0
  ],
  "loss": [
    299.953857421875,
    120.22893524169922,
    99.4652099609375,
    95.65093231201172,
    95.414306640625,
    83.04407501220703,
    85.0536880493164,
    75.4523696899414,
    68.32528686523438,
    70.37981414794922,
    67.9262466430664,
    68.73129272460938,
    62.9540901184082,
    62.02715301513672,
    58.912757873535156,
    60.28443145751953,
    54.36191177368164,
    58.03253936767578
  ],
  "val_apparent_age_avg_loss": [
    140.96807861328125,
    132.321044921875,
    126.50796508789062,
    121.72075653076172,
    123.51107025146484,
    132.22789001464844,
    123.41878509521484,
    128.66358947753906,
    121.38034057617188,
    118.13004302978516,
    128.8266143798828,
    127.32937622070312,
    116.1689453125,
    118.34266662597656,
    130.4204559326172,
    118.10420989990234,
    120.27384185791016,
    121.47520446777344
  ],
  "val_apparent_age_avg_mean_absolute_error": [
    9.090036392211914,
    8.75667953491211,
    8.594165802001953,
    8.365802764892578,
    8.44892406463623,
    8.66748046875,
    8.454891204833984,
    8.573033332824707,
    8.345037460327148,
    8.15085220336914,
    8.40237808227539,
    8.56164836883545,
    8.156375885009766,
    8.162766456604004,
    8.511884689331055,
    8.06076431274414,
    8.321002006530762,
    8.30570125579834
  ],
  "val_apparent_age_std_loss": [
    0.0,
    0.0,
    0.0,
    0.0,
    0.0,
    0.0,
    0.0,
    0.0,
    0.0,
    0.0,
    0.0,
    0.0,
    0.0,
    0.0,
    0.0,
    0.0,
    0.0,
    0.0
  ],
  "val_loss": [
    141.07528686523438,
    132.43194580078125,
    126.6220703125,
    121.83839416503906,
    123.6329345703125,
    132.3535919189453,
    123.54869079589844,
    128.79800415039062,
    121.51914978027344,
    118.27291870117188,
    128.97410583496094,
    127.48146057128906,
    116.326416015625,
    118.50431060791016,
    130.58705139160156,
    118.27582550048828,
    120.45026397705078,
    121.65663146972656
  ]
}