{
  "apparent_age_avg_loss": [
    86.39480590820312,
    62.48838806152344,
    40.867408752441406,
    43.24468994140625,
    39.048763275146484,
    33.41315460205078,
    29.003387451171875,
    28.030296325683594,
    32.88418960571289,
    27.7679443359375,
    28.943424224853516,
    33.632179260253906,
    35.92573547363281,
    27.577680587768555,
    26.76197052001953,
    30.676546096801758,
    29.029537200927734,
    30.04106330871582
  ],
  "apparent_age_avg_mean_absolute_error": [
    7.070279598236084,
    6.0349955558776855,
    4.906898021697998,
    5.160947322845459,
    4.794620037078857,
    4.45646858215332,
    4.2597198486328125,
    4.1466450691223145,
    4.43384313583374,
    4.2170820236206055,
    4.240525245666504,
    4.519566535949707,
    4.603980541229248,
    4.083515644073486,
    4.001238822937012,
    4.209268569946289,
    4.0977253913879395,
    4.323958873748779
  ],
  "apparent_age_avg_mean_squared_error": [
    86.39480590820312,
    62.48838806152344,
    40.867408752441406,
    43.24468994140625,
    39.048763275146484,
    33.41315460205078,
    29.003387451171875,
    28.030296325683594,
    32.88418960571289,
    27.7679443359375,
    28.943424224853516,
    33.632179260253906,
    35.92573547363281,
    27.577680587768555,
    26.76197052001953,
    30.676546096801758,
    29.029537200927734,
    30.04106330871582
  ],
  "apparent_age_std_loss": [
    10.806631088256836,
    4.496803283691406,
    2.8416085243225098,
    2.550126314163208,
    2.294215440750122,
    2.205389976501465,
    2.3156015872955322,
    2.0081865787506104,
    2.1772422790527344,
    2.0107436180114746,
    1.9614492654800415,
    1.9010716676712036,
    1.9579150676727295,
    1.9258511066436768,
    1.5691090822219849,
    2.066012382507324,
    1.745076060295105,
    1.4524372816085815
  ],
  "apparent_age_std_mean_absolute_error": [
    2.8661298751831055,
    1.6554471254348755,
    1.2803579568862915,
    1.2634886503219604,
    1.1249476671218872,
    1.1546071767807007,
    1.160347819328308,
    1.0622820854187012,
    1.1166051626205444,
    1.0972939729690552,
    1.0702141523361206,
    1.0503005981445312,
    1.0372906923294067,
    1.0746488571166992,
    0.9607006907463074,
    1.0834908485412598,
    1.0227563381195068,
    0.9124084115028381
  ],
  "apparent_age_std_mean_squared_error": [
    10.806631088256836,
    4.496803283691406,
    2.8416085243225098,
    2.550126314163208,
    2.294215440750122,
    2.205389976501465,
    2.3156015872955322,
    2.0081865787506104,
    2.1772422790527344,
    2.0107436180114746,
    1.9614492654800415,
    1.9010716676712036,
    1.9579150676727295,
    1.9258511066436768,
    1.5691090822219849,
    2.066012382507324,
    1.745076060295105,
    1.4524372816085815
  ],
  "loss": [
    97.30673217773438,
    67.09050750732422,
    43.81430435180664,
    45.900062561035156,
    41.44816207885742,
    35.72366714477539,
    31.42403793334961,
    30.143461227416992,
    35.16633605957031,
    29.883522033691406,
    31.009632110595703,
    35.63794708251953,
    37.988285064697266,
    29.608097076416016,
    28.435585021972656,
    32.84699630737305,
    30.87898063659668,
    31.597810745239258
  ],
  "val_apparent_age_avg_loss": [
    133.45028686523438,
    141.99261474609375,
    151.5166015625,
    128.83840942382812,
    143.841064453125,
    133.28265380859375,
    143.55126953125,
    129.15219116210938,
    134.3104705810547,
    123.7322998046875,
    117.38216400146484,
    143.44598388671875,
    128.75146484375,
    123.44791412353516,
    119.42498779296875,
    132.5535125732422,
    124.7580337524414,
    126.342041015625
  ],
  "val_apparent_age_avg_mean_absolute_error": [
    9.170404434204102,
    9.373392105102539,
    9.536916732788086,
    8.958141326904297,
    9.348405838012695,
    9.072379112243652,
    9.091293334960938,
    9.040006637573242,
    9.202808380126953,
    8.4667329788208,
    8.378460884094238,
    9.423500061035156,
    8.873879432678223,
    8.639330863952637,
    8.576382637023926,
    9.022659301757812,
    8.715322494506836,
    8.666547775268555
  ],
  "val_apparent_age_avg_mean_squared_error": [
    133.45028686523438,
    141.99261474609375,
    151.5166015625,
    128.83840942382812,
    143.841064453125,
    133.28265380859375,
    143.55126953125,
    129.15219116210938,
    134.3104705810547,
    123.7322998046875,
    117.38216400146484,
    143.44598388671875,
    128.75146484375,
    123.44791412353516,
    119.42498779296875,
    132.5535125732422,
    124.7580337524414,
    126.342041015625
  ],
  "val_apparent_age_std_loss": [
    6.460971832275391,
    3.545836925506592,
    3.692664623260498,
    3.6907241344451904,
    3.683234453201294,
    3.113471269607544,
    3.3170127868652344,
    3.1665360927581787,
    2.9489312171936035,
    3.1778602600097656,
    3.242832899093628,
    3.3062851428985596,
    3.4105942249298096,
    3.087862730026245,
    2.7851505279541016,
    3.282926082611084,
    2.9522697925567627,
    2.7695138454437256
  ],
  "val_apparent_age_std_mean_absolute_error": [
    2.006040096282959,
    1.4805561304092407,
    1.5484155416488647,
    1.5593740940093994,
    1.5036752223968506,
    1.392810583114624,
    1.4248807430267334,
    1.4097732305526733,
    1.3413407802581787,
    1.4147770404815674,
    1.401416540145874,
    1.434871792793274,
    1.4489803314208984,
    1.396838903427124,
    1.3312774896621704,
    1.48238205909729,
    1.3789513111114502,
    1.3220943212509155
  ],
  "val_apparent_age_std_mean_squared_error": [
    6.460971832275391,
    3.545836925506592,
    3.692664623260498,
    3.6907241344451904,
    3.683234453201294,
    3.113471269607544,
    3.3170127868652344,
    3.1665360927581787,
    2.9489312171936035,
    3.1778602600097656,
    3.242832899093628,
    3.3062851428985596,
    3.4105942249298096,
    3.087862730026245,
    2.7851505279541016,
    3.282926082611084,
    2.9522697925567627,
    2.7695138454437256
  ],
  "val_loss": [
    140.01657104492188,
    145.6437530517578,
    155.3145294189453,
    132.6343536376953,
    147.6294403076172,
    136.50119018554688,
    146.97329711914062,
    132.42367553710938,
    137.36427307128906,
    127.01495361328125,
    120.7297134399414,
    146.85693359375,
    132.26666259765625,
    126.64030456542969,
    122.3145980834961,
    135.9408416748047,
    127.81462097167969,
    129.2158203125
  ]
}