{
  "apparent_age_avg_loss": [
    341.5543212890625,
    108.48672485351562,
    93.8379135131836,
    93.32599639892578,
    84.49821472167969,
    79.9340591430664,
    77.08311462402344,
    68.91387176513672,
    66.16475677490234
  ],
  "apparent_age_avg_mean_absolute_error": [
    13.994402885437012,
    8.055907249450684,
    7.351714611053467,
    7.386646270751953,
    7.008501052856445,
    6.913031101226807,
    6.75978946685791,
    6.480295181274414,
    6.263736248016357
  ],
  "apparent_age_std_loss": [
    0.0,
    0.0,
    0.0,
    0.0,
    0.0,
    0.0,
    0.0,
    0.0,
    0.0
  ],
  "loss": [
    341.6581726074219,
    108.59342956542969,
    93.94652557373047,
    93.43669891357422,
    84.611083984375,
    80.0490951538086,
    77.20024108886719,
    69.03321838378906,
    66.28653717041016
  ],
  "val_apparent_age_avg_loss": [
    154.2831573486328,
    141.29481506347656,
    134.4154815673828,
    134.18528747558594,
    145.08360290527344,
    138.05189514160156,
    139.55770874023438,
    142.46046447753906,
    135.77630615234375
  ],
  "val_apparent_age_avg_mean_absolute_error": [
    9.500008583068848,
    8.984371185302734,
    8.884587287902832,
    8.750823020935059,
    9.072609901428223,
    8.909287452697754,
    8.93150806427002,
    8.942298889160156,
    8.914145469665527
  ],
  "val_apparent_age_std_loss": [
    0.0,
    0.0,
    0.0,
    0.0,
    0.0,
    0.0,
    0.0,
    0.0,
    0.0
  ],
  "val_loss": [
    154.3887481689453,
    141.40257263183594,
    134.5251007080078,
    134.29725646972656,
    145.19757080078125,
    138.16798400878906,
    139.6759796142578,
    142.5809783935547,
    135.8994903564453
  ]
}