{
  "apparent_age_avg_loss": [
    88.87826538085938,
    62.326900482177734,
    52.855751037597656,
    46.323822021484375,
    45.88200759887695,
    41.331642150878906,
    37.193965911865234,
    35.953697204589844,
    35.89339828491211,
    33.14899444580078,
    33.69364547729492,
    31.76740264892578,
    31.344703674316406,
    28.9953670501709,
    27.145366668701172,
    28.25523567199707,
    27.66724395751953,
    25.72075080871582,
    26.151823043823242,
    25.815444946289062,
    25.66819190979004,
    24.400266647338867,
    24.519990921020508,
    23.275428771972656,
    23.29010772705078,
    24.19819450378418,
    23.969942092895508,
    23.361650466918945,
    23.114124298095703
  ],
  "apparent_age_avg_mean_absolute_error": [
    7.170992851257324,
    6.047900199890137,
    5.572872638702393,
    5.258175373077393,
    5.246575832366943,
    5.0080718994140625,
    4.726182460784912,
    4.638462543487549,
    4.643977642059326,
    4.436860084533691,
    4.480659008026123,
    4.394982814788818,
    4.359883785247803,
    4.166372299194336,
    3.9882850646972656,
    4.123878002166748,
    4.078032970428467,
    3.924877643585205,
    3.9655258655548096,
    3.9753711223602295,
    3.906001091003418,
    3.81644344329834,
    3.81274676322937,
    3.7213244438171387,
    3.712324857711792,
    3.794489622116089,
    3.7921500205993652,
    3.7178287506103516,
    3.7000110149383545
  ],
  "apparent_age_avg_mean_squared_error": [
    88.87826538085938,
    62.326900482177734,
    52.855751037597656,
    46.323822021484375,
    45.88200759887695,
    41.331642150878906,
    37.193965911865234,
    35.953697204589844,
    35.89339828491211,
    33.14899444580078,
    33.69364547729492,
    31.76740264892578,
    31.344703674316406,
    28.9953670501709,
    27.145366668701172,
    28.25523567199707,
    27.66724395751953,
    25.72075080871582,
    26.151823043823242,
    25.815444946289062,
    25.66819190979004,
    24.400266647338867,
    24.519990921020508,
    23.275428771972656,
    23.29010772705078,
    24.19819450378418,
    23.969942092895508,
    23.361650466918945,
    23.114124298095703
  ],
  "apparent_age_std_loss": [
    4.620551109313965,
    2.4559810161590576,
    2.295578718185425,
    2.164076805114746,
    2.0683507919311523,
    2.0222277641296387,
    1.9171196222305298,
    1.911291480064392,
    1.8229981660842896,
    1.8296085596084595,
    1.8011066913604736,
    1.8262776136398315,
    1.7417889833450317,
    1.727218747138977,
    1.6675878763198853,
    1.7391548156738281,
    1.6875399351119995,
    1.717753291130066,
    1.6018736362457275,
    1.64442777633667,
    1.7084203958511353,
    1.6745644807815552,
    1.619978904724121,
    1.5257680416107178,
    1.6047613620758057,
    1.5611671209335327,
    1.593826174736023,
    1.5417654514312744,
    1.5074353218078613
  ],
  "apparent_age_std_mean_absolute_error": [
    1.6473649740219116,
    1.2043920755386353,
    1.1589689254760742,
    1.1193076372146606,
    1.0991302728652954,
    1.0839087963104248,
    1.0472499132156372,
    1.0567160844802856,
    1.0392004251480103,
    1.0354061126708984,
    1.0198702812194824,
    1.0222479104995728,
    1.0067070722579956,
    0.9986109733581543,
    0.9841650724411011,
    1.0154041051864624,
    0.9815201759338379,
    0.9867640733718872,
    0.9640177488327026,
    0.9788804054260254,
    0.9797391891479492,
    0.9848136305809021,
    0.9701166152954102,
    0.9332017302513123,
    0.9656212329864502,
    0.9458874464035034,
    0.9547010660171509,
    0.9325246810913086,
    0.9381096959114075
  ],
  "apparent_age_std_mean_squared_error": [
    4.620551109313965,
    2.4559810161590576,
    2.295578718185425,
    2.164076805114746,
    2.0683507919311523,
    2.0222277641296387,
    1.9171196222305298,
    1.911291480064392,
    1.8229981660842896,
    1.8296085596084595,
    1.8011066913604736,
    1.8262776136398315,
    1.7417889833450317,
    1.727218747138977,
    1.6675878763198853,
    1.7391548156738281,
    1.6875399351119995,
    1.717753291130066,
    1.6018736362457275,
    1.64442777633667,
    1.7084203958511353,
    1.6745644807815552,
    1.619978904724121,
    1.5257680416107178,
    1.6047613620758057,
    1.5611671209335327,
    1.593826174736023,
    1.5417654514312744,
    1.5074353218078613
  ],
  "loss": [
    93.6205062866211,
    64.90450286865234,
    55.272823333740234,
    48.6091423034668,
    48.07142639160156,
    43.47476577758789,
    39.231788635253906,
    37.985504150390625,
    37.83674621582031,
    35.098785400390625,
    35.61477279663086,
    33.713565826416016,
    33.206233978271484,
    30.842182159423828,
    28.932374954223633,
    30.113685607910156,
    29.47392463684082,
    27.557498931884766,
    27.872543334960938,
    27.578580856323242,
    27.495187759399414,
    26.193265914916992,
    26.258285522460938,
    24.91939353942871,
    25.012916564941406,
    25.877323150634766,
    25.681608200073242,
    25.021167755126953,
    24.73918914794922
  ],
  "val_apparent_age_avg_loss": [
    109.2149429321289,
    103.42893981933594,
    98.16497802734375,
    100.79606628417969,
    96.35989379882812,
    95.1014404296875,
    93.95779418945312,
    89.99585723876953,
    88.91787719726562,
    88.21551513671875,
    93.67845153808594,
    91.74748992919922,
    86.16731262207031,
    84.78629302978516,
    85.12197875976562,
    81.76651763916016,
    85.78196716308594,
    83.6831283569336,
    83.7723617553711,
    87.13916778564453,
    81.45680236816406,
    77.21929931640625,
    80.90713500976562,
    83.18728637695312,
    83.46002960205078,
    81.21934509277344,
    83.19795227050781,
    81.46261596679688,
    80.8656005859375
  ],
  "val_apparent_age_avg_mean_absolute_error": [
    7.880257606506348,
    7.580049514770508,
    7.371647357940674,
    7.571024417877197,
    7.37071418762207,
    7.32902193069458,
    7.255256652832031,
    6.997194766998291,
    7.103711128234863,
    6.983376502990723,
    7.163498878479004,
    7.174643516540527,
    6.808286666870117,
    6.871191024780273,
    6.889558792114258,
    6.741282939910889,
    6.75586462020874,
    6.747345924377441,
    6.833796501159668,
    6.989934921264648,
    6.75648832321167,
    6.623722553253174,
    6.659505844116211,
    6.767812728881836,
    6.78367805480957,
    6.655773162841797,
    6.732691764831543,
    6.636224746704102,
    6.668346405029297
  ],
  "val_apparent_age_avg_mean_squared_error": [
    109.2149429321289,
    103.42893981933594,
    98.16497802734375,
    100.79606628417969,
    96.35989379882812,
    95.1014404296875,
    93.95779418945312,
    89.99585723876953,
    88.91787719726562,
    88.21551513671875,
    93.67845153808594,
    91.74748992919922,
    86.16731262207031,
    84.78629302978516,
    85.12197875976562,
    81.76651763916016,
    85.78196716308594,
    83.6831283569336,
    83.7723617553711,
    87.13916778564453,
    81.45680236816406,
    77.21929931640625,
    80.90713500976562,
    83.18728637695312,
    83.46002960205078,
    81.21934509277344,
    83.19795227050781,
    81.46261596679688,
    80.8656005859375
  ],
  "val_apparent_age_std_loss": [
    3.0099830627441406,
    2.871743679046631,
    2.8057053089141846,
    2.7072057723999023,
    2.5678834915161133,
    2.584803819656372,
    2.5550544261932373,
    2.533781051635742,
    2.5883677005767822,
    2.514274835586548,
    2.492051124572754,
    2.4284732341766357,
    2.4503285884857178,
    2.3085036277770996,
    2.497854471206665,
    2.3581788539886475,
    2.4109296798706055,
    2.301424264907837,
    2.374917507171631,
    2.4761266708374023,
    2.2492644786834717,
    2.318342685699463,
    2.3378889560699463,
    2.3483757972717285,
    2.4034414291381836,
    2.2738595008850098,
    2.4207770824432373,
    2.2822353839874268,
    2.3580617904663086
  ],