{
  "apparent_age_avg_loss": [
    623.2146606445312,
    132.145263671875,
    104.39598083496094,
    86.30670928955078,
    72.31336212158203,
    75.88368225097656,
    67.76094055175781,
    60.13648986816406,
    61.89921569824219,
    54.889041900634766,
    55.675933837890625,
    51.1474494934082,
    50.025760650634766,
    43.09138870239258,
    45.644500732421875,
    42.807373046875,
    48.45555877685547
  ],
  "apparent_age_avg_mean_absolute_error": [
    20.65477752685547,
    8.9744234085083,
    7.89188289642334,
    7.158806800842285,
    6.541743755340576,
    6.699829578399658,
    6.339266300201416,
    6.015477180480957,
    6.115050315856934,
    5.67102575302124,
    5.760895729064941,
    5.549695014953613,
    5.547891139984131,
    5.172065734863281,
    5.313479900360107,
    5.07309627532959,
    5.4136576652526855
  ],
  "apparent_age_std_loss": [
    0.0,
    0.0,
    0.0,
    0.0,
    0.0,
    0.0,
    0.0,
    0.0,
    0.0,
    0.0,
    0.0,
    0.0,
    0.0,
    0.0,
    0.0,
    0.0,
    0.0
  ],
  "loss": [
    623.3175048828125,
    132.2496795654297,
    104.50212097167969,
    86.41410064697266,
    72.4217758178711,
    75.9931411743164,
    67.8716049194336,
    60.24827575683594,
    62.01199722290039,
    55.002899169921875,
    55.79065704345703,
    51.26317596435547,
    50.14238357543945,
    43.20895004272461,
    45.76291275024414,
    42.92669677734375,
    48.57571029663086
  ],
  "val_apparent_age_avg_loss": [
    204.42933654785156,
    153.04800415039062,
    132.69419860839844,
    134.4314727783203,
    127.57455444335938,
    129.7708282470703,
    140.16697692871094,
    148.65699768066406,
    141.75465393066406,
    125.89459991455078,
    131.4793701171875,
    111.6492919921875,
    129.63633728027344,
    132.01524353027344,
    124.47695922851562,
    128.7374267578125,
    115.35709381103516
  ],
  "val_apparent_age_avg_mean_absolute_error": [
    10.60469913482666,
    9.544814109802246,
    8.751096725463867,
    8.923093795776367,
    8.607261657714844,
    8.630005836486816,
    9.103496551513672,
    9.419966697692871,
    9.327410697937012,
    8.670846939086914,
    8.76934814453125,
    8.059233665466309,
    8.54894733428955,
    8.885237693786621,
    8.605799674987793,
    8.7047119140625,
    7.941949367523193
  ],
  "val_apparent_age_std_loss": [
    0.0,
    0.0,
    0.0,
    0.0,
    0.0,
    0.0,
    0.0,
    0.0,
    0.0,
    0.0,
    0.0,
    0.0,
    0.0,
    0.0,
    0.0,
    0.0,
    0.0
  ],
  "val_loss": [
    204.53285217285156,
    153.15341186523438,
    132.80101013183594,
    134.53944396972656,
    127.6834487915039,
    129.8809051513672,
    140.27830505371094,
    148.76931762695312,
    141.86802673339844,
    126.00890350341797,
    131.59461975097656,
    111.76541900634766,
    129.7534637451172,
    132.1332244873047,
    124.59581756591797,
    128.85719299316406,
    115.4776611328125
  ]
}