{
  "apparent_age_avg_loss": [
    565.774169921875,
    130.10093688964844,
    92.7505874633789,
    83.62792205810547,
    77.66026306152344,
    71.18302154541016,
    66.50192260742188,
    65.68130493164062,
    63.939388275146484,
    53.37909698486328,
    51.072853088378906,
    49.152793884277344,
    48.88981246948242,
    52.64581298828125,
    55.84941482543945,
    50.1804084777832
  ],
  "apparent_age_avg_mean_absolute_error": [
    19.449934005737305,
    8.867415428161621,
    7.344932556152344,
    6.997087478637695,
    6.79643440246582,
    6.449469089508057,
    6.391274452209473,
    6.213338375091553,
    6.163446426391602,
    5.660891532897949,
    5.6101975440979,
    5.3478779792785645,
    5.4034295082092285,
    5.6385498046875,
    5.7862067222595215,
    5.553375244140625
  ],
  "apparent_age_std_loss": [
    0.0,
    0.0,
    0.0,
    0.0,
    0.0,
    0.0,
    0.0,
    0.0,
    0.0,
    0.0,
    0.0,
    0.0,
    0.0,
    0.0,
    0.0,
    0.0
  ],
  "loss": [
    565.8770141601562,
    130.2054901123047,
    92.85672760009766,
    83.7353515625,
    77.76879119873047,
    71.29252624511719,
    66.6125259399414,
    65.7929458618164,
    64.05204010009766,
    53.49275588989258,
    51.187583923339844,
    49.26856231689453,
    49.006385803222656,
    52.76344299316406,
    55.96815490722656,
    50.30040740966797
  ],
  "val_apparent_age_avg_loss": [
    183.4598846435547,
    139.9922637939453,
    156.30982971191406,
    136.97174072265625,
    135.03688049316406,
    127.97174072265625,
    131.62213134765625,
    130.70790100097656,
    122.68152618408203,
    124.02481842041016,
    112.77947235107422,
    117.61991119384766,
    120.4737319946289,
    119.1168212890625,
    122.23421478271484,
    115.54358673095703
  ],
  "val_apparent_age_avg_mean_absolute_error": [
    10.235906600952148,
    9.114123344421387,
    9.743459701538086,
    9.15596866607666,
    8.860840797424316,
    8.704514503479004,
    9.019021034240723,
    8.753548622131348,
    8.51203727722168,
    8.556561470031738,
    8.035454750061035,
    8.225396156311035,
    8.555758476257324,
    8.646309852600098,
    8.512473106384277,
    8.354753494262695
  ],
  "val_apparent_age_std_loss": [
    0.0,
    0.0,
    0.0,
    0.0,
    0.0,
    0.0,
    0.0,
    0.0,
    0.0,
    0.0,
    0.0,
    0.0,
    0.0,
    0.0,
    0.0,
    0.0
  ],
  "val_loss": [
    183.56361389160156,
    140.09771728515625,
    156.41664123535156,
    137.07974243164062,
    135.1459503173828,
    128.0817413330078,
    131.73330688476562,
    130.82000732421875,
    122.7947769165039,
    124.13897705078125,
    112.89481353759766,
    117.73609161376953,
    120.5908432006836,
    119.23507690429688,
    122.35359954833984,
    115.6641845703125
  ]
}