{
  "apparent_age_avg_loss": [
    30.282690048217773,
    26.885042190551758,
    24.210092544555664,
    21.679248809814453,
    24.1567440032959,
    21.55434226989746,
    23.521989822387695,
    22.238704681396484,
    19.944271087646484,
    20.652692794799805,
    22.66337013244629,
    20.536460876464844,
    21.302188873291016,
    21.35762596130371,
    19.746322631835938,
    19.945749282836914,
    18.966466903686523,
    20.582082748413086,
    18.885141372680664,
    19.02195930480957,
    19.769180297851562,
    17.43008041381836,
    19.776615142822266,
    20.709644317626953
  ],
  "apparent_age_avg_mean_absolute_error": [
    4.235464572906494,
    4.0221452713012695,
    3.8130364418029785,
    3.6033308506011963,
    3.842871904373169,
    3.5939831733703613,
    3.756834030151367,
    3.6285481452941895,
    3.456380605697632,
    3.5449373722076416,
    3.6252214908599854,
    3.5285820960998535,
    3.5523064136505127,
    3.551571846008301,
    3.437572956085205,
    3.4535491466522217,
    3.3795769214630127,
    3.5560696125030518,
    3.346752166748047,
    3.3701839447021484,
    3.40942645072937,
    3.226199150085449,
    3.464097261428833,
    3.5422897338867188
  ],
  "apparent_age_avg_mean_squared_error": [
    30.282690048217773,
    26.885042190551758,
    24.210092544555664,
    21.679248809814453,
    24.1567440032959,
    21.55434226989746,
    23.521989822387695,
    22.238704681396484,
    19.944271087646484,
    20.652692794799805,
    22.66337013244629,
    20.536460876464844,
    21.302188873291016,
    21.35762596130371,
    19.746322631835938,
    19.945749282836914,
    18.966466903686523,
    20.582082748413086,
    18.885141372680664,
    19.02195930480957,
    19.769180297851562,
    17.43008041381836,
    19.776615142822266,
    20.709644317626953
  ],
  "apparent_age_std_loss": [
    1.696315050125122,
    1.6908934116363525,
    1.5836840867996216,
    1.5445384979248047,
    1.5437889099121094,
    1.5957051515579224,
    1.586318850517273,
    1.5153051614761353,
    1.4999934434890747,
    1.5503864288330078,
    1.594308853149414,
    1.509082317352295,
    1.554200530052185,
    1.5303540229797363,
    1.5234841108322144,
    1.5360381603240967,
    1.492456316947937,
    1.509418249130249,
    1.5253942012786865,
    1.488099455833435,
    1.494634985923767,
    1.4979887008666992,
    1.5095555782318115,
    1.4960293769836426
  ],
  "apparent_age_std_mean_absolute_error": [
    0.9906862378120422,
    0.9795867204666138,
    0.9626713991165161,
    0.9393342733383179,
    0.944234311580658,
    0.961018979549408,
    0.9562099575996399,
    0.9349735975265503,
    0.925352931022644,
    0.9499694108963013,
    0.9572712779045105,
    0.9314221143722534,
    0.9425610303878784,
    0.9335050582885742,
    0.9366199374198914,
    0.9436383843421936,
    0.9170154929161072,
    0.9310011863708496,
    0.9304513335227966,
    0.9312360286712646,
    0.9058369994163513,
    0.9257883429527283,
    0.9296663999557495,
    0.9225720167160034
  ],
  "apparent_age_std_mean_squared_error": [
    1.696315050125122,
    1.6908934116363525,
    1.5836840867996216,
    1.5445384979248047,
    1.5437889099121094,
    1.5957051515579224,
    1.586318850517273,
    1.5153051614761353,
    1.4999934434890747,
    1.5503864288330078,
    1.594308853149414,
    1.509082317352295,
    1.554200530052185,
    1.5303540229797363,
    1.5234841108322144,
    1.5360381603240967,
    1.492456316947937,
    1.509418249130249,
    1.5253942012786865,
    1.488099455833435,
    1.494634985923767,
    1.4979887008666992,
    1.5095555782318115,
    1.4960293769836426
  ],
  "loss": [
    32.09736251831055,
    28.694242477416992,
    25.91206169128418,
    23.34202003479004,
    25.818723678588867,
    23.268205642700195,
    25.226423263549805,
    23.872093200683594,
    21.56231117248535,
    22.32109832763672,
    24.37566375732422,
    22.163497924804688,
    22.974302291870117,
    23.005876541137695,
    21.387678146362305,
    21.599624633789062,
    20.576740264892578,
    22.209285736083984,
    20.528289794921875,
    20.627777099609375,
    21.381519317626953,
    19.045751571655273,
    21.403823852539062,
    22.323305130004883
  ],
  "val_apparent_age_avg_loss": [
    86.25324249267578,
    83.58145904541016,
    82.03812408447266,
    81.78144073486328,
    83.08285522460938,
    76.63638305664062,
    80.46035766601562,
    77.99483489990234,
    79.2619400024414,
    80.36941528320312,
    82.02210235595703,
    77.76648712158203,
    75.89735412597656,
    71.34085083007812,
    78.29545593261719,
    78.06769561767578,
    74.71844482421875,
    76.41854858398438,
    76.15628051757812,
    78.81092834472656,
    77.43106079101562,
    73.94747924804688,
    76.16876220703125,
    75.92655181884766
  ],
  "val_apparent_age_avg_mean_absolute_error": [
    6.891119003295898,
    6.772944450378418,
    6.6031670570373535,
    6.653842926025391,
    6.730952739715576,
    6.480859756469727,
    6.524723529815674,
    6.461796283721924,
    6.4957427978515625,
    6.598568439483643,
    6.723509788513184,
    6.479704856872559,
    6.455770492553711,
    6.276214122772217,
    6.483114719390869,
    6.436267375946045,
    6.303647994995117,
    6.539943218231201,
    6.3400068283081055,
    6.4114837646484375,
    6.473315715789795,
    6.371850967407227,
    6.402307033538818,
    6.368515491485596
  ],
  "val_apparent_age_avg_mean_squared_error": [
    86.25324249267578,
    83.58145904541016,
    82.03812408447266,
    81.78144073486328,
    83.08285522460938,
    76.63638305664062,
    80.46035766601562,
    77.99483489990234,
    79.2619400024414,
    80.36941528320312,
    82.02210235595703,
    77.76648712158203,
    75.89735412597656,
    71.34085083007812,
    78.29545593261719,
    78.06769561767578,
    74.71844482421875,
    76.41854858398438,
    76.15628051757812,
    78.81092834472656,
    77.43106079101562,
    73.94747924804688,
    76.16876220703125,
    75.92655181884766
  ],
  "val_apparent_age_std_loss": [
    2.3455801010131836,
    2.383563756942749,
    2.3708248138427734,
    2.2773311138153076,
    2.2904415130615234,
    2.2393813133239746,
    2.224270820617676,
    2.3266167640686035,
    2.23244571685791,
    2.3274965286254883,
    2.298271656036377,
    2.326894521713257,
    2.1863651275634766,
    2.188904285430908,
    2.2583279609680176,
    2.2841227054595947,
    2.283938407897949,
    2.3375511169433594,
    2.2976388931274414,
    2.2560319900512695,
    2.3098247051239014,
    2.2074759006500244,
    2.2047183513641357,
    2.222470760345459
  ],
  "val_apparent_age_std_mean_absolute_error": [
    1.1636414527893066,
    1.15461266040802,
    1.1615253686904907,
    1.1310009956359863,
    1.1354740858078003,
    1.1377071142196655,
    1.1166812181472778,
    1.1488968133926392,
    1.1280173063278198,
    1.1497668027877808,
    1.1472132205963135,
    1.1406853199005127,
    1.11777663230896,
    1.1091114282608032,
    1.135797142982483,
    1.1417303085327148,
    1.1410361528396606,
    1.1538527011871338,
    1.1322382688522339,
    1.133004903793335,
    1.1502437591552734,
    1.1235246658325195,
    1.1031709909439087,
    1.1312718391418457
  ],
  "val_apparent_age_std_mean_squared_error": [
    2.3455801010131836,
    2.383563756942749,
    2.3708248138427734,
    2.2773311138153076,
    2.2904415130615234,
    2.2393813133239746,
    2.224270820617676,
    2.3266167640686035,
    2.23244571685791,
    2.3274965286254883,
    2.298271656036377,
    2.326894521713257,
    2.1863651275634766,
    2.188904285430908,
    2.2583279609680176,
    2.2841227054595947,
    2.283938407897949,
    2.3375511169433594,
    2.2976388931274414,
    2.2560319900512695,
    2.3098247051239014,
    2.2074759006500244,
    2.2047183513641357,
    2.222470760345459
  ],