{
  "apparent_age_avg_loss": [
    77.95076751708984,
    56.77906799316406,
    44.018070220947266,
    42.97822952270508,
    35.14081573486328,
    40.60539245605469,
    30.558685302734375,
    33.29749298095703,
    30.282081604003906,
    28.316389083862305,
    31.15828514099121,
    26.183189392089844,
    34.53825759887695,
    33.50071716308594,
    25.08500099182129,
    23.280094146728516,
    21.752031326293945,
    22.258808135986328,
    26.67650032043457,
    27.094449996948242,
    22.997852325439453,
    19.237764358520508,
    24.389625549316406,
    24.98131561279297,
    23.92350196838379,
    20.394336700439453,
    20.338401794433594,
    26.432016372680664,
    19.493181228637695,
    21.59914207458496,
    18.950531005859375,
    20.639991760253906,
    29.725473403930664,
    24.43459701538086
  ],
  "apparent_age_avg_mean_absolute_error": [
    6.756119728088379,
    5.9942145347595215,
    5.3149189949035645,
    4.9773359298706055,
    4.474706649780273,
    4.96608829498291,
    4.3740339279174805,
    4.524085998535156,
    4.266525745391846,
    4.120093822479248,
    4.350564002990723,
    3.9402976036071777,
    4.500739574432373,
    4.531086444854736,
    3.909599781036377,
    3.7706873416900635,
    3.6021676063537598,
    3.6964328289031982,
    4.066615581512451,
    4.125908374786377,
    3.7648355960845947,
    3.456638813018799,
    3.8251442909240723,
    3.928901433944702,
    3.774397134780884,
    3.43929123878479,
    3.5645556449890137,
    3.8886899948120117,
    3.530115842819214,
    3.528815269470215,
    3.3212506771087646,
    3.515399694442749,
    4.27208137512207,
    3.80242919921875
  ],
  "apparent_age_avg_mean_squared_error": [
    77.95076751708984,
    56.77906799316406,
    44.018070220947266,
    42.97822952270508,
    35.14081573486328,
    40.60539245605469,
    30.558685302734375,
    33.29749298095703,
    30.282081604003906,
    28.316389083862305,
    31.15828514099121,
    26.183189392089844,
    34.53825759887695,
    33.50071716308594,
    25.08500099182129,
    23.280094146728516,
    21.752031326293945,
    22.258808135986328,
    26.67650032043457,
    27.094449996948242,
    22.997852325439453,
    19.237764358520508,
    24.389625549316406,
    24.98131561279297,
    23.92350196838379,
    20.394336700439453,
    20.338401794433594,
    26.432016372680664,
    19.493181228637695,
    21.59914207458496,
    18.950531005859375,
    20.639991760253906,
    29.725473403930664,
    24.43459701538086
  ],
  "apparent_age_std_loss": [
    14.024285316467285,
    7.059667110443115,
    3.5495381355285645,
    2.8299620151519775,
    2.539203643798828,
    1.9861583709716797,
    2.427671194076538,
    1.882021427154541,
    2.120157480239868,
    2.0019631385803223,
    1.8329740762710571,
    1.9104504585266113,
    1.7335234880447388,
    1.8785821199417114,
    1.6564511060714722,
    1.6380465030670166,
    1.5152674913406372,
    1.6569105386734009,
    1.7703255414962769,
    1.794982671737671,
    1.5961947441101074,
    1.358978033065796,
    1.5183331966400146,
    1.4741806983947754,
    1.532439947128296,
    1.4061213731765747,
    1.5961949825286865,
    1.3691045045852661,
    1.4680290222167969,
    1.4436163902282715,
    1.671607255935669,
    1.4653993844985962,
    1.383567214012146,
    1.4875105619430542
  ],
  "apparent_age_std_mean_absolute_error": [
    3.353667736053467,
    2.2049753665924072,
    1.4569964408874512,
    1.3023918867111206,
    1.232023000717163,
    1.097543478012085,
    1.1821544170379639,
    1.078210711479187,
    1.1287540197372437,
    1.0736054182052612,
    1.0483863353729248,
    1.0612201690673828,
    1.0368207693099976,
    1.0384904146194458,
    1.012840986251831,
    0.9884437322616577,
    0.9453765153884888,
    0.9971873760223389,
    1.0216295719146729,
    1.0370272397994995,
    0.9295464754104614,
    0.9050999879837036,
    0.951388955116272,
    0.9204975962638855,
    0.9425896406173706,
    0.9064921736717224,
    0.952594518661499,
    0.8935433626174927,
    0.9193359613418579,
    0.9187288880348206,
    0.9884923696517944,
    0.9314671754837036,
    0.9127213358879089,
    0.9326655864715576
  ],
  "apparent_age_std_mean_squared_error": [
    14.024285316467285,
    7.059667110443115,
    3.5495381355285645,
    2.8299620151519775,
    2.539203643798828,
    1.9861583709716797,
    2.427671194076538,
    1.882021427154541,
    2.120157480239868,
    2.0019631385803223,
    1.8329740762710571,
    1.9104504585266113,
    1.7335234880447388,
    1.8785821199417114,
    1.6564511060714722,
    1.6380465030670166,
    1.5152674913406372,
    1.6569105386734009,
    1.7703255414962769,
    1.794982671737671,
    1.5961947441101074,
    1.358978033065796,
    1.5183331966400146,
    1.4741806983947754,
    1.532439947128296,
    1.4061213731765747,
    1.5961949825286865,
    1.3691045045852661,
    1.4680290222167969,
    1.4436163902282715,
    1.671607255935669,
    1.4653993844985962,
    1.383567214012146,
    1.4875105619430542
  ],
  "loss": [
    92.08149719238281,
    63.94516372680664,
    47.674007415771484,
    45.914527893066406,
    37.78629684448242,
    42.697757720947266,
    33.092491149902344,
    35.285587310791016,
    32.508235931396484,
    30.42428207397461,
    33.09711456298828,
    28.19944190979004,
    36.37750244140625,
    35.484954833984375,
    26.847043991088867,
    25.023672103881836,
    23.372758865356445,
    24.02110481262207,
    28.55213737487793,
    28.994686126708984,
    24.699237823486328,
    20.701873779296875,
    26.013029098510742,
    26.56051254272461,
    25.56089973449707,
    21.905353546142578,
    22.039432525634766,
    27.905900955200195,
    21.065937042236328,
    23.14742660522461,
    20.726749420166016,
    22.209941864013672,
    31.213550567626953,
    26.026567459106445
  ],
  "val_apparent_age_avg_loss": [
    151.42308044433594,
    145.5493621826172,
    158.3773651123047,
    134.9289093017578,
    150.37208557128906,
    155.46356201171875,
    137.2003173828125,
    140.74038696289062,
    130.59103393554688,
    136.97702026367188,
    137.85458374023438,
    129.96487426757812,
    143.85397338867188,
    129.76504516601562,
    144.16529846191406,
    136.4927520751953,
    128.2488555908203,
    140.0365753173828,
    122.90885925292969,
    140.74908447265625,
    124.05839538574219,
    122.85250091552734,
    131.1241912841797,
    133.77407836914062,
    122.062744140625,
    143.99412536621094,
    111.17740631103516,
    126.09574890136719,
    145.98623657226562,
    139.82302856445312,
    135.65573120117188,
    136.79342651367188,
    135.14471435546875,
    126.96937561035156
  ],
  "val_apparent_age_avg_mean_absolute_error": [
    9.604848861694336,
    8.933708190917969,
    9.604222297668457,
    8.77271842956543,
    9.156999588012695,
    9.124483108520508,
    8.886550903320312,
    9.136541366577148,
    9.073122024536133,
    8.989842414855957,
    8.973276138305664,
    9.094059944152832,
    9.477703094482422,
    8.734109878540039,
    9.160512924194336,
    8.992826461791992,
    8.727445602416992,
    8.982304573059082,
    8.317411422729492,
    9.076675415039062,
    8.997851371765137,
    8.613061904907227,
    8.89037036895752,
    8.952455520629883,
    8.372706413269043,
    9.206964492797852,
    8.215139389038086,
    8.57707691192627,
    9.479337692260742,
    8.996785163879395,
    8.964447021484375,
    9.001863479614258,
    9.292313575744629,
    8.824259757995605
  ],