{
  "apparent_age_avg_loss": [
    1145.732421875,
    1100.956298828125,
    1127.112060546875,
    842.6427612304688,
    931.6646728515625,
    787.0078125,
    659.4283447265625,
    693.802001953125,
    517.5347290039062,
    420.7436218261719,
    373.4490966796875,
    262.265869140625,
    219.59967041015625,
    183.45318603515625,
    119.57603454589844,
    94.83678436279297,
    44.08279800415039,
    55.00727462768555,
    46.32002639770508,
    24.863361358642578,
    25.139205932617188,
    40.18152618408203,
    28.938091278076172,
    21.059768676757812,
    35.12358093261719,
    46.90123748779297,
    31.790681838989258,
    20.586383819580078,
    24.509117126464844,
    12.04247760772705,
    18.052291870117188,
    25.142812728881836,
    16.02515411376953,
    25.574426651000977
  ],
  "apparent_age_avg_mean_absolute_error": [
    29.8778076171875,
    29.64044761657715,
    29.547592163085938,
    25.115949630737305,
    26.616666793823242,
    24.020275115966797,
    21.975465774536133,
    22.99001693725586,
    19.660701751708984,
    18.09702491760254,
    17.33365249633789,
    13.969959259033203,
    13.67426872253418,
    12.473691940307617,
    9.877796173095703,
    8.648616790771484,
    5.415132522583008,
    6.02870512008667,
    5.218623161315918,
    3.9320714473724365,
    3.8377113342285156,
    4.941032409667969,
    4.128894805908203,
    3.757352590560913,
    4.730857849121094,
    5.419436454772949,
    4.389439582824707,
    3.5145375728607178,
    3.8360819816589355,
    2.8358726501464844,
    3.350119113922119,
    3.9648187160491943,
    3.224552869796753,
    3.8743326663970947
  ],
  "apparent_age_std_loss": [
    0.0,
    0.0,
    0.0,
    0.0,
    0.0,
    0.0,
    0.0,
    0.0,
    0.0,
    0.0,
    0.0,
    0.0,
    0.0,
    0.0,
    0.0,
    0.0,
    0.0,
    0.0,
    0.0,
    0.0,
    0.0,
    0.0,
    0.0,
    0.0,
    0.0,
    0.0,
    0.0,
    0.0,
    0.0,
    0.0,
    0.0,
    0.0,
    0.0,
    0.0
  ],
  "loss": [
    1145.8348388671875,
    1101.05859375,
    1127.21435546875,
    842.7451171875,
    931.76708984375,
    787.1102294921875,
    659.5308837890625,
    693.9046630859375,
    517.637451171875,
    420.8464660644531,
    373.5520935058594,
    262.36895751953125,
    219.70291137695312,
    183.55657958984375,
    119.67953491210938,
    94.94038391113281,
    44.18650436401367,
    55.1110725402832,
    46.42390441894531,
    24.967296600341797,
    25.243186950683594,
    40.28553771972656,
    29.042129516601562,
    21.163816452026367,
    35.22762680053711,
    47.005271911621094,
    31.89470100402832,
    20.690383911132812,
    24.613094329833984,
    12.146427154541016,
    18.156208038330078,
    25.246692657470703,
    16.12899398803711,
    25.67822265625
  ],
  "val_apparent_age_avg_loss": [
    1278.4158935546875,
    1213.531982421875,
    1153.8154296875,
    1080.4761962890625,
    1023.5849609375,
    955.1769409179688,
    853.4360961914062,
    815.2294921875,
    734.8062133789062,
    617.6420288085938,
    540.1727294921875,
    492.66131591796875,
    476.9631652832031,
    476.8382263183594,
    423.3646240234375,
    383.8773193359375,
    400.5257873535156,
    412.4664611816406,
    368.58984375,
    278.88507080078125,
    359.2418212890625,
    341.9639892578125,
    323.25372314453125,
    277.11505126953125,
    268.26776123046875,
    269.2672119140625,
    271.2430725097656,
    322.328857421875,
    205.84683227539062,
    258.8599853515625,
    306.3823547363281,
    273.7964782714844,
    284.9208679199219,
    247.44253540039062
  ],
  "val_apparent_age_avg_mean_absolute_error": [
    30.579965591430664,
    29.49624252319336,
    28.331520080566406,
    27.203773498535156,
    26.200428009033203,
    25.08708953857422,
    23.784170150756836,
    22.844112396240234,
    21.286893844604492,
    19.754356384277344,
    17.62432098388672,
    16.5358829498291,
    16.229537963867188,
    15.503253936767578,
    13.975837707519531,
    13.203865051269531,
    13.35988998413086,
    14.353081703186035,
    13.461784362792969,
    10.650972366333008,
    13.477587699890137,
    12.439835548400879,
    12.594924926757812,
    11.923709869384766,
    11.534695625305176,
    11.506420135498047,
    11.083341598510742,
    12.292413711547852,
    10.264070510864258,
    11.080549240112305,
    11.701627731323242,
    10.852551460266113,
    11.952045440673828,
    10.998598098754883
  ],
  "val_apparent_age_std_loss": [
    0.0,
    0.0,
    0.0,
    0.0,
    0.0,
    0.0,
    0.0,
    0.0,
    0.0,
    0.0,
    0.0,
    0.0,
    0.0,
    0.0,
    0.0,
    0.0,
    0.0,
    0.0,
    0.0,
    0.0,
    0.0,
    0.0,
    0.0,
    0.0,
    0.0,
    0.0,
    0.0,
    0.0,
    0.0,
    0.0,
    0.0,
    0.0,
    0.0,
    0.0
  ],
  "val_loss": [
    1278.5181884765625,
    1213.63427734375,
    1153.917724609375,
    1080.5784912109375,
    1023.6873779296875,
    955.2794799804688,
    853.5386962890625,
    815.3322143554688,
    734.9090576171875,
    617.7449951171875,
    540.2758178710938,
    492.7645263671875,
    477.0664978027344,
    476.9416809082031,
    423.46820068359375,
    383.98101806640625,
    400.62957763671875,
    412.5703125,
    368.6937561035156,
    278.9890441894531,
    359.3458251953125,
    342.0680236816406,
    323.3577575683594,
    277.2190856933594,
    268.3717956542969,
    269.3712158203125,
    271.3470764160156,
    322.4328308105469,
    205.95079040527344,
    258.9638977050781,
    306.4862365722656,
    273.90032958984375,
    285.024658203125,
    247.54629516601562
  ]
}