{
  "apparent_age_avg_loss": [
    30.65582275390625,
    24.441919326782227,
    23.98746109008789,
    23.553062438964844,
    23.16921043395996,
    21.772478103637695,
    20.67096710205078,
    20.126089096069336,
    20.863176345825195,
    21.821203231811523,
    18.62130355834961,
    20.99679183959961,
    20.730894088745117,
    18.60733413696289,
    20.661090850830078,
    18.225679397583008,
    22.102581024169922,
    19.308820724487305,
    19.268569946289062,
    17.387500762939453,
    21.977571487426758,
    19.27202606201172,
    19.440616607666016,
    19.188671112060547,
    17.727685928344727
  ],
  "apparent_age_avg_mean_absolute_error": [
    4.245907783508301,
    3.829604387283325,
    3.7820122241973877,
    3.768975019454956,
    3.741293430328369,
    3.61415433883667,
    3.5166923999786377,
    3.4669809341430664,
    3.5246191024780273,
    3.584611654281616,
    3.3606646060943604,
    3.513972759246826,
    3.548405170440674,
    3.3622829914093018,
    3.5201215744018555,
    3.308542490005493,
    3.6270828247070312,
    3.4239675998687744,
    3.4222304821014404,
    3.2543344497680664,
    3.630383014678955,
    3.3924996852874756,
    3.422532558441162,
    3.4181063175201416,
    3.2846455574035645
  ],
  "apparent_age_avg_mean_squared_error": [
    30.65582275390625,
    24.441919326782227,
    23.98746109008789,
    23.553062438964844,
    23.16921043395996,
    21.772478103637695,
    20.67096710205078,
    20.126089096069336,
    20.863176345825195,
    21.821203231811523,
    18.62130355834961,
    20.99679183959961,
    20.730894088745117,
    18.60733413696289,
    20.661090850830078,
    18.225679397583008,
    22.102581024169922,
    19.308820724487305,
    19.268569946289062,
    17.387500762939453,
    21.977571487426758,
    19.27202606201172,
    19.440616607666016,
    19.188671112060547,
    17.727685928344727
  ],
  "apparent_age_std_loss": [
    1.715612530708313,
    1.5684725046157837,
    1.5535849332809448,
    1.606859803199768,
    1.5821518898010254,
    1.4821776151657104,
    1.5814952850341797,
    1.4909101724624634,
    1.518967628479004,
    1.531268835067749,
    1.5337238311767578,
    1.5672105550765991,
    1.5043292045593262,
    1.5299029350280762,
    1.5189837217330933,
    1.4768749475479126,
    1.5670647621154785,
    1.5131702423095703,
    1.483681082725525,
    1.5101159811019897,
    1.4934439659118652,
    1.5092275142669678,
    1.467547059059143,
    1.4347655773162842,
    1.5101091861724854
  ],
  "apparent_age_std_mean_absolute_error": [
    0.9890121817588806,
    0.9458504319190979,
    0.9444297552108765,
    0.9572310447692871,
    0.9511398673057556,
    0.9232942461967468,
    0.9496650099754333,
    0.9247271418571472,
    0.9388941526412964,
    0.9340418577194214,
    0.9358217716217041,
    0.9495522975921631,
    0.9271625876426697,
    0.9266884326934814,
    0.9298182725906372,
    0.9167099595069885,
    0.9423815011978149,
    0.9326452016830444,
    0.9142069816589355,
    0.9354698061943054,
    0.923136293888092,
    0.9330283999443054,
    0.916805624961853,
    0.910365641117096,
    0.9228816628456116
  ],
  "apparent_age_std_mean_squared_error": [
    1.715612530708313,
    1.5684725046157837,
    1.5535849332809448,
    1.606859803199768,
    1.5821518898010254,
    1.4821776151657104,
    1.5814952850341797,
    1.4909101724624634,
    1.518967628479004,
    1.531268835067749,
    1.5337238311767578,
    1.5672105550765991,
    1.5043292045593262,
    1.5299029350280762,
    1.5189837217330933,
    1.4768749475479126,
    1.5670647621154785,
    1.5131702423095703,
    1.483681082725525,
    1.5101159811019897,
    1.4934439659118652,
    1.5092275142669678,
    1.467547059059143,
    1.4347655773162842,
    1.5101091861724854
  ],
  "loss": [
    32.496639251708984,
    26.135581970214844,
    25.666202545166016,
    25.285053253173828,
    24.87647819519043,
    23.379743576049805,
    22.37752914428711,
    21.742040634155273,
    22.507160186767578,
    23.47747039794922,
    20.280000686645508,
    22.68895149230957,
    22.360149383544922,
    20.262149810791016,
    22.304956436157227,
    19.82741928100586,
    23.794496536254883,
    20.946819305419922,
    20.87705421447754,
    19.02239227294922,
    23.59577178955078,
    20.905988693237305,
    21.032880783081055,
    20.74814224243164,
    19.362476348876953
  ],
  "val_apparent_age_avg_loss": [
    82.01860046386719,
    82.33602905273438,
    84.51171875,
    79.87994384765625,
    83.07950592041016,
    79.97901153564453,
    80.15110778808594,
    78.84587860107422,
    81.1351089477539,
    75.86351013183594,
    78.34053802490234,
    75.12438201904297,
    79.68643951416016,
    78.67356872558594,
    73.25545501708984,
    73.62518310546875,
    77.8534927368164,
    79.78724670410156,
    76.71005249023438,
    76.40943908691406,
    75.56935119628906,
    76.80931854248047,
    74.85115051269531,
    77.71300506591797,
    75.21305847167969
  ],
  "val_apparent_age_avg_mean_absolute_error": [
    6.669360637664795,
    6.667504787445068,
    6.754549026489258,
    6.643599510192871,
    6.731815338134766,
    6.661099433898926,
    6.571390628814697,
    6.615117073059082,
    6.718202114105225,
    6.444536209106445,
    6.567878723144531,
    6.407734394073486,
    6.658084392547607,
    6.52827787399292,
    6.281465530395508,
    6.330409526824951,
    6.578807353973389,
    6.659238338470459,
    6.352506637573242,
    6.371923923492432,
    6.408906936645508,
    6.477149963378906,
    6.368636608123779,
    6.490583419799805,
    6.351203918457031
  ],
  "val_apparent_age_avg_mean_squared_error": [
    82.01860046386719,
    82.33602905273438,
    84.51171875,
    79.87994384765625,
    83.07950592041016,
    79.97901153564453,
    80.15110778808594,
    78.84587860107422,
    81.1351089477539,
    75.86351013183594,
    78.34053802490234,
    75.12438201904297,
    79.68643951416016,
    78.67356872558594,
    73.25545501708984,
    73.62518310546875,
    77.8534927368164,
    79.78724670410156,
    76.71005249023438,
    76.40943908691406,
    75.56935119628906,
    76.80931854248047,
    74.85115051269531,
    77.71300506591797,
    75.21305847167969
  ],
  "val_apparent_age_std_loss": [
    2.3765127658843994,
    2.3013646602630615,
    2.3362302780151367,
    2.257967233657837,
    2.3306386470794678,
    2.3233139514923096,
    2.362138271331787,
    2.269474744796753,
    2.360426425933838,
    2.322479486465454,
    2.259152412414551,
    2.290684461593628,
    2.278470039367676,
    2.1838877201080322,
    2.2055985927581787,
    2.2544045448303223,
    2.24423885345459,
    2.263097047805786,
    2.27191424369812,
    2.233114004135132,
    2.264474630355835,
    2.207512140274048,
    2.2707653045654297,
    2.274272918701172,
    2.2593202590942383
  ],
  "val_apparent_age_std_mean_absolute_error": [
    1.1684155464172363,
    1.1402701139450073,
    1.1555876731872559,
    1.1432653665542603,
    1.1468313932418823,
    1.1684434413909912,
    1.1612927913665771,
    1.1261595487594604,
    1.1573951244354248,
    1.1542764902114868,
    1.133423089981079,
    1.1366115808486938,
    1.1411088705062866,
    1.129944086074829,
    1.1242176294326782,
    1.120948076248169,
    1.139074683189392,
    1.1277705430984497,
    1.1415737867355347,
    1.1227251291275024,
    1.134535551071167,
    1.1188719272613525,
    1.1407808065414429,
    1.1429296731948853,
    1.1302320957183838
  ],