{
  "apparent_age_avg_loss": [
    94.27035522460938,
    60.00273895263672,
    52.51445388793945,
    45.22692108154297,
    41.26408386230469,
    38.97077560424805,
    40.213104248046875,
    35.177154541015625,
    32.67669677734375,
    30.349273681640625,
    31.217880249023438,
    28.050373077392578,
    30.504789352416992,
    28.337543487548828,
    26.949413299560547,
    28.603158950805664,
    28.41163444519043,
    27.075218200683594,
    26.298385620117188,
    25.963077545166016
  ],
  "apparent_age_avg_mean_absolute_error": [
    7.478499889373779,
    5.979348659515381,
    5.686586856842041,
    5.302566051483154,
    5.004037380218506,
    4.839799404144287,
    4.887762546539307,
    4.590750694274902,
    4.452068328857422,
    4.267339706420898,
    4.34183931350708,
    4.1032023429870605,
    4.310978412628174,
    4.109564781188965,
    4.013399600982666,
    4.230876445770264,
    4.134176731109619,
    4.031696319580078,
    3.9941372871398926,
    3.9688284397125244
  ],
  "apparent_age_avg_mean_squared_error": [
    94.27035522460938,
    60.00273895263672,
    52.51445388793945,
    45.22692108154297,
    41.26408386230469,
    38.97077560424805,
    40.213104248046875,
    35.177154541015625,
    32.67669677734375,
    30.349273681640625,
    31.217880249023438,
    28.050373077392578,
    30.504789352416992,
    28.337543487548828,
    26.949413299560547,
    28.603158950805664,
    28.41163444519043,
    27.075218200683594,
    26.298385620117188,
    25.963077545166016
  ],
  "apparent_age_std_loss": [
    5.942285060882568,
    2.6279032230377197,
    2.369086980819702,
    2.235319137573242,
    2.116487979888916,
    2.1787264347076416,
    1.9866628646850586,
    1.9565445184707642,
    1.84393310546875,
    1.8823434114456177,
    1.8378347158432007,
    1.880254864692688,
    1.6967260837554932,
    1.8210121393203735,
    1.7167372703552246,
    1.8269463777542114,
    1.599976897239685,
    1.829255223274231,
    1.680148959159851,
    1.6812812089920044
  ],
  "apparent_age_std_mean_absolute_error": [
    1.8541533946990967,
    1.2223292589187622,
    1.1686744689941406,
    1.1469526290893555,
    1.10086190700531,
    1.1221671104431152,
    1.0803396701812744,
    1.0642930269241333,
    1.0264209508895874,
    1.039211630821228,
    1.0347248315811157,
    1.0307308435440063,
    1.0039194822311401,
    1.024287223815918,
    0.9867404699325562,
    1.011561632156372,
    0.9707180857658386,
    1.0065553188323975,
    0.974807620048523,
    0.9791724681854248
  ],
  "apparent_age_std_mean_squared_error": [
    5.942285060882568,
    2.6279032230377197,
    2.369086980819702,
    2.235319137573242,
    2.116487979888916,
    2.1787264347076416,
    1.9866628646850586,
    1.9565445184707642,
    1.84393310546875,
    1.8823434114456177,
    1.8378347158432007,
    1.880254864692688,
    1.6967260837554932,
    1.8210121393203735,
    1.7167372703552246,
    1.8269463777542114,
    1.599976897239685,
    1.829255223274231,
    1.680148959159851,
    1.6812812089920044
  ],
  "loss": [
    100.32440948486328,
    62.742271423339844,
    54.99497985839844,
    47.57345962524414,
    43.49162292480469,
    41.260372161865234,
    42.310489654541016,
    37.24424743652344,
    34.63102340698242,
    32.34188461303711,
    33.165836334228516,
    30.040634155273438,
    32.31140899658203,
    30.268320083618164,
    28.775781631469727,
    30.539602279663086,
    30.12098503112793,
    29.013769149780273,
    28.08772087097168,
    27.75345802307129
  ],
  "val_apparent_age_avg_loss": [
    126.95162963867188,
    116.15975189208984,
    114.41297149658203,
    108.36508178710938,
    104.7612075805664,
    107.19351196289062,
    100.415771484375,
    102.35235595703125,
    98.45037841796875,
    97.20539093017578,
    90.3441390991211,
    98.67477416992188,
    90.2195816040039,
    91.39892578125,
    95.71920776367188,
    97.6733169555664,
    96.67733764648438,
    93.33721923828125,
    91.25076293945312,
    91.04085540771484
  ],
  "val_apparent_age_avg_mean_absolute_error": [
    8.548294067382812,
    8.081243515014648,
    8.170760154724121,
    7.780761241912842,
    7.755758762359619,
    7.89391565322876,
    7.690474033355713,
    7.6544671058654785,
    7.473010540008545,
    7.400482177734375,
    7.204458713531494,
    7.472413539886475,
    7.125040531158447,
    7.116856098175049,
    7.3001227378845215,
    7.371757507324219,
    7.276998996734619,
    7.215639591217041,
    7.2302985191345215,
    7.185089111328125
  ],
  "val_apparent_age_avg_mean_squared_error": [
    126.95162963867188,
    116.15975189208984,
    114.41297149658203,
    108.36508178710938,
    104.7612075805664,
    107.19351196289062,
    100.415771484375,
    102.35235595703125,
    98.45037841796875,
    97.20539093017578,
    90.3441390991211,
    98.67477416992188,
    90.2195816040039,
    91.39892578125,
    95.71920776367188,
    97.6733169555664,
    96.67733764648438,
    93.33721923828125,
    91.25076293945312,
    91.04085540771484
  ],
  "val_apparent_age_std_loss": [
    3.3910017013549805,
    3.196829080581665,
    3.047743082046509,
    2.909430503845215,
    2.900184392929077,
    2.772494316101074,
    2.8503258228302,
    2.743946075439453,
    2.902035713195801,
    2.6625850200653076,
    2.5508415699005127,
    2.5454676151275635,
    2.674436330795288,
    2.4330313205718994,
    2.6544148921966553,
    2.567702293395996,
    2.626282215118408,
    2.55863618850708,
    2.4775619506835938,
    2.49623966217041
  ],
  "val_apparent_age_std_mean_absolute_error": [
    1.434451937675476,
    1.3732857704162598,
    1.3636394739151,
    1.3278652429580688,
    1.3404823541641235,
    1.3165416717529297,
    1.303493618965149,
    1.302141785621643,
    1.3238130807876587,
    1.2951635122299194,
    1.231126308441162,
    1.2482634782791138,
    1.2675572633743286,
    1.1951133012771606,
    1.2827481031417847,
    1.2415233850479126,
    1.2596945762634277,
    1.2427009344100952,
    1.2314789295196533,
    1.2078107595443726
  ],
  "val_apparent_age_std_mean_squared_error": [
    3.3910017013549805,
    3.196829080581665,
    3.047743082046509,
    2.909430503845215,
    2.900184392929077,
    2.772494316101074,
    2.8503258228302,
    2.743946075439453,
    2.902035713195801,
    2.6625850200653076,
    2.5508415699005127,
    2.5454676151275635,
    2.674436330795288,
    2.4330313205718994,
    2.6544148921966553,
    2.567702293395996,
    2.626282215118408,
    2.55863618850708,
    2.4775619506835938,
    2.49623966217041
  ],
  "val_loss": [
    130.454345703125,
    119.4681396484375,
    117.5720443725586,
    111.38565063476562,
    107.77236938476562,
    110.0768051147461,
    103.3767318725586,
    105.206787109375,
    101.46273803710938,
    99.97817993164062,
    93.00503540039062,
    101.33016967773438,
    93.00385284423828,
    93.94164276123047,
    98.48318481445312,
    100.3504638671875,
    99.41295623779297,
    96.00511932373047,
    93.83745574951172,
    93.6461410522461
  ]
}