{
  "apparent_age_avg_loss": [
    81.71041870117188,
    58.65126419067383,
    50.94337844848633,
    46.796417236328125,
    44.13431167602539,
    36.07843780517578,
    38.360782623291016,
    36.7152099609375,
    33.46847915649414,
    32.247859954833984,
    32.67099380493164,
    29.714080810546875,
    27.826040267944336,
    29.353519439697266,
    29.002248764038086,
    25.910634994506836,
    26.36880874633789,
    26.768152236938477,
    24.21616554260254,
    25.593658447265625,
    23.805391311645508,
    23.681591033935547,
    25.66037940979004,
    23.419931411743164,
    21.94174575805664,
    21.95955467224121,
    21.609113693237305,
    21.051673889160156,
    20.62187957763672,
    21.122833251953125,
    22.074962615966797,
    20.9719295501709,
    19.1623592376709,
    20.32573699951172,
    18.92626190185547
  ],
  "apparent_age_avg_mean_absolute_error": [
    6.909491539001465,
    5.892119884490967,
    5.521399974822998,
    5.247316837310791,
    5.167792797088623,
    4.654245853424072,
    4.778564453125,
    4.707396984100342,
    4.482686519622803,
    4.409586429595947,
    4.433352947235107,
    4.184415340423584,
    4.08969259262085,
    4.180942535400391,
    4.140988826751709,
    3.949251413345337,
    3.947096109390259,
    3.971956968307495,
    3.850229024887085,
    3.9369213581085205,
    3.8036341667175293,
    3.761091947555542,
    3.9048614501953125,
    3.731964349746704,
    3.627495765686035,
    3.6309659481048584,
    3.593532085418701,
    3.5523746013641357,
    3.48557448387146,
    3.5396032333374023,
    3.5856096744537354,
    3.4950366020202637,
    3.392338752746582,
    3.501451253890991,
    3.3369083404541016
  ],
  "apparent_age_avg_mean_squared_error": [
    81.71041870117188,
    58.65126419067383,
    50.94337844848633,
    46.796417236328125,
    44.13431167602539,
    36.07843780517578,
    38.360782623291016,
    36.7152099609375,
    33.46847915649414,
    32.247859954833984,
    32.67099380493164,
    29.714080810546875,
    27.826040267944336,
    29.353519439697266,
    29.002248764038086,
    25.910634994506836,
    26.36880874633789,
    26.768152236938477,
    24.21616554260254,
    25.593658447265625,
    23.805391311645508,
    23.681591033935547,
    25.66037940979004,
    23.419931411743164,
    21.94174575805664,
    21.95955467224121,
    21.609113693237305,
    21.051673889160156,
    20.62187957763672,
    21.122833251953125,
    22.074962615966797,
    20.9719295501709,
    19.1623592376709,
    20.32573699951172,
    18.92626190185547
  ],
  "apparent_age_std_loss": [
    3.7114360332489014,
    2.4054360389709473,
    2.168278455734253,
    2.0789151191711426,
    1.9976820945739746,
    1.8994981050491333,
    1.8438106775283813,
    1.9216982126235962,
    1.7715446949005127,
    1.8448469638824463,
    1.7577629089355469,
    1.750565528869629,
    1.6991798877716064,
    1.6528469324111938,
    1.7481406927108765,
    1.6268023252487183,
    1.638679027557373,
    1.6555238962173462,
    1.6315733194351196,
    1.631689429283142,
    1.616048812866211,
    1.5906304121017456,
    1.538720726966858,
    1.5800836086273193,
    1.5308029651641846,
    1.5510728359222412,
    1.5174245834350586,
    1.5248912572860718,
    1.507373332977295,
    1.5481541156768799,
    1.5472403764724731,
    1.5037875175476074,
    1.454005241394043,
    1.4566739797592163,
    1.4767367839813232
  ],
  "apparent_age_std_mean_absolute_error": [
    1.4565670490264893,
    1.1762536764144897,
    1.1225451231002808,
    1.0960942506790161,
    1.0655479431152344,
    1.050122618675232,
    1.0337399244308472,
    1.0476714372634888,
    1.007710576057434,
    1.0310760736465454,
    1.0008773803710938,
    0.997998833656311,
    0.9857863783836365,
    0.9757285714149475,
    1.003162145614624,
    0.9659476280212402,
    0.9696483016014099,
    0.9713713526725769,
    0.9625483155250549,
    0.9705578088760376,
    0.9603060483932495,
    0.9490915536880493,
    0.9397832751274109,
    0.9542175531387329,
    0.934085488319397,
    0.9399144053459167,
    0.9305902719497681,
    0.9327037930488586,
    0.9321258068084717,
    0.9367823600769043,
    0.9364885091781616,
    0.9303532242774963,
    0.9105952978134155,
    0.9149463772773743,
    0.9243065118789673
  ],
  "apparent_age_std_mean_squared_error": [
    3.7114360332489014,
    2.4054360389709473,
    2.168278455734253,
    2.0789151191711426,
    1.9976820945739746,
    1.8994981050491333,
    1.8438106775283813,
    1.9216982126235962,
    1.7715446949005127,
    1.8448469638824463,
    1.7577629089355469,
    1.750565528869629,
    1.6991798877716064,
    1.6528469324111938,
    1.7481406927108765,
    1.6268023252487183,
    1.638679027557373,
    1.6555238962173462,
    1.6315733194351196,
    1.631689429283142,
    1.616048812866211,
    1.5906304121017456,
    1.538720726966858,
    1.5800836086273193,
    1.5308029651641846,
    1.5510728359222412,
    1.5174245834350586,
    1.5248912572860718,
    1.507373332977295,
    1.5481541156768799,
    1.5472403764724731,
    1.5037875175476074,
    1.454005241394043,
    1.4566739797592163,
    1.4767367839813232
  ],
  "loss": [
    85.55460357666016,
    61.189353942871094,
    53.244075775146484,
    49.007537841796875,
    46.263916015625,
    38.109619140625,
    40.336029052734375,
    38.76808547973633,
    35.371002197265625,
    34.22340393066406,
    34.559261322021484,
    31.594926834106445,
    29.65530014038086,
    31.136220932006836,
    30.880041122436523,
    27.66693115234375,
    28.136770248413086,
    28.552812576293945,
    25.976715087890625,
    27.35416030883789,
    25.550081253051758,
    25.40070915222168,
    27.32744789123535,
    25.128231048583984,
    23.60062026977539,
    23.638574600219727,
    23.254364013671875,
    22.70425033569336,
    22.25680160522461,
    22.79848861694336,
    23.749675750732422,
    22.60310173034668,
    20.743682861328125,
    21.90966033935547,
    20.530174255371094
  ],
  "val_apparent_age_avg_loss": [
    101.87235260009766,
    99.71532440185547,
    100.40531158447266,
    93.41133117675781,
    90.43067169189453,
    88.20111846923828,
    88.1487808227539,
    86.09486389160156,
    83.85352325439453,
    87.23770904541016,
    80.36129760742188,
    83.5780029296875,
    86.3140640258789,
    78.83142852783203,
    79.54676818847656,
    77.79773712158203,
    78.6827392578125,
    78.08236694335938,
    79.73155212402344,
    76.93461608886719,
    76.7420883178711,
    80.93657684326172,
    75.31583404541016,
    77.60171508789062,
    78.11780548095703,
    77.2044677734375,
    79.04708099365234,
    73.21409606933594,
    76.86918640136719,
    76.80990600585938,
    76.91948699951172,
    74.64875030517578,
    75.9506607055664,
    75.51649475097656,
    77.09754180908203
  ],
  "val_apparent_age_avg_mean_absolute_error": [
    7.6910834312438965,
    7.581465721130371,
    7.700206279754639,
    7.3793768882751465,
    7.172062873840332,
    7.103475570678711,
    7.1350603103637695,
    6.948566913604736,
    6.816184043884277,
    6.97684907913208,
    6.718690395355225,
    6.748138427734375,
    6.931728363037109,
    6.657166004180908,
    6.655467510223389,
    6.557547092437744,
    6.654590129852295,
    6.50564432144165,
    6.683539390563965,
    6.4991865158081055,
    6.429473876953125,
    6.707586288452148,
    6.389730930328369,
    6.407017707824707,
    6.462965965270996,
    6.430283546447754,
    6.544178485870361,
    6.278459072113037,
    6.450130462646484,
    6.508896827697754,
    6.4163947105407715,
    6.287001132965088,
    6.349057674407959,
    6.348776817321777,
    6.4371747970581055
  ],