{
  "apparent_age_avg_loss": [
    74.1175765991211,
    59.09912109375,
    47.343971252441406,
    51.03239822387695,
    44.902503967285156,
    39.42955780029297,
    34.189659118652344,
    32.664329528808594,
    23.425813674926758
  ],
  "apparent_age_avg_mean_absolute_error": [
    6.85923433303833,
    6.167993068695068,
    5.479342460632324,
    5.4389729499816895,
    5.009521007537842,
    4.817661762237549,
    4.470398426055908,
    4.289369106292725,
    3.7102770805358887
  ],
  "apparent_age_avg_mean_squared_error": [
    74.1175765991211,
    59.09912109375,
    47.343971252441406,
    51.03239822387695,
    44.902503967285156,
    39.42955780029297,
    34.189659118652344,
    32.664329528808594,
    23.425813674926758
  ],
  "apparent_age_std_loss": [
    16.546199798583984,
    12.57458209991455,
    8.029698371887207,
    4.59498929977417,
    3.0972275733947754,
    2.524099111557007,
    2.9108543395996094,
    2.4320271015167236,
    2.4706623554229736
  ],
  "apparent_age_std_mean_absolute_error": [
    3.6821868419647217,
    3.104471445083618,
    2.3368237018585205,
    1.5821219682693481,
    1.286813497543335,
    1.1708123683929443,
    1.2754364013671875,
    1.1805444955825806,
    1.174928903579712
  ],
  "apparent_age_std_mean_squared_error": [
    16.546199798583984,
    12.57458209991455,
    8.029698371887207,
    4.59498929977417,
    3.0972275733947754,
    2.524099111557007,
    2.9108543395996094,
    2.4320271015167236,
    2.4706623554229736
  ],
  "loss": [
    90.7678451538086,
    71.77774810791016,
    55.47768783569336,
    55.73136520385742,
    48.103668212890625,
    42.05754852294922,
    37.20436477661133,
    35.20015335083008,
    26.00022315979004
  ],
  "val_apparent_age_avg_loss": [
    207.43153381347656,
    146.81983947753906,
    188.80751037597656,
    168.6188201904297,
    155.6551055908203,
    172.7947998046875,
    173.3337860107422,
    174.4373016357422,
    167.16114807128906
  ],
  "val_apparent_age_avg_mean_absolute_error": [
    10.95193099975586,
    9.43599796295166,
    10.085528373718262,
    10.383658409118652,
    9.643061637878418,
    10.233179092407227,
    10.15523624420166,
    10.127486228942871,
    10.0592679977417
  ],
  "val_apparent_age_avg_mean_squared_error": [
    207.43153381347656,
    146.81983947753906,
    188.80751037597656,
    168.6188201904297,
    155.6551055908203,
    172.7947998046875,
    173.3337860107422,
    174.4373016357422,
    167.16114807128906
  ],
  "val_apparent_age_std_loss": [
    13.761334419250488,
    9.938437461853027,
    6.502236843109131,
    4.520674228668213,
    4.47010612487793,
    4.026470184326172,
    5.011077404022217,
    4.181915760040283,
    4.393912315368652
  ],
  "val_apparent_age_std_mean_absolute_error": [
    3.1919937133789062,
    2.5936224460601807,
    2.0113861560821533,
    1.571822166442871,
    1.6834464073181152,
    1.6015976667404175,
    1.7676626443862915,
    1.6547927856445312,
    1.6701775789260864
  ],
  "val_apparent_age_std_mean_squared_error": [
    13.761334419250488,
    9.938437461853027,
    6.502236843109131,
    4.520674228668213,
    4.47010612487793,
    4.026470184326172,
    5.011077404022217,
    4.181915760040283,
    4.393912315368652
  ],
  "val_loss": [
    221.29693603515625,
    156.86231994628906,
    195.4137420654297,
    173.2434539794922,
    160.2291259765625,
    176.9251251220703,
    178.4486846923828,
    178.7229766845703,
    171.6587677001953
  ]
}