{
  "apparent_age_avg_loss": [
    38.019004821777344,
    35.47340774536133,
    34.3390007019043,
    27.533300399780273,
    23.160186767578125,
    21.562591552734375,
    25.31534767150879,
    22.497413635253906,
    34.66083908081055,
    23.013050079345703,
    23.045841217041016,
    19.481914520263672,
    18.55322265625,
    18.224788665771484,
    25.235790252685547,
    17.309492111206055,
    28.68173599243164,
    16.28203010559082,
    35.81617736816406,
    15.434944152832031,
    22.55078887939453,
    25.88127899169922,
    23.01487159729004,
    23.47327423095703,
    20.375995635986328
  ],
  "apparent_age_avg_mean_absolute_error": [
    4.86132287979126,
    4.739933013916016,
    4.6803693771362305,
    4.0941386222839355,
    4.005906105041504,
    3.611053705215454,
    3.963012456893921,
    3.75705623626709,
    4.3501739501953125,
    3.9084324836730957,
    3.9194581508636475,
    3.4838356971740723,
    3.4200408458709717,
    3.100033760070801,
    3.9365592002868652,
    3.1417455673217773,
    4.032108306884766,
    3.365553379058838,
    4.578138828277588,
    2.853976249694824,
    3.7566869258880615,
    3.810805320739746,
    3.7440378665924072,
    3.831674337387085,
    3.6160898208618164
  ],
  "apparent_age_avg_mean_squared_error": [
    38.019004821777344,
    35.47340774536133,
    34.3390007019043,
    27.533300399780273,
    23.160186767578125,
    21.562591552734375,
    25.31534767150879,
    22.497413635253906,
    34.66083908081055,
    23.013050079345703,
    23.045841217041016,
    19.481914520263672,
    18.55322265625,
    18.224788665771484,
    25.235790252685547,
    17.309492111206055,
    28.68173599243164,
    16.28203010559082,
    35.81617736816406,
    15.434944152832031,
    22.55078887939453,
    25.88127899169922,
    23.01487159729004,
    23.47327423095703,
    20.375995635986328
  ],
  "apparent_age_std_loss": [
    16.150426864624023,
    17.663009643554688,
    16.288042068481445,
    17.35065269470215,
    15.320682525634766,
    15.605907440185547,
    17.199079513549805,
    16.44793128967285,
    16.99911880493164,
    14.730327606201172,
    17.062816619873047,
    14.480989456176758,
    17.382408142089844,
    14.762916564941406,
    16.202070236206055,
    16.262266159057617,
    14.248815536499023,
    16.873701095581055,
    14.726330757141113,
    16.33721160888672,
    15.296195983886719,
    15.826406478881836,
    15.508527755737305,
    15.04261589050293,
    16.778491973876953
  ],
  "apparent_age_std_mean_absolute_error": [
    3.6178321838378906,
    3.7723426818847656,
    3.636366605758667,
    3.751939296722412,
    3.5236105918884277,
    3.498030185699463,
    3.792250633239746,
    3.5937039852142334,
    3.748530387878418,
    3.403265953063965,
    3.71732759475708,
    3.4276981353759766,
    3.675699234008789,
    3.5003252029418945,
    3.5568830966949463,
    3.605699062347412,
    3.4225406646728516,
    3.682760000228882,
    3.4217023849487305,
    3.5975120067596436,
    3.5319314002990723,
    3.501312017440796,
    3.536395788192749,
    3.460425853729248,
    3.6663663387298584
  ],
  "apparent_age_std_mean_squared_error": [
    16.150426864624023,
    17.663009643554688,
    16.288042068481445,
    17.35065269470215,
    15.320682525634766,
    15.605907440185547,
    17.199079513549805,
    16.44793128967285,
    16.99911880493164,
    14.730327606201172,
    17.062816619873047,
    14.480989456176758,
    17.382408142089844,
    14.762916564941406,
    16.202070236206055,
    16.262266159057617,
    14.248815536499023,
    16.873701095581055,
    14.726330757141113,
    16.33721160888672,
    15.296195983886719,
    15.826406478881836,
    15.508527755737305,
    15.04261589050293,
    16.778491973876953
  ],
  "loss": [
    54.27336120605469,
    53.2403450012207,
    50.73097229003906,
    44.987876892089844,
    38.58479309082031,
    37.272422790527344,
    42.618350982666016,
    39.04926300048828,
    51.763877868652344,
    37.84729766845703,
    40.21257400512695,
    34.06681823730469,
    36.03954315185547,
    33.09161376953125,
    41.541770935058594,
    33.67566680908203,
    43.034461975097656,
    33.259639739990234,
    50.64641189575195,
    31.876060485839844,
    37.95088577270508,
    41.811588287353516,
    38.62730026245117,
    38.619789123535156,
    37.258384704589844
  ],
  "val_apparent_age_avg_loss": [
    300.0581359863281,
    240.22384643554688,
    309.17987060546875,
    233.12582397460938,
    321.80047607421875,
    284.42626953125,
    272.25885009765625,
    267.49224853515625,
    284.2514343261719,
    261.478759765625,
    228.87779235839844,
    253.24903869628906,
    266.10858154296875,
    262.2893371582031,
    228.07431030273438,
    277.0177307128906,
    309.2361755371094,
    303.4704284667969,
    262.9847412109375,
    277.3849182128906,
    249.64254760742188,
    307.6304016113281,
    270.61279296875,
    296.42254638671875,
    247.12796020507812
  ],
  "val_apparent_age_avg_mean_absolute_error": [
    13.178882598876953,
    10.370901107788086,
    13.198692321777344,
    11.350971221923828,
    13.192654609680176,
    13.345455169677734,
    11.757917404174805,
    12.13298225402832,
    11.757282257080078,
    11.691682815551758,
    11.244574546813965,
    12.136321067810059,
    11.390045166015625,
    11.978856086730957,
    10.847709655761719,
    12.663386344909668,
    12.434510231018066,
    11.995689392089844,
    11.638951301574707,
    11.42257022857666,
    11.209173202514648,
    11.98416519165039,
    12.195738792419434,
    12.07265853881836,
    11.130722045898438
  ],
  "val_apparent_age_avg_mean_squared_error": [
    300.0581359863281,
    240.22384643554688,
    309.17987060546875,
    233.12582397460938,
    321.80047607421875,
    284.42626953125,
    272.25885009765625,
    267.49224853515625,
    284.2514343261719,
    261.478759765625,
    228.87779235839844,
    253.24903869628906,
    266.10858154296875,
    262.2893371582031,
    228.07431030273438,
    277.0177307128906,
    309.2361755371094,
    303.4704284667969,
    262.9847412109375,
    277.3849182128906,
    249.64254760742188,
    307.6304016113281,
    270.61279296875,
    296.42254638671875,
    247.12796020507812
  ],
  "val_apparent_age_std_loss": [
    12.467154502868652,
    12.616355895996094,
    12.652859687805176,
    13.062080383300781,
    12.111246109008789,
    12.645524978637695,
    12.429707527160645,
    12.357683181762695,
    12.628986358642578,
    11.81051254272461,
    12.565580368041992,
    12.530311584472656,
    12.498583793640137,
    12.616304397583008,
    11.970695495605469,
    12.19642448425293,
    12.263484001159668,
    12.220884323120117,
    12.910741806030273,
    12.310476303100586,
    12.662519454956055,
    11.906291961669922,
    11.836729049682617,
    11.731818199157715,
    11.674131393432617
  ],
  "val_apparent_age_std_mean_absolute_error": [
    3.0641322135925293,
    3.018644332885742,
    3.0975871086120605,
    3.100841999053955,
    3.0038487911224365,
    3.048062324523926,
    3.031137228012085,
    3.017348527908325,
    3.079373598098755,
    2.9887819290161133,
    3.071230173110962,
    3.0759243965148926,
    3.0365984439849854,
    3.0392954349517822,
    2.958364486694336,
    2.981187582015991,
    2.996875762939453,
    3.0013904571533203,
    3.082960367202759,
    3.0004701614379883,
    3.069382667541504,
    2.9721083641052246,
    2.9642434120178223,
    2.889955520629883,
    2.9365158081054688
  ],