{
  "apparent_age_avg_loss": [
    1090.269287109375,
    735.7109985351562,
    542.7915649414062,
    265.6784973144531,
    130.2620849609375,
    64.93694305419922,
    64.36173248291016,
    57.2772216796875,
    43.37027359008789,
    41.513031005859375,
    37.16660690307617,
    35.64020919799805,
    43.42357635498047,
    31.750688552856445
  ],
  "apparent_age_avg_mean_absolute_error": [
    29.30877113342285,
    23.82081413269043,
    19.778011322021484,
    13.223912239074707,
    8.925962448120117,
    6.218181133270264,
    6.3884758949279785,
    5.87029504776001,
    5.020878791809082,
    4.902974605560303,
    4.810325622558594,
    4.829226970672607,
    4.940276622772217,
    4.3973917961120605
  ],
  "apparent_age_std_loss": [
    0.0,
    0.0,
    0.0,
    0.0,
    0.0,
    0.0,
    0.0,
    0.0,
    0.0,
    0.0,
    0.0,
    0.0,
    0.0,
    0.0
  ],
  "loss": [
    1090.3717041015625,
    735.8135986328125,
    542.8944091796875,
    265.78167724609375,
    130.36558532714844,
    65.04078674316406,
    64.46588134765625,
    57.38163375854492,
    43.47493362426758,
    41.617897033691406,
    37.271610260009766,
    35.74530029296875,
    43.528717041015625,
    31.855886459350586
  ],
  "val_apparent_age_avg_loss": [
    997.181640625,
    720.3978881835938,
    447.900146484375,
    282.5271301269531,
    202.0569305419922,
    192.00001525878906,
    194.7016143798828,
    228.56248474121094,
    152.62957763671875,
    174.66270446777344,
    164.81846618652344,
    187.65087890625,
    199.5022735595703,
    179.2815704345703
  ],
  "val_apparent_age_avg_mean_absolute_error": [
    27.19374656677246,
    22.639524459838867,
    17.307003021240234,
    13.070351600646973,
    10.96801471710205,
    11.189885139465332,
    10.832488059997559,
    11.495268821716309,
    9.203112602233887,
    10.385241508483887,
    9.972846984863281,
    10.468583106994629,
    10.338408470153809,
    10.033836364746094
  ],
  "val_apparent_age_std_loss": [
    0.0,
    0.0,
    0.0,
    0.0,
    0.0,
    0.0,
    0.0,
    0.0,
    0.0,
    0.0,
    0.0,
    0.0,
    0.0,
    0.0
  ],
  "val_loss": [
    997.2839965820312,
    720.5005493164062,
    448.0032043457031,
    282.6304931640625,
    202.16062927246094,
    192.1040496826172,
    194.80592346191406,
    228.6670379638672,
    152.73435974121094,
    174.7676544189453,
    164.9235382080078,
    187.75599670410156,
    199.6074676513672,
    179.38682556152344
  ]
}