{
  "apparent_age_avg_loss": [
    24.390884399414062,
    21.26106071472168,
    21.267324447631836,
    20.74776840209961,
    19.264278411865234,
    19.04122543334961,
    19.22515869140625,
    17.978403091430664,
    18.6402530670166,
    18.424415588378906,
    16.67258644104004,
    17.576797485351562,
    17.431480407714844,
    16.70348358154297,
    16.986677169799805,
    18.210708618164062,
    16.920289993286133,
    16.580463409423828,
    17.16839599609375,
    16.498401641845703,
    16.449941635131836,
    17.008272171020508,
    16.791486740112305,
    16.639114379882812,
    15.585601806640625
  ],
  "apparent_age_avg_mean_absolute_error": [
    3.82171630859375,
    3.5369391441345215,
    3.5415890216827393,
    3.509162664413452,
    3.371323347091675,
    3.3946533203125,
    3.4097633361816406,
    3.2706210613250732,
    3.3566741943359375,
    3.336287498474121,
    3.1850037574768066,
    3.2626378536224365,
    3.245961904525757,
    3.166360855102539,
    3.1892316341400146,
    3.2826125621795654,
    3.1602370738983154,
    3.1408262252807617,
    3.232034206390381,
    3.1516714096069336,
    3.1175174713134766,
    3.176474094390869,
    3.1851909160614014,
    3.183734178543091,
    3.0506012439727783
  ],
  "apparent_age_avg_mean_squared_error": [
    24.390884399414062,
    21.26106071472168,
    21.267324447631836,
    20.74776840209961,
    19.264278411865234,
    19.04122543334961,
    19.22515869140625,
    17.978403091430664,
    18.6402530670166,
    18.424415588378906,
    16.67258644104004,
    17.576797485351562,
    17.431480407714844,
    16.70348358154297,
    16.986677169799805,
    18.210708618164062,
    16.920289993286133,
    16.580463409423828,
    17.16839599609375,
    16.498401641845703,
    16.449941635131836,
    17.008272171020508,
    16.791486740112305,
    16.639114379882812,
    15.585601806640625
  ],
  "apparent_age_std_loss": [
    1.585538387298584,
    1.5113898515701294,
    1.5127766132354736,
    1.483059287071228,
    1.5357637405395508,
    1.4820877313613892,
    1.5172619819641113,
    1.465313196182251,
    1.4728972911834717,
    1.4887601137161255,
    1.4324657917022705,
    1.4655462503433228,
    1.44785475730896,
    1.4251973628997803,
    1.4388277530670166,
    1.4411303997039795,
    1.458371639251709,
    1.4211527109146118,
    1.4452379941940308,
    1.4485955238342285,
    1.3947696685791016,
    1.4490464925765991,
    1.449052095413208,
    1.4490046501159668,
    1.4043591022491455
  ],
  "apparent_age_std_mean_absolute_error": [
    0.9493652582168579,
    0.9209988713264465,
    0.9241471290588379,
    0.9221522808074951,
    0.9373406171798706,
    0.9223436713218689,
    0.9371242523193359,
    0.9107476472854614,
    0.9111607670783997,
    0.9196776151657104,
    0.9014449715614319,
    0.9150334596633911,
    0.9120326042175293,
    0.8969025611877441,
    0.9023650884628296,
    0.9063639640808105,
    0.9092594981193542,
    0.9000081419944763,
    0.9105628132820129,
    0.9081696271896362,
    0.8893842697143555,
    0.9125267267227173,
    0.9056934118270874,
    0.9138363003730774,
    0.8943853974342346
  ],
  "apparent_age_std_mean_squared_error": [
    1.585538387298584,
    1.5113898515701294,
    1.5127766132354736,
    1.483059287071228,
    1.5357637405395508,
    1.4820877313613892,
    1.5172619819641113,
    1.465313196182251,
    1.4728972911834717,
    1.4887601137161255,
    1.4324657917022705,
    1.4655462503433228,
    1.44785475730896,
    1.4251973628997803,
    1.4388277530670166,
    1.4411303997039795,
    1.458371639251709,
    1.4211527109146118,
    1.4452379941940308,
    1.4485955238342285,
    1.3947696685791016,
    1.4490464925765991,
    1.449052095413208,
    1.4490046501159668,
    1.4043591022491455
  ],
  "loss": [
    26.10401725769043,
    22.900014877319336,
    22.90763282775879,
    22.35834503173828,
    20.927534103393555,
    20.650766372680664,
    20.869844436645508,
    19.571117401123047,
    20.24051856994629,
    20.0405216217041,
    18.232364654541016,
    19.169633865356445,
    19.006595611572266,
    18.255908966064453,
    18.552711486816406,
    19.779006958007812,
    18.505817413330078,
    18.128746032714844,
    18.74073600769043,
    18.074071884155273,
    17.97176170349121,
    18.584352493286133,
    18.367544174194336,
    18.215105056762695,
    17.116912841796875
  ],
  "val_apparent_age_avg_loss": [
    75.37139129638672,
    74.9614486694336,
    76.42923736572266,
    76.99958801269531,
    72.5533218383789,
    75.22055053710938,
    73.40142822265625,
    72.78728485107422,
    72.25325775146484,
    74.6761474609375,
    69.63285064697266,
    71.32412719726562,
    73.00341796875,
    72.13395690917969,
    72.2868881225586,
    71.75660705566406,
    70.19447326660156,
    69.43991088867188,
    70.66582489013672,
    67.25747680664062,
    67.99768829345703,
    71.52787017822266,
    68.65838623046875,
    69.57109069824219,
    70.76896667480469
  ],
  "val_apparent_age_avg_mean_absolute_error": [
    6.433419704437256,
    6.404569149017334,
    6.445740222930908,
    6.475960731506348,
    6.336375713348389,
    6.368651866912842,
    6.365823268890381,
    6.311453342437744,
    6.228024005889893,
    6.3458147048950195,
    6.224377155303955,
    6.171063423156738,
    6.297957897186279,
    6.181463241577148,
    6.296274185180664,
    6.238067150115967,
    6.171507358551025,
    6.082810878753662,
    6.209877967834473,
    6.05735445022583,
    6.052457332611084,
    6.266998291015625,
    6.116593360900879,
    6.094432353973389,
    6.100852966308594
  ],
  "val_apparent_age_avg_mean_squared_error": [
    75.37139129638672,
    74.9614486694336,
    76.42923736572266,
    76.99958801269531,
    72.5533218383789,
    75.22055053710938,
    73.40142822265625,
    72.78728485107422,
    72.25325775146484,
    74.6761474609375,
    69.63285064697266,
    71.32412719726562,
    73.00341796875,
    72.13395690917969,
    72.2868881225586,
    71.75660705566406,
    70.19447326660156,
    69.43991088867188,
    70.66582489013672,
    67.25747680664062,
    67.99768829345703,
    71.52787017822266,
    68.65838623046875,
    69.57109069824219,
    70.76896667480469
  ],
  "val_apparent_age_std_loss": [
    2.299166202545166,
    2.262007236480713,
    2.320713996887207,
    2.2769813537597656,
    2.2983548641204834,
    2.2858598232269287,
    2.2891063690185547,
    2.2539656162261963,
    2.3206076622009277,
    2.3402113914489746,
    2.2015750408172607,
    2.286068916320801,
    2.2597126960754395,
    2.3249685764312744,
    2.284092664718628,
    2.215658664703369,
    2.275019407272339,
    2.212700843811035,
    2.2951934337615967,
    2.2487802505493164,
    2.2005233764648438,
    2.223870277404785,
    2.250126361846924,
    2.2289035320281982,
    2.280992269515991
  ],
  "val_apparent_age_std_mean_absolute_error": [
    1.1301283836364746,
    1.1227449178695679,
    1.1474872827529907,
    1.1191259622573853,
    1.1444237232208252,
    1.1317209005355835,
    1.1294065713882446,
    1.1305664777755737,
    1.1317226886749268,
    1.1436208486557007,
    1.1075730323791504,
    1.1233882904052734,
    1.1231966018676758,
    1.1283608675003052,
    1.1179343461990356,
    1.1163299083709717,
    1.130590796470642,
    1.1172863245010376,
    1.1289117336273193,
    1.1147037744522095,
    1.098419427871704,
    1.114646553993225,
    1.128173828125,
    1.113274335861206,
    1.1285920143127441
  ],