{
  "apparent_age_avg_loss": [
    82.382080078125,
    59.458946228027344,
    49.91551971435547,
    45.08820724487305,
    41.72431564331055,
    40.972835540771484,
    36.45787811279297,
    34.679718017578125,
    34.94344711303711,
    34.94769287109375,
    32.14793395996094,
    27.897409439086914,
    26.213470458984375,
    28.450674057006836,
    28.223888397216797,
    27.07798957824707,
    24.84406089782715,
    24.465063095092773,
    25.497028350830078,
    24.1236572265625,
    24.493356704711914,
    22.733070373535156,
    25.180133819580078,
    22.321430206298828,
    25.079166412353516,
    23.210590362548828,
    21.141178131103516
  ],
  "apparent_age_avg_mean_absolute_error": [
    6.88329553604126,
    5.894579887390137,
    5.480400562286377,
    5.170356273651123,
    5.00368595123291,
    4.902125835418701,
    4.710227012634277,
    4.529638290405273,
    4.533073425292969,
    4.501568794250488,
    4.366969585418701,
    4.12455415725708,
    3.9716975688934326,
    4.10116720199585,
    4.111825466156006,
    4.02831506729126,
    3.830644130706787,
    3.811235189437866,
    3.9047255516052246,
    3.7679972648620605,
    3.8071141242980957,
    3.6881701946258545,
    3.8938677310943604,
    3.6616084575653076,
    3.864504098892212,
    3.7157835960388184,
    3.530877113342285
  ],
  "apparent_age_avg_mean_squared_error": [
    82.382080078125,
    59.458946228027344,
    49.91551971435547,
    45.08820724487305,
    41.72431564331055,
    40.972835540771484,
    36.45787811279297,
    34.679718017578125,
    34.94344711303711,
    34.94769287109375,
    32.14793395996094,
    27.897409439086914,
    26.213470458984375,
    28.450674057006836,
    28.223888397216797,
    27.07798957824707,
    24.84406089782715,
    24.465063095092773,
    25.497028350830078,
    24.1236572265625,
    24.493356704711914,
    22.733070373535156,
    25.180133819580078,
    22.321430206298828,
    25.079166412353516,
    23.210590362548828,
    21.141178131103516
  ],
  "apparent_age_std_loss": [
    4.5649919509887695,
    2.3828799724578857,
    2.183533191680908,
    2.079406499862671,
    1.9682401418685913,
    1.9598491191864014,
    1.9042505025863647,
    1.8645988702774048,
    1.868639349937439,
    1.8406109809875488,
    1.7396048307418823,
    1.826655626296997,
    1.7115979194641113,
    1.6966609954833984,
    1.725595474243164,
    1.6719868183135986,
    1.6280239820480347,
    1.5937949419021606,
    1.654881238937378,
    1.5948433876037598,
    1.5931035280227661,
    1.5706731081008911,
    1.595555067062378,
    1.5486016273498535,
    1.5731348991394043,
    1.582500696182251,
    1.5418330430984497
  ],
  "apparent_age_std_mean_absolute_error": [
    1.604642629623413,
    1.1820420026779175,
    1.1279401779174805,
    1.0971195697784424,
    1.0716372728347778,
    1.0699372291564941,
    1.0524770021438599,
    1.0347001552581787,
    1.035854697227478,
    1.031840443611145,
    0.9936921000480652,
    1.0240627527236938,
    0.9871066212654114,
    0.9865172505378723,
    0.9963787198066711,
    0.9854747653007507,
    0.9637171030044556,
    0.9581634402275085,
    0.9640361070632935,
    0.955531120300293,
    0.9531443119049072,
    0.9396081566810608,
    0.9545665979385376,
    0.9471535086631775,
    0.9482328295707703,
    0.9470886588096619,
    0.9373269081115723
  ],
  "apparent_age_std_mean_squared_error": [
    4.5649919509887695,
    2.3828799724578857,
    2.183533191680908,
    2.079406499862671,
    1.9682401418685913,
    1.9598491191864014,
    1.9042505025863647,
    1.8645988702774048,
    1.868639349937439,
    1.8406109809875488,
    1.7396048307418823,
    1.826655626296997,
    1.7115979194641113,
    1.6966609954833984,
    1.725595474243164,
    1.6719868183135986,
    1.6280239820480347,
    1.5937949419021606,
    1.654881238937378,
    1.5948433876037598,
    1.5931035280227661,
    1.5706731081008911,
    1.595555067062378,
    1.5486016273498535,
    1.5731348991394043,
    1.582500696182251,
    1.5418330430984497
  ],
  "loss": [
    87.08472442626953,
    61.979373931884766,
    52.23630905151367,
    47.3045654296875,
    43.82919692993164,
    43.069053649902344,
    38.49824905395508,
    36.68018341064453,
    36.94774627685547,
    36.9238166809082,
    34.02288818359375,
    29.859203338623047,
    28.059965133666992,
    30.282047271728516,
    30.08402442932129,
    28.884336471557617,
    26.60625648498535,
    26.192827224731445,
    27.285707473754883,
    25.85213279724121,
    26.219921112060547,
    24.437057495117188,
    26.90886878967285,
    24.00310516357422,
    26.785245895385742,
    24.925966262817383,
    22.815767288208008
  ],
  "val_apparent_age_avg_loss": [
    108.66575622558594,
    95.73216247558594,
    91.29499816894531,
    91.63031005859375,
    89.1484146118164,
    90.83162689208984,
    96.4367904663086,
    88.73692321777344,
    85.0182876586914,
    84.81659698486328,
    80.79326629638672,
    86.6762466430664,
    82.71730041503906,
    82.86055755615234,
    83.77116394042969,
    83.87628173828125,
    77.76616668701172,
    78.47395324707031,
    85.85224151611328,
    75.8508529663086,
    81.3472900390625,
    80.99918365478516,
    81.40454864501953,
    82.86042022705078,
    79.29676818847656,
    76.46647644042969,
    80.28237915039062
  ],
  "val_apparent_age_avg_mean_absolute_error": [
    7.919553756713867,
    7.4181342124938965,
    7.26598596572876,
    7.255112171173096,
    7.1175217628479,
    7.204146385192871,
    7.357550621032715,
    7.020933151245117,
    6.930692195892334,
    6.837401866912842,
    6.760786533355713,
    6.8720598220825195,
    6.833278656005859,
    6.864981651306152,
    6.942558765411377,
    6.792463779449463,
    6.621707439422607,
    6.618896484375,
    6.826141834259033,
    6.423827648162842,
    6.645256042480469,
    6.595157146453857,
    6.585165500640869,
    6.708400726318359,
    6.610448360443115,
    6.434684753417969,
    6.595315933227539
  ],
  "val_apparent_age_avg_mean_squared_error": [
    108.66575622558594,
    95.73216247558594,
    91.29499816894531,
    91.63031005859375,
    89.1484146118164,
    90.83162689208984,
    96.4367904663086,
    88.73692321777344,
    85.0182876586914,
    84.81659698486328,
    80.79326629638672,
    86.6762466430664,
    82.71730041503906,
    82.86055755615234,
    83.77116394042969,
    83.87628173828125,
    77.76616668701172,
    78.47395324707031,
    85.85224151611328,
    75.8508529663086,
    81.3472900390625,
    80.99918365478516,
    81.40454864501953,
    82.86042022705078,
    79.29676818847656,
    76.46647644042969,
    80.28237915039062
  ],
  "val_apparent_age_std_loss": [
    2.9882097244262695,
    2.763584613800049,
    2.6163480281829834,
    2.6610805988311768,
    2.5621542930603027,
    2.485596179962158,
    2.597135066986084,
    2.506387948989868,
    2.491854190826416,
    2.3898963928222656,
    2.5441131591796875,
    2.4522509574890137,
    2.4228522777557373,
    2.3769161701202393,
    2.4557340145111084,
    2.5423083305358887,
    2.295954465866089,
    2.3320419788360596,
    2.4483389854431152,
    2.383619546890259,
    2.3886477947235107,
    2.2957193851470947,
    2.302971124649048,
    2.417328119277954,
    2.327629327774048,
    2.3474769592285156,
    2.2899105548858643
  ],