{
  "apparent_age_avg_loss": [
    89.38436126708984,
    65.35982513427734,
    52.000980377197266,
    46.75596237182617,
    43.59440231323242,
    39.5142822265625,
    36.47919464111328,
    35.884098052978516,
    34.44297790527344,
    31.29085922241211,
    29.48792839050293,
    29.31492805480957,
    27.548572540283203,
    27.262683868408203,
    26.06040382385254,
    28.598651885986328,
    24.47506332397461,
    27.456392288208008,
    24.316003799438477,
    25.875547409057617,
    24.625246047973633,
    25.55462646484375,
    25.42206382751465,
    26.964609146118164,
    23.61268424987793,
    23.48568344116211,
    27.625137329101562,
    24.076580047607422,
    21.84123992919922,
    22.069477081298828,
    22.118337631225586,
    21.421361923217773,
    20.884122848510742
  ],
  "apparent_age_avg_mean_absolute_error": [
    7.27376127243042,
    6.242924690246582,
    5.5862274169921875,
    5.3231377601623535,
    5.127112865447998,
    4.858118534088135,
    4.696855068206787,
    4.642972469329834,
    4.48533296585083,
    4.378048419952393,
    4.218952178955078,
    4.232492446899414,
    4.075649738311768,
    4.051998138427734,
    3.9484994411468506,
    4.199007987976074,
    3.83245587348938,
    4.03045654296875,
    3.8148415088653564,
    3.948030948638916,
    3.8016369342803955,
    3.930889844894409,
    3.923854112625122,
    4.019026756286621,
    3.7044904232025146,
    3.783029079437256,
    4.0494842529296875,
    3.8102967739105225,
    3.62357759475708,
    3.6471500396728516,
    3.6264703273773193,
    3.56787109375,
    3.5053141117095947
  ],
  "apparent_age_avg_mean_squared_error": [
    89.38436126708984,
    65.35982513427734,
    52.000980377197266,
    46.75596237182617,
    43.59440231323242,
    39.5142822265625,
    36.47919464111328,
    35.884098052978516,
    34.44297790527344,
    31.29085922241211,
    29.48792839050293,
    29.31492805480957,
    27.548572540283203,
    27.262683868408203,
    26.06040382385254,
    28.598651885986328,
    24.47506332397461,
    27.456392288208008,
    24.316003799438477,
    25.875547409057617,
    24.625246047973633,
    25.55462646484375,
    25.42206382751465,
    26.964609146118164,
    23.61268424987793,
    23.48568344116211,
    27.625137329101562,
    24.076580047607422,
    21.84123992919922,
    22.069477081298828,
    22.118337631225586,
    21.421361923217773,
    20.884122848510742
  ],
  "apparent_age_std_loss": [
    6.0666184425354,
    2.6948094367980957,
    2.408618211746216,
    2.2730040550231934,
    2.223055362701416,
    2.1301605701446533,
    2.048743724822998,
    1.9783974885940552,
    1.8865506649017334,
    1.8566932678222656,
    1.8661813735961914,
    1.8686550855636597,
    1.754058599472046,
    1.7646079063415527,
    1.7641446590423584,
    1.6847259998321533,
    1.7071642875671387,
    1.731693148612976,
    1.6061506271362305,
    1.629653811454773,
    1.6090596914291382,
    1.6480025053024292,
    1.6338248252868652,
    1.733434796333313,
    1.6041806936264038,
    1.5956519842147827,
    1.5991510152816772,
    1.5690691471099854,
    1.555145502090454,
    1.477624535560608,
    1.5583701133728027,
    1.4330394268035889,
    1.5099849700927734
  ],
  "apparent_age_std_mean_absolute_error": [
    1.879580020904541,
    1.255500078201294,
    1.1724281311035156,
    1.1440308094024658,
    1.1259543895721436,
    1.1129063367843628,
    1.0724047422409058,
    1.0737571716308594,
    1.0374349355697632,
    1.030610203742981,
    1.0311470031738281,
    1.041060209274292,
    1.0073951482772827,
    1.0102649927139282,
    0.9969742894172668,
    0.9862140417098999,
    0.9783984422683716,
    0.9789204597473145,
    0.9610667824745178,
    0.9608826041221619,
    0.9663711786270142,
    0.9725381731987,
    0.9668883681297302,
    0.9853984117507935,
    0.9567307829856873,
    0.9439518451690674,
    0.962325394153595,
    0.9379494190216064,
    0.9290242195129395,
    0.9313694834709167,
    0.9482301473617554,
    0.9051856398582458,
    0.9247246384620667
  ],
  "apparent_age_std_mean_squared_error": [
    6.0666184425354,
    2.6948094367980957,
    2.408618211746216,
    2.2730040550231934,
    2.223055362701416,
    2.1301605701446533,
    2.048743724822998,
    1.9783974885940552,
    1.8865506649017334,
    1.8566932678222656,
    1.8661813735961914,
    1.8686550855636597,
    1.754058599472046,
    1.7646079063415527,
    1.7641446590423584,
    1.6847259998321533,
    1.7071642875671387,
    1.731693148612976,
    1.6061506271362305,
    1.629653811454773,
    1.6090596914291382,
    1.6480025053024292,
    1.6338248252868652,
    1.733434796333313,
    1.6041806936264038,
    1.5956519842147827,
    1.5991510152816772,
    1.5690691471099854,
    1.555145502090454,
    1.477624535560608,
    1.5583701133728027,
    1.4330394268035889,
    1.5099849700927734
  ],
  "loss": [
    95.56290435791016,
    68.16647338867188,
    54.52125549316406,
    49.14042663574219,
    45.928733825683594,
    41.75550842285156,
    38.63883590698242,
    37.973243713378906,
    36.440128326416016,
    33.25800323486328,
    31.46442985534668,
    31.29376220703125,
    29.41267204284668,
    29.137205123901367,
    27.934329986572266,
    30.393030166625977,
    26.291751861572266,
    29.297481536865234,
    26.03143882751465,
    27.614349365234375,
    26.343341827392578,
    27.311580657958984,
    27.16472816467285,
    28.806787490844727,
    25.325510025024414,
    25.18988037109375,
    29.3327579498291,
    25.754018783569336,
    23.50466537475586,
    23.655303955078125,
    23.784818649291992,
    22.9624080657959,
    22.502016067504883
  ],
  "val_apparent_age_avg_loss": [
    113.0200424194336,
    115.3812026977539,
    106.55431365966797,
    106.81942749023438,
    105.18912506103516,
    102.72638702392578,
    106.03228759765625,
    100.04972076416016,
    98.19673919677734,
    96.63204193115234,
    97.78128814697266,
    96.43167114257812,
    102.2527084350586,
    100.74212646484375,
    89.1357192993164,
    91.4281005859375,
    94.8336181640625,
    87.9676513671875,
    85.003173828125,
    91.00250244140625,
    90.8690185546875,
    90.75855255126953,
    88.20098114013672,
    89.29678344726562,
    90.3904037475586,
    83.82445526123047,
    91.2096939086914,
    88.22238159179688,
    88.86808013916016,
    87.61109161376953,
    88.71688079833984,
    87.67108154296875,
    86.83486938476562
  ],
  "val_apparent_age_avg_mean_absolute_error": [
    7.994320392608643,
    8.17113971710205,
    7.795534610748291,
    7.795751094818115,
    7.762954235076904,
    7.708209991455078,
    7.650964260101318,
    7.508666515350342,
    7.40015172958374,
    7.316561222076416,
    7.272402286529541,
    7.430719375610352,
    7.515267848968506,
    7.47779655456543,
    7.044765472412109,
    7.036701679229736,
    7.307093143463135,
    7.09637975692749,
    6.892231464385986,
    7.182491779327393,
    7.202073574066162,
    7.246908664703369,
    6.97601318359375,
    7.0795440673828125,
    7.051445484161377,
    6.722453594207764,
    7.019435405731201,
    7.037328243255615,
    7.0579657554626465,
    6.9454169273376465,
    6.993049144744873,
    6.996659755706787,
    6.879831314086914
  ],