{
  "apparent_age_avg_loss": [
    38.79450225830078,
    30.469383239746094,
    35.81053924560547,
    34.6035270690918,
    23.081405639648438,
    20.403949737548828,
    20.63254165649414,
    16.290496826171875,
    24.026599884033203,
    22.9644718170166
  ],
  "apparent_age_avg_mean_absolute_error": [
    4.72266149520874,
    3.9372847080230713,
    4.166167259216309,
    4.308538436889648,
    3.6068458557128906,
    3.595813512802124,
    3.410043239593506,
    3.2230372428894043,
    3.895249843597412,
    3.5058939456939697
  ],
  "apparent_age_avg_mean_squared_error": [
    38.79450225830078,
    30.469383239746094,
    35.81053924560547,
    34.6035270690918,
    23.081405639648438,
    20.403949737548828,
    20.63254165649414,
    16.290496826171875,
    24.026599884033203,
    22.9644718170166
  ],
  "apparent_age_std_loss": [
    13.92703628540039,
    13.103028297424316,
    11.742112159729004,
    9.623099327087402,
    9.175716400146484,
    8.47331714630127,
    6.259410858154297,
    6.461280822753906,
    5.3612165451049805,
    4.536868095397949
  ],
  "apparent_age_std_mean_absolute_error": [
    3.2028818130493164,
    3.2145960330963135,
    2.9309115409851074,
    2.6800267696380615,
    2.5385167598724365,
    2.457656145095825,
    2.102234363555908,
    2.0566205978393555,
    1.9215104579925537,
    1.71071457862854
  ],
  "apparent_age_std_mean_squared_error": [
    13.92703628540039,
    13.103028297424316,
    11.742112159729004,
    9.623099327087402,
    9.175716400146484,
    8.47331714630127,
    6.259410858154297,
    6.461280822753906,
    5.3612165451049805,
    4.536868095397949
  ],
  "loss": [
    52.82554626464844,
    43.67639923095703,
    47.65662384033203,
    44.330589294433594,
    32.3610725402832,
    28.9811954498291,
    26.995864868164062,
    22.855670928955078,
    29.491687774658203,
    27.605186462402344
  ],
  "val_apparent_age_avg_loss": [
    206.44308471679688,
    216.551513671875,
    197.23809814453125,
    280.6434326171875,
    283.4417419433594,
    232.61245727539062,
    269.70623779296875,
    337.6181640625,
    246.378662109375,
    308.45672607421875
  ],
  "val_apparent_age_avg_mean_absolute_error": [
    10.807847023010254,
    11.884100914001465,
    10.802959442138672,
    12.106630325317383,
    11.776859283447266,
    11.230602264404297,
    11.708581924438477,
    12.696222305297852,
    11.416952133178711,
    11.738297462463379
  ],
  "val_apparent_age_avg_mean_squared_error": [
    206.44308471679688,
    216.551513671875,
    197.23809814453125,
    280.6434326171875,
    283.4417419433594,
    232.61245727539062,
    269.70623779296875,
    337.6181640625,
    246.378662109375,
    308.45672607421875
  ],
  "val_apparent_age_std_loss": [
    9.977323532104492,
    9.326898574829102,
    8.729571342468262,
    8.642960548400879,
    7.0340752601623535,
    7.419241905212402,
    6.324714660644531,
    5.454061508178711,
    4.939689636230469,
    4.179996967315674
  ],
  "val_apparent_age_std_mean_absolute_error": [
    2.6404316425323486,
    2.4706521034240723,
    2.395589828491211,
    2.355778217315674,
    2.0646042823791504,
    2.175877332687378,
    1.91202712059021,
    1.7584586143493652,
    1.6953542232513428,
    1.481938362121582
  ],
  "val_apparent_age_std_mean_squared_error": [
    9.977323532104492,
    9.326898574829102,
    8.729571342468262,
    8.642960548400879,
    7.0340752601623535,
    7.419241905212402,
    6.324714660644531,
    5.454061508178711,
    4.939689636230469,
    4.179996967315674
  ],
  "val_loss": [
    216.52439880371094,
    225.98239135742188,
    206.07164001464844,
    289.3903503417969,
    290.57977294921875,
    240.13560485839844,
    276.13482666015625,
    343.1761169433594,
    251.42222595214844,
    312.74053955078125
  ]
}