{
  "apparent_age_avg_loss": [
    28.91841697692871,
    30.902629852294922,
    23.00032615661621,
    28.489559173583984,
    21.81431770324707,
    31.14405632019043,
    23.33027458190918,
    21.23976707458496,
    20.810382843017578,
    25.400949478149414,
    25.773324966430664,
    18.57111358642578,
    31.716983795166016,
    20.74567985534668,
    22.229007720947266,
    24.456937789916992,
    21.401958465576172,
    23.109107971191406,
    21.464170455932617,
    24.13896369934082,
    18.722270965576172,
    17.19252586364746,
    15.707170486450195,
    18.66488265991211,
    20.039470672607422,
    17.949800491333008
  ],
  "apparent_age_avg_mean_absolute_error": [
    4.223800182342529,
    4.008815288543701,
    3.793487071990967,
    4.176060676574707,
    3.637939214706421,
    4.478620529174805,
    3.734572172164917,
    3.5285661220550537,
    3.6194021701812744,
    3.9005446434020996,
    3.9780383110046387,
    3.4073665142059326,
    4.39004373550415,
    3.684770345687866,
    3.681807279586792,
    3.8318521976470947,
    3.750602960586548,
    3.701479196548462,
    3.592115640640259,
    3.837756872177124,
    3.2845559120178223,
    3.236556053161621,
    3.0958666801452637,
    3.324921131134033,
    3.418832302093506,
    3.356729745864868
  ],
  "apparent_age_avg_mean_squared_error": [
    28.91841697692871,
    30.902629852294922,
    23.00032615661621,
    28.489559173583984,
    21.81431770324707,
    31.14405632019043,
    23.33027458190918,
    21.23976707458496,
    20.810382843017578,
    25.400949478149414,
    25.773324966430664,
    18.57111358642578,
    31.716983795166016,
    20.74567985534668,
    22.229007720947266,
    24.456937789916992,
    21.401958465576172,
    23.109107971191406,
    21.464170455932617,
    24.13896369934082,
    18.722270965576172,
    17.19252586364746,
    15.707170486450195,
    18.66488265991211,
    20.039470672607422,
    17.949800491333008
  ],
  "apparent_age_std_loss": [
    1.6056958436965942,
    1.6359190940856934,
    1.6415729522705078,
    1.5714730024337769,
    1.5474858283996582,
    1.5910799503326416,
    1.6694450378417969,
    1.2811496257781982,
    1.4209593534469604,
    1.4631803035736084,
    1.5756700038909912,
    1.440720796585083,
    1.533539056777954,
    1.5125521421432495,
    1.47334885597229,
    1.3960003852844238,
    1.4089609384536743,
    1.5115351676940918,
    1.3777884244918823,
    1.3813560009002686,
    1.3509037494659424,
    1.3550444841384888,
    1.4772042036056519,
    1.325330138206482,
    1.6207101345062256,
    1.4208450317382812
  ],
  "apparent_age_std_mean_absolute_error": [
    0.9791381359100342,
    0.9861122965812683,
    0.9599767327308655,
    0.9625414609909058,
    0.9431459903717041,
    0.9514032602310181,
    0.9725643992424011,
    0.8860197067260742,
    0.9160225987434387,
    0.9075848460197449,
    0.9744660258293152,
    0.926786482334137,
    0.9487968683242798,
    0.9594892859458923,
    0.9486796855926514,
    0.8809319138526917,
    0.912125289440155,
    0.9278298616409302,
    0.9128280282020569,
    0.9119117259979248,
    0.89462810754776,
    0.8958095908164978,
    0.9315874576568604,
    0.9085002541542053,
    0.9534953832626343,
    0.917140543460846
  ],
  "apparent_age_std_mean_squared_error": [
    1.6056958436965942,
    1.6359190940856934,
    1.6415729522705078,
    1.5714730024337769,
    1.5474858283996582,
    1.5910799503326416,
    1.6694450378417969,
    1.2811496257781982,
    1.4209593534469604,
    1.4631803035736084,
    1.5756700038909912,
    1.440720796585083,
    1.533539056777954,
    1.5125521421432495,
    1.47334885597229,
    1.3960003852844238,
    1.4089609384536743,
    1.5115351676940918,
    1.3777884244918823,
    1.3813560009002686,
    1.3509037494659424,
    1.3550444841384888,
    1.4772042036056519,
    1.325330138206482,
    1.6207101345062256,
    1.4208450317382812
  ],
  "loss": [
    30.628915786743164,
    32.64334487915039,
    24.74667739868164,
    30.165802001953125,
    23.46656036376953,
    32.83987808227539,
    25.10445213317871,
    22.62563133239746,
    22.33604621887207,
    26.968820571899414,
    27.45367431640625,
    20.116497039794922,
    33.35517501831055,
    22.362871170043945,
    23.80698585510254,
    25.957551956176758,
    22.91551971435547,
    24.725231170654297,
    22.946535110473633,
    25.624881744384766,
    20.177724838256836,
    18.65211296081543,
    17.288908004760742,
    20.09473419189453,
    21.76468849182129,
    19.475139617919922
  ],
  "val_apparent_age_avg_loss": [
    125.93318176269531,
    116.99641418457031,
    123.4306640625,
    134.232666015625,
    116.57231140136719,
    132.60586547851562,
    125.19505310058594,
    132.66680908203125,
    117.19789123535156,
    118.92130279541016,
    132.87997436523438,
    121.31809997558594,
    126.4986572265625,
    128.24667358398438,
    111.9611587524414,
    99.13672637939453,
    118.6589584350586,
    130.99264526367188,
    126.5661392211914,
    122.4227294921875,
    115.7132568359375,
    114.26051330566406,
    110.1154556274414,
    119.2253189086914,
    132.64846801757812,
    113.1348876953125
  ],
  "val_apparent_age_avg_mean_absolute_error": [
    8.90495491027832,
    8.81159782409668,
    8.719475746154785,
    9.133230209350586,
    8.405068397521973,
    9.101318359375,
    8.8040771484375,
    9.16456413269043,
    8.53791618347168,
    8.638429641723633,
    9.171220779418945,
    8.460256576538086,
    8.7445707321167,
    8.468277931213379,
    8.252485275268555,
    7.9689812660217285,
    8.350327491760254,
    8.785743713378906,
    8.810956954956055,
    8.551636695861816,
    8.38914680480957,
    8.275310516357422,
    8.313766479492188,
    8.693799018859863,
    8.981674194335938,
    8.431588172912598
  ],
  "val_apparent_age_avg_mean_squared_error": [
    125.93318176269531,
    116.99641418457031,
    123.4306640625,
    134.232666015625,
    116.57231140136719,
    132.60586547851562,
    125.19505310058594,
    132.66680908203125,
    117.19789123535156,
    118.92130279541016,
    132.87997436523438,
    121.31809997558594,
    126.4986572265625,
    128.24667358398438,
    111.9611587524414,
    99.13672637939453,
    118.6589584350586,
    130.99264526367188,
    126.5661392211914,
    122.4227294921875,
    115.7132568359375,
    114.26051330566406,
    110.1154556274414,
    119.2253189086914,
    132.64846801757812,
    113.1348876953125
  ],
  "val_apparent_age_std_loss": [
    3.12158203125,
    2.8864994049072266,
    2.612102508544922,
    2.8439807891845703,
    2.8825690746307373,
    2.831697702407837,
    3.0931575298309326,
    2.9763121604919434,
    2.800602912902832,
    3.114794969558716,
    3.084848165512085,
    2.6053426265716553,
    2.579087018966675,
    2.6638503074645996,
    2.6984686851501465,
    2.7104625701904297,
    2.645731210708618,
    3.059818983078003,
    3.2415332794189453,
    2.803623676300049,
    3.0391337871551514,
    2.9187045097351074,
    2.766326427459717,
    2.8776540756225586,
    3.077824592590332,
    3.103700876235962
  ],
  "val_apparent_age_std_mean_absolute_error": [
    1.3978220224380493,
    1.3560247421264648,
    1.302489995956421,
    1.351723313331604,
    1.3174543380737305,
    1.317283034324646,
    1.3959543704986572,
    1.384777545928955,
    1.3261401653289795,
    1.4294712543487549,
    1.3879411220550537,
    1.3053640127182007,
    1.276883840560913,
    1.2340534925460815,
    1.3428763151168823,
    1.3236453533172607,
    1.2579412460327148,
    1.387946367263794,
    1.4641101360321045,
    1.3407478332519531,
    1.3481792211532593,
    1.367002248764038,
    1.3352705240249634,
    1.3230047225952148,
    1.3950543403625488,
    1.447391152381897
  ],