{
  "apparent_age_avg_loss": [
    1099.847900390625,
    994.7005615234375,
    886.459716796875,
    846.49365234375,
    696.1837158203125,
    580.3985595703125,
    507.49462890625,
    446.006103515625,
    337.23028564453125,
    276.29034423828125,
    172.36398315429688,
    207.8751983642578,
    118.4732894897461,
    97.501220703125,
    66.29537200927734,
    38.63697814941406,
    35.991233825683594,
    25.11509895324707,
    20.242259979248047,
    38.369346618652344,
    22.79037094116211,
    24.61716651916504,
    48.38223648071289,
    44.70889663696289,
    16.60694122314453
  ],
  "apparent_age_avg_mean_absolute_error": [
    29.329975128173828,
    27.901962280273438,
    26.376262664794922,
    25.76572036743164,
    23.416383743286133,
    20.930614471435547,
    20.425426483154297,
    18.907445907592773,
    16.600414276123047,
    15.153181076049805,
    11.721729278564453,
    13.398828506469727,
    9.578067779541016,
    8.294393539428711,
    6.825599193572998,
    4.962674140930176,
    4.605963230133057,
    4.104864120483398,
    3.7215185165405273,
    4.83263635635376,
    3.815427303314209,
    4.004119873046875,
    5.440331935882568,
    5.118610382080078,
    3.280179500579834
  ],
  "apparent_age_std_loss": [
    0.0,
    0.0,
    0.0,
    0.0,
    0.0,
    0.0,
    0.0,
    0.0,
    0.0,
    0.0,
    0.0,
    0.0,
    0.0,
    0.0,
    0.0,
    0.0,
    0.0,
    0.0,
    0.0,
    0.0,
    0.0,
    0.0,
    0.0,
    0.0,
    0.0
  ],
  "loss": [
    1099.9501953125,
    994.8028564453125,
    886.5620727539062,
    846.59619140625,
    696.2862548828125,
    580.501220703125,
    507.597412109375,
    446.1090087890625,
    337.33331298828125,
    276.3935241699219,
    172.46728515625,
    207.97857666015625,
    118.5767822265625,
    97.60480499267578,
    66.39903259277344,
    38.74070358276367,
    36.09502029418945,
    25.21893310546875,
    20.346128463745117,
    38.473236083984375,
    22.894271850585938,
    24.7210693359375,
    48.48612976074219,
    44.812774658203125,
    16.710796356201172
  ],
  "val_apparent_age_avg_loss": [
    1217.2294921875,
    1106.922119140625,
    1004.2313842773438,
    924.1942138671875,
    845.9683227539062,
    764.5553588867188,
    667.696044921875,
    593.5687866210938,
    530.2979736328125,
    465.22344970703125,
    423.06097412109375,
    367.4585266113281,
    324.5481262207031,
    367.51971435546875,
    317.39996337890625,
    316.8365783691406,
    304.9534912109375,
    232.31246948242188,
    326.60418701171875,
    196.32052612304688,
    219.85643005371094,
    307.339599609375,
    251.22100830078125,
    232.00445556640625,
    260.451416015625
  ],
  "val_apparent_age_avg_mean_absolute_error": [
    29.500469207763672,
    28.064695358276367,
    26.24282455444336,
    25.148143768310547,
    23.87459373474121,
    22.592391967773438,
    21.035356521606445,
    19.20655059814453,
    17.591901779174805,
    16.68996238708496,
    14.718975067138672,
    13.414362907409668,
    14.040166854858398,
    13.803510665893555,
    11.967195510864258,
    12.525949478149414,
    12.71550178527832,
    11.462072372436523,
    12.496257781982422,
    10.548630714416504,
    10.72852611541748,
    13.160247802734375,
    11.5907564163208,
    12.067963600158691,
    11.66926383972168
  ],
  "val_apparent_age_std_loss": [
    0.0,
    0.0,
    0.0,
    0.0,
    0.0,
    0.0,
    0.0,
    0.0,
    0.0,
    0.0,
    0.0,
    0.0,
    0.0,
    0.0,
    0.0,
    0.0,
    0.0,
    0.0,
    0.0,
    0.0,
    0.0,
    0.0,
    0.0,
    0.0,
    0.0
  ],
  "val_loss": [
    1217.331787109375,
    1107.0244140625,
    1004.3338012695312,
    924.2967529296875,
    846.0709838867188,
    764.6581420898438,
    667.7989501953125,
    593.6718139648438,
    530.4010620117188,
    465.32672119140625,
    423.1643371582031,
    367.56201171875,
    324.65167236328125,
    367.62335205078125,
    317.5036926269531,
    316.9403381347656,
    305.05731201171875,
    232.41632080078125,
    326.70806884765625,
    196.42442321777344,
    219.9603271484375,
    307.4435119628906,
    251.32489013671875,
    232.1083221435547,
    260.55523681640625
  ]
}