{
  "apparent_age_avg_loss": [
    35.184200286865234,
    33.59328079223633,
    28.8469295501709,
    30.087854385375977,
    31.1541748046875,
    27.66877555847168,
    27.413570404052734,
    25.542888641357422,
    25.11293601989746,
    25.67970085144043,
    25.19245719909668,
    22.434755325317383,
    25.76563835144043,
    25.13285255432129,
    23.98587989807129,
    23.71368980407715,
    22.57347297668457,
    22.448110580444336,
    24.331226348876953,
    21.47956657409668,
    22.606279373168945,
    25.83110809326172,
    22.834579467773438,
    22.63559341430664,
    23.209789276123047,
    20.859560012817383
  ],
  "apparent_age_avg_mean_absolute_error": [
    4.472263813018799,
    4.478849411010742,
    4.2393388748168945,
    4.194788455963135,
    4.2912678718566895,
    4.0898261070251465,
    4.068760395050049,
    3.9727556705474854,
    3.9233736991882324,
    3.948673963546753,
    3.9212749004364014,
    3.712921619415283,
    3.921600341796875,
    3.856281042098999,
    3.8285419940948486,
    3.749027729034424,
    3.7368855476379395,
    3.7220051288604736,
    3.744196891784668,
    3.570969581604004,
    3.647885322570801,
    3.923534870147705,
    3.733675241470337,
    3.7141284942626953,
    3.7446236610412598,
    3.5282816886901855
  ],
  "apparent_age_avg_mean_squared_error": [
    35.184200286865234,
    33.59328079223633,
    28.8469295501709,
    30.087854385375977,
    31.1541748046875,
    27.66877555847168,
    27.413570404052734,
    25.542888641357422,
    25.11293601989746,
    25.67970085144043,
    25.19245719909668,
    22.434755325317383,
    25.76563835144043,
    25.13285255432129,
    23.98587989807129,
    23.71368980407715,
    22.57347297668457,
    22.448110580444336,
    24.331226348876953,
    21.47956657409668,
    22.606279373168945,
    25.83110809326172,
    22.834579467773438,
    22.63559341430664,
    23.209789276123047,
    20.859560012817383
  ],
  "apparent_age_std_loss": [
    1.8578979969024658,
    1.9055726528167725,
    1.8565071821212769,
    1.888477087020874,
    1.8111580610275269,
    1.7743539810180664,
    1.9009249210357666,
    1.7943754196166992,
    1.8213964700698853,
    1.8391876220703125,
    1.737119197845459,
    1.920141339302063,
    1.7413110733032227,
    1.899989366531372,
    1.720617413520813,
    1.6455678939819336,
    1.9991871118545532,
    1.8416309356689453,
    1.7240415811538696,
    1.5653212070465088,
    1.8340232372283936,
    1.6276991367340088,
    1.8366351127624512,
    1.6142643690109253,
    1.7191386222839355,
    1.7206369638442993
  ],
  "apparent_age_std_mean_absolute_error": [
    1.0537794828414917,
    1.0362063646316528,
    1.0314406156539917,
    1.0333651304244995,
    1.0033141374588013,
    0.9992472529411316,
    1.0324848890304565,
    0.9946760535240173,
    1.0005749464035034,
    1.0179448127746582,
    1.0113455057144165,
    1.0284336805343628,
    1.0001634359359741,
    1.0151206254959106,
    0.9918444156646729,
    0.9807096719741821,
    1.0591899156570435,
    1.0037541389465332,
    0.9667526483535767,
    0.9503472447395325,
    1.034072995185852,
    0.9620685577392578,
    1.009851098060608,
    0.9519249796867371,
    0.9883698225021362,
    0.949076771736145
  ],
  "apparent_age_std_mean_squared_error": [
    1.8578979969024658,
    1.9055726528167725,
    1.8565071821212769,
    1.888477087020874,
    1.8111580610275269,
    1.7743539810180664,
    1.9009249210357666,
    1.7943754196166992,
    1.8213964700698853,
    1.8391876220703125,
    1.737119197845459,
    1.920141339302063,
    1.7413110733032227,
    1.899989366531372,
    1.720617413520813,
    1.6455678939819336,
    1.9991871118545532,
    1.8416309356689453,
    1.7240415811538696,
    1.5653212070465088,
    1.8340232372283936,
    1.6276991367340088,
    1.8366351127624512,
    1.6142643690109253,
    1.7191386222839355,
    1.7206369638442993
  ],
  "loss": [
    37.152061462402344,
    35.60881042480469,
    30.81337547302246,
    32.08625411987305,
    33.07523727416992,
    29.553016662597656,
    29.42436981201172,
    27.44711685180664,
    27.04416847229004,
    27.628711700439453,
    27.039379119873047,
    24.464683532714844,
    27.61672019958496,
    27.142595291137695,
    25.816238403320312,
    25.468982696533203,
    24.68236541748047,
    24.399433135986328,
    26.164941787719727,
    23.154550552368164,
    24.549949645996094,
    27.56844139099121,
    24.780834197998047,
    24.35946273803711,
    25.03851890563965,
    22.689773559570312
  ],
  "val_apparent_age_avg_loss": [
    99.88250732421875,
    100.6796646118164,
    106.4106216430664,
    100.0969467163086,
    101.0167236328125,
    96.82108306884766,
    92.98409271240234,
    94.43669891357422,
    98.3656005859375,
    104.42898559570312,
    91.99176025390625,
    90.22115325927734,
    89.1876220703125,
    93.05648040771484,
    88.65076446533203,
    83.73223114013672,
    98.21305084228516,
    86.0895004272461,
    92.61150360107422,
    93.86090850830078,
    89.62989044189453,
    93.75577545166016,
    93.4105453491211,
    93.61719512939453,
    93.5389404296875,
    93.36316680908203
  ],
  "val_apparent_age_avg_mean_absolute_error": [
    7.772432804107666,
    7.747354984283447,
    7.827914714813232,
    7.683544158935547,
    7.7642059326171875,
    7.543397426605225,
    7.3160271644592285,
    7.552361965179443,
    7.5431342124938965,
    7.717851638793945,
    7.341275691986084,
    7.362040996551514,
    7.1064839363098145,
    7.495537281036377,
    7.107059001922607,
    7.041665554046631,
    7.447984218597412,
    7.072129726409912,
    7.39815092086792,
    7.3670477867126465,
    7.2402424812316895,
    7.3423614501953125,
    7.513900279998779,
    7.383705139160156,
    7.51222038269043,
    7.335681438446045
  ],
  "val_apparent_age_avg_mean_squared_error": [
    99.88250732421875,
    100.6796646118164,
    106.4106216430664,
    100.0969467163086,
    101.0167236328125,
    96.82108306884766,
    92.98409271240234,
    94.43669891357422,
    98.3656005859375,
    104.42898559570312,
    91.99176025390625,
    90.22115325927734,
    89.1876220703125,
    93.05648040771484,
    88.65076446533203,
    83.73223114013672,
    98.21305084228516,
    86.0895004272461,
    92.61150360107422,
    93.86090850830078,
    89.62989044189453,
    93.75577545166016,
    93.4105453491211,
    93.61719512939453,
    93.5389404296875,
    93.36316680908203
  ],
  "val_apparent_age_std_loss": [
    2.6929330825805664,
    2.678095579147339,
    2.6159772872924805,
    2.813178300857544,
    2.860616683959961,
    2.652597665786743,
    2.555266857147217,
    2.5839545726776123,
    2.4661598205566406,
    2.6369287967681885,
    2.890666961669922,
    2.539808988571167,
    2.420485258102417,
    2.678126335144043,
    2.603597402572632,
    2.5977208614349365,
    2.6485416889190674,
    2.6278433799743652,
    2.6943559646606445,
    2.5228922367095947,
    2.74578857421875,
    2.417055606842041,
    2.885362386703491,
    2.704179525375366,
    2.7544689178466797,
    2.6145102977752686
  ],
  "val_apparent_age_std_mean_absolute_error": [
    1.2866407632827759,
    1.266924262046814,
    1.2741806507110596,
    1.2903366088867188,
    1.301925778388977,
    1.2502942085266113,
    1.2287609577178955,
    1.2160029411315918,
    1.2124346494674683,
    1.2636938095092773,
    1.3197325468063354,
    1.2101502418518066,
    1.1741188764572144,
    1.2555279731750488,
    1.2462270259857178,
    1.21489679813385,
    1.2281287908554077,
    1.2632471323013306,
    1.2816108465194702,
    1.218665361404419,
    1.285715103149414,
    1.2084749937057495,
    1.309900164604187,
    1.271130084991455,
    1.2843230962753296,
    1.2372303009033203
  ],