{
  "apparent_age_avg_loss": [
    944.3440551757812,
    683.7509765625,
    390.9327697753906,
    202.2669677734375,
    102.63832092285156,
    65.33792877197266,
    59.24470138549805,
    48.93048095703125,
    40.84542465209961,
    40.22431182861328
  ],
  "apparent_age_avg_mean_absolute_error": [
    27.187667846679688,
    22.954959869384766,
    16.243579864501953,
    11.665632247924805,
    7.8540472984313965,
    6.611772060394287,
    5.901466369628906,
    5.612433433532715,
    5.143115520477295,
    5.004654884338379
  ],
  "apparent_age_std_loss": [
    0.0,
    0.0,
    0.0,
    0.0,
    0.0,
    0.0,
    0.0,
    0.0,
    0.0,
    0.0
  ],
  "loss": [
    944.4465942382812,
    683.8536987304688,
    391.0359191894531,
    202.3705291748047,
    102.74219512939453,
    65.44214630126953,
    59.3492317199707,
    49.03524398803711,
    40.95035934448242,
    40.329368591308594
  ],
  "val_apparent_age_avg_loss": [
    886.31494140625,
    610.3367309570312,
    369.9181823730469,
    221.2919158935547,
    163.77232360839844,
    174.82981872558594,
    205.8497772216797,
    202.77174377441406,
    186.5633544921875,
    173.52960205078125
  ],
  "val_apparent_age_avg_mean_absolute_error": [
    25.48307228088379,
    20.476396560668945,
    15.296333312988281,
    11.769546508789062,
    10.016164779663086,
    10.959843635559082,
    11.258072853088379,
    10.959552764892578,
    10.263470649719238,
    9.94718074798584
  ],
  "val_apparent_age_std_loss": [
    0.0,
    0.0,
    0.0,
    0.0,
    0.0,
    0.0,
    0.0,
    0.0,
    0.0,
    0.0
  ],
  "val_loss": [
    886.4176635742188,
    610.4397583007812,
    370.0215759277344,
    221.3956298828125,
    163.87640380859375,
    174.9342041015625,
    205.95445251464844,
    202.8766326904297,
    186.66835021972656,
    173.63470458984375
  ]
}