{
  "apparent_age_avg_loss": [
    258.4598693847656,
    109.07474517822266,
    98.1976089477539,
    93.04508972167969,
    88.99742126464844,
    81.68280792236328,
    80.6196060180664,
    75.35334014892578,
    73.89019012451172,
    72.1518783569336,
    65.0676040649414,
    68.86843872070312,
    62.65114212036133,
    64.08582305908203,
    58.978416442871094,
    62.444091796875,
    55.09239196777344,
    56.92117691040039,
    57.18938064575195,
    52.17668533325195
  ],
  "apparent_age_avg_mean_absolute_error": [
    11.918473243713379,
    8.006235122680664,
    7.599022388458252,
    7.341684818267822,
    7.238536834716797,
    6.965339660644531,
    6.879646301269531,
    6.649876117706299,
    6.650862216949463,
    6.574118614196777,
    6.184953689575195,
    6.351759433746338,
    6.061822891235352,
    6.186466217041016,
    5.945765018463135,
    6.068305015563965,
    5.7330002784729,
    5.747795581817627,
    5.832060813903809,
    5.605065822601318
  ],
  "apparent_age_std_loss": [
    0.0,
    0.0,
    0.0,
    0.0,
    0.0,
    0.0,
    0.0,
    0.0,
    0.0,
    0.0,
    0.0,
    0.0,
    0.0,
    0.0,
    0.0,
    0.0,
    0.0,
    0.0,
    0.0,
    0.0
  ],
  "loss": [
    258.5652160644531,
    109.18560028076172,
    98.31270599365234,
    93.16507720947266,
    89.12236785888672,
    81.81273651123047,
    80.7551498413086,
    75.494384765625,
    74.03702545166016,
    72.30523681640625,
    65.22737884521484,
    69.03439331054688,
    62.82386016845703,
    64.26465606689453,
    59.16386795043945,
    62.63608932495117,
    55.29110336303711,
    57.126407623291016,
    57.400634765625,
    52.394371032714844
  ],
  "val_apparent_age_avg_loss": [
    129.38623046875,
    126.31913757324219,
    126.56652069091797,
    122.98735809326172,
    117.62598419189453,
    116.85205841064453,
    125.55767822265625,
    125.61174011230469,
    122.52377319335938,
    113.58975982666016,
    119.03943634033203,
    113.73676300048828,
    114.11605834960938,
    121.6810302734375,
    112.66572570800781,
    114.13031005859375,
    116.51079559326172,
    119.79158782958984,
    126.15055847167969,
    112.9575424194336
  ],
  "val_apparent_age_avg_mean_absolute_error": [
    8.67049789428711,
    8.593500137329102,
    8.553696632385254,
    8.477389335632324,
    8.186741828918457,
    8.2728910446167,
    8.48000431060791,
    8.496477127075195,
    8.471171379089355,
    8.005995750427246,
    8.184292793273926,
    8.012067794799805,
    8.036181449890137,
    8.24965763092041,
    7.9712419509887695,
    8.119322776794434,
    7.9598388671875,
    8.11763858795166,
    8.477117538452148,
    7.965144157409668
  ],
  "val_apparent_age_std_loss": [
    0.0,
    0.0,
    0.0,
    0.0,
    0.0,
    0.0,
    0.0,
    0.0,
    0.0,
    0.0,
    0.0,
    0.0,
    0.0,
    0.0,
    0.0,
    0.0,
    0.0,
    0.0,
    0.0,
    0.0
  ],
  "val_loss": [
    129.49473571777344,
    126.43218994140625,
    126.68396759033203,
    123.1098861694336,
    117.75365447998047,
    116.9845199584961,
    125.69606018066406,
    125.75560760498047,
    122.673828125,
    113.74624633789062,
    119.20226287841797,
    113.90599822998047,
    114.29196166992188,
    121.8633041381836,
    112.85420227050781,
    114.32588958740234,
    116.71240234375,
    120.00000762939453,
    126.3655776977539,
    113.17807006835938
  ]
}