{
  "apparent_age_avg_loss": [
    42.024227142333984,
    35.282684326171875,
    33.19417190551758,
    32.770957946777344,
    33.81764602661133,
    32.37936019897461,
    32.89892578125,
    30.332839965820312,
    32.02410888671875,
    32.15583038330078,
    29.983076095581055,
    31.616539001464844,
    27.11112403869629,
    29.199094772338867,
    27.80535888671875,
    27.54624366760254,
    29.201784133911133,
    27.758014678955078,
    28.919015884399414,
    28.35355567932129,
    28.623210906982422,
    27.049413681030273,
    26.999879837036133,
    28.883251190185547,
    27.896875381469727
  ],
  "apparent_age_avg_mean_absolute_error": [
    5.036705493927002,
    4.590450286865234,
    4.45466423034668,
    4.436276912689209,
    4.4767656326293945,
    4.419858455657959,
    4.428458213806152,
    4.231121063232422,
    4.366204261779785,
    4.411934852600098,
    4.246442794799805,
    4.338164329528809,
    4.030725002288818,
    4.196333885192871,
    4.140393257141113,
    4.0909576416015625,
    4.218936920166016,
    4.059108257293701,
    4.145194053649902,
    4.129438877105713,
    4.15614128112793,
    4.0448899269104,
    4.042054653167725,
    4.177282810211182,
    4.0400800704956055
  ],
  "apparent_age_avg_mean_squared_error": [
    42.024227142333984,
    35.282684326171875,
    33.19417190551758,
    32.770957946777344,
    33.81764602661133,
    32.37936019897461,
    32.89892578125,
    30.332839965820312,
    32.02410888671875,
    32.15583038330078,
    29.983076095581055,
    31.616539001464844,
    27.11112403869629,
    29.199094772338867,
    27.80535888671875,
    27.54624366760254,
    29.201784133911133,
    27.758014678955078,
    28.919015884399414,
    28.35355567932129,
    28.623210906982422,
    27.049413681030273,
    26.999879837036133,
    28.883251190185547,
    27.896875381469727
  ],
  "apparent_age_std_loss": [
    2.064204216003418,
    1.9465404748916626,
    1.9798346757888794,
    1.9713897705078125,
    1.9715754985809326,
    1.968045949935913,
    1.9773608446121216,
    1.889575719833374,
    1.85745370388031,
    1.9461164474487305,
    1.8418395519256592,
    1.873508095741272,
    1.9225813150405884,
    1.8941541910171509,
    1.826993703842163,
    1.9311702251434326,
    1.903435468673706,
    1.858378291130066,
    1.8096171617507935,
    1.8826874494552612,
    1.8499253988265991,
    1.850778579711914,
    1.8613821268081665,
    1.835397481918335,
    1.8410959243774414
  ],
  "apparent_age_std_mean_absolute_error": [
    1.1003016233444214,
    1.0646882057189941,
    1.0714850425720215,
    1.0693496465682983,
    1.0753101110458374,
    1.0659806728363037,
    1.0640326738357544,
    1.0387318134307861,
    1.0358541011810303,
    1.0535781383514404,
    1.034913182258606,
    1.0405665636062622,
    1.057557463645935,
    1.0414339303970337,
    1.0256502628326416,
    1.0580105781555176,
    1.0473835468292236,
    1.0363657474517822,
    1.0201154947280884,
    1.0416038036346436,
    1.0285426378250122,
    1.0252158641815186,
    1.032446026802063,
    1.031097173690796,
    1.0183467864990234
  ],
  "apparent_age_std_mean_squared_error": [
    2.064204216003418,
    1.9465404748916626,
    1.9798346757888794,
    1.9713897705078125,
    1.9715754985809326,
    1.968045949935913,
    1.9773608446121216,
    1.889575719833374,
    1.85745370388031,
    1.9461164474487305,
    1.8418395519256592,
    1.873508095741272,
    1.9225813150405884,
    1.8941541910171509,
    1.826993703842163,
    1.9311702251434326,
    1.903435468673706,
    1.858378291130066,
    1.8096171617507935,
    1.8826874494552612,
    1.8499253988265991,
    1.850778579711914,
    1.8613821268081665,
    1.835397481918335,
    1.8410959243774414
  ],
  "loss": [
    44.18718719482422,
    37.32793426513672,
    35.2726936340332,
    34.84101486206055,
    35.88784408569336,
    34.44599914550781,
    34.974849700927734,
    32.320945739746094,
    33.980079650878906,
    34.2004280090332,
    31.923372268676758,
    33.5884895324707,
    29.13211441040039,
    31.1916446685791,
    29.7307186126709,
    29.575748443603516,
    31.203563690185547,
    29.714693069458008,
    30.82692527770996,
    30.33452033996582,
    30.571392059326172,
    28.998430252075195,
    28.95946502685547,
    30.81684112548828,
    29.83612823486328
  ],
  "val_apparent_age_avg_loss": [
    101.09586334228516,
    98.01919555664062,
    97.20498657226562,
    101.01317596435547,
    94.55909729003906,
    97.7862319946289,
    98.15359497070312,
    96.3387451171875,
    97.69444274902344,
    95.26679229736328,
    93.39344787597656,
    90.40003967285156,
    92.81620788574219,
    92.54525756835938,
    88.18405151367188,
    91.32874298095703,
    91.45772552490234,
    89.8828353881836,
    94.25171661376953,
    95.9466552734375,
    89.22012329101562,
    91.23847198486328,
    91.72232818603516,
    89.08010864257812,
    92.69843292236328
  ],
  "val_apparent_age_avg_mean_absolute_error": [
    7.56368350982666,
    7.412913799285889,
    7.35038423538208,
    7.559046268463135,
    7.329526424407959,
    7.430474281311035,
    7.461073875427246,
    7.323232173919678,
    7.327016353607178,
    7.357180118560791,
    7.187894821166992,
    7.138826847076416,
    7.1423797607421875,
    7.286809921264648,
    6.984005928039551,
    7.125394344329834,
    7.143538475036621,
    7.1468963623046875,
    7.200544357299805,
    7.223687171936035,
    7.096833229064941,
    7.159870624542236,
    7.087813854217529,
    7.052555561065674,
    7.102051734924316
  ],
  "val_apparent_age_avg_mean_squared_error": [
    101.09586334228516,
    98.01919555664062,
    97.20498657226562,
    101.01317596435547,
    94.55909729003906,
    97.7862319946289,
    98.15359497070312,
    96.3387451171875,
    97.69444274902344,
    95.26679229736328,
    93.39344787597656,
    90.40003967285156,
    92.81620788574219,
    92.54525756835938,
    88.18405151367188,
    91.32874298095703,
    91.45772552490234,
    89.8828353881836,
    94.25171661376953,
    95.9466552734375,
    89.22012329101562,
    91.23847198486328,
    91.72232818603516,
    89.08010864257812,
    92.69843292236328
  ],
  "val_apparent_age_std_loss": [
    2.6139395236968994,
    2.7485740184783936,
    2.684420108795166,
    2.6705615520477295,
    2.6544389724731445,
    2.6763546466827393,
    2.652583360671997,
    2.6701712608337402,
    2.6587793827056885,
    2.7270193099975586,
    2.635631799697876,
    2.556048631668091,
    2.685624837875366,
    2.6237144470214844,
    2.661550760269165,
    2.598945379257202,
    2.5744049549102783,
    2.6361048221588135,
    2.715794563293457,
    2.5625479221343994,
    2.507246494293213,
    2.6124651432037354,
    2.550438165664673,
    2.591413736343384,
    2.6641786098480225
  ],
  "val_apparent_age_std_mean_absolute_error": [
    1.2286763191223145,
    1.2537879943847656,
    1.2558377981185913,
    1.2340855598449707,
    1.231002926826477,
    1.2360919713974,
    1.2249820232391357,
    1.2279863357543945,
    1.2497539520263672,
    1.258278489112854,
    1.2414326667785645,
    1.2178311347961426,
    1.2410780191421509,
    1.2387319803237915,
    1.2300999164581299,
    1.2332829236984253,
    1.2118796110153198,
    1.2431994676589966,
    1.2591952085494995,
    1.2267545461654663,
    1.1985888481140137,
    1.2361705303192139,
    1.2078166007995605,
    1.2120178937911987,
    1.2389366626739502
  ],