{
  "apparent_age_avg_loss": [
    1224.4769287109375,
    1087.5037841796875,
    1125.343505859375,
    1190.68896484375,
    1128.2252197265625,
    1132.314453125,
    1180.7083740234375,
    1169.0694580078125,
    1092.839599609375,
    1160.080322265625,
    1248.433837890625,
    1044.591796875
  ],
  "apparent_age_avg_mean_absolute_error": [
    31.33249282836914,
    29.184162139892578,
    30.06753158569336,
    30.340259552001953,
    30.10846519470215,
    30.022804260253906,
    30.404150009155273,
    30.379615783691406,
    29.670303344726562,
    30.257328033447266,
    31.39362335205078,
    28.9421443939209
  ],
  "apparent_age_std_loss": [
    0.0,
    0.0,
    0.0,
    0.0,
    0.0,
    0.0,
    0.0,
    0.0,
    0.0,
    0.0,
    0.0,
    0.0
  ],
  "loss": [
    1224.579345703125,
    1087.606201171875,
    1125.4459228515625,
    1190.79150390625,
    1128.32763671875,
    1132.4169921875,
    1180.810791015625,
    1169.171875,
    1092.9420166015625,
    1160.1826171875,
    1248.5362548828125,
    1044.6942138671875
  ],
  "val_apparent_age_avg_loss": [
    1303.106201171875,
    1288.4605712890625,
    1299.5662841796875,
    1298.336181640625,
    1303.21142578125,
    1298.544677734375,
    1297.38623046875,
    1301.245849609375,
    1303.63037109375,
    1297.6585693359375,
    1295.077880859375,
    1292.670654296875
  ],
  "val_apparent_age_avg_mean_absolute_error": [
    31.037242889404297,
    30.885011672973633,
    30.895187377929688,
    30.80626106262207,
    30.983348846435547,
    30.88652992248535,
    30.87091064453125,
    30.97698211669922,
    30.98879623413086,
    30.821571350097656,
    30.7279109954834,
    30.710758209228516
  ],
  "val_apparent_age_std_loss": [
    0.0,
    0.0,
    0.0,
    0.0,
    0.0,
    0.0,
    0.0,
    0.0,
    0.0,
    0.0,
    0.0,
    0.0
  ],
  "val_loss": [
    1303.2086181640625,
    1288.56298828125,
    1299.668701171875,
    1298.4385986328125,
    1303.3138427734375,
    1298.6470947265625,
    1297.4886474609375,
    1301.3482666015625,
    1303.7327880859375,
    1297.760986328125,
    1295.1802978515625,
    1292.7730712890625
  ]
}