{
  "apparent_age_avg_loss": [
    179.81275939941406,
    134.9537353515625,
    112.5088119506836,
    106.61939239501953,
    98.641845703125,
    91.37229919433594,
    89.45588684082031,
    86.80365753173828,
    79.10614776611328,
    80.78612518310547,
    76.6443862915039,
    71.27622985839844,
    70.26371765136719,
    67.4170913696289,
    65.73893737792969,
    60.38039779663086,
    58.70941162109375,
    59.67638397216797,
    59.887393951416016,
    59.1605224609375,
    55.318721771240234,
    55.67888259887695,
    55.707801818847656,
    54.431785583496094,
    50.35050964355469,
    53.51979446411133,
    48.20269775390625,
    49.63178634643555,
    50.7078971862793,
    48.53207015991211,
    46.58123779296875,
    42.39432144165039,
    44.79073715209961,
    43.36690902709961,
    45.677738189697266
  ],
  "apparent_age_avg_mean_absolute_error": [
    10.376985549926758,
    9.030434608459473,
    8.203879356384277,
    8.069750785827637,
    7.687451362609863,
    7.48408317565918,
    7.346165180206299,
    7.269753456115723,
    6.915558815002441,
    7.004429817199707,
    6.725693702697754,
    6.583034038543701,
    6.546720027923584,
    6.421509265899658,
    6.297448635101318,
    6.080979824066162,
    6.016308307647705,
    6.019260883331299,
    6.017107009887695,
    6.002413272857666,
    5.811403274536133,
    5.85576868057251,
    5.797636985778809,
    5.81264591217041,
    5.5886149406433105,
    5.683670997619629,
    5.439225196838379,
    5.478416919708252,
    5.561001300811768,
    5.425761699676514,
    5.352039337158203,
    5.109777927398682,
    5.194515705108643,
    5.081130027770996,
    5.258388996124268
  ],
  "apparent_age_avg_mean_squared_error": [
    179.81275939941406,
    134.9537353515625,
    112.5088119506836,
    106.61939239501953,
    98.641845703125,
    91.37229919433594,
    89.45588684082031,
    86.80365753173828,
    79.10614776611328,
    80.78612518310547,
    76.6443862915039,
    71.27622985839844,
    70.26371765136719,
    67.4170913696289,
    65.73893737792969,
    60.38039779663086,
    58.70941162109375,
    59.67638397216797,
    59.887393951416016,
    59.1605224609375,
    55.318721771240234,
    55.67888259887695,
    55.707801818847656,
    54.431785583496094,
    50.35050964355469,
    53.51979446411133,
    48.20269775390625,
    49.63178634643555,
    50.7078971862793,
    48.53207015991211,
    46.58123779296875,
    42.39432144165039,
    44.79073715209961,
    43.36690902709961,
    45.677738189697266
  ],
  "apparent_age_std_loss": [
    9.81530475616455,
    3.9288976192474365,
    3.566797971725464,
    3.4844584465026855,
    3.184305429458618,
    3.1090404987335205,
    2.988633632659912,
    2.9250705242156982,
    2.7268688678741455,
    2.781851291656494,
    2.6344656944274902,
    2.569124698638916,
    2.607353687286377,
    2.486008882522583,
    2.4866061210632324,
    2.508929967880249,
    2.3625879287719727,
    2.3276827335357666,
    2.339801788330078,
    2.3839433193206787,
    2.3182482719421387,
    2.3460910320281982,
    2.289365530014038,
    2.228525400161743,
    2.226658582687378,
    2.2299768924713135,
    2.1837823390960693,
    2.1769533157348633,
    2.1589407920837402,
    2.163315534591675,
    2.145832061767578,
    2.176776647567749,
    2.121547222137451,
    2.057433605194092,
    2.0776028633117676
  ],
  "apparent_age_std_mean_absolute_error": [
    2.6249241828918457,
    1.5624483823776245,
    1.4752813577651978,
    1.4566892385482788,
    1.3979954719543457,
    1.375337839126587,
    1.3487223386764526,
    1.3302607536315918,
    1.2882630825042725,
    1.2870715856552124,
    1.2615094184875488,
    1.2461590766906738,
    1.2550451755523682,
    1.2172428369522095,
    1.2178088426589966,
    1.2306013107299805,
    1.1789588928222656,
    1.1789751052856445,
    1.1730653047561646,
    1.1914262771606445,
    1.179442286491394,
    1.1762524843215942,
    1.1529701948165894,
    1.151409387588501,
    1.1469022035598755,
    1.1497403383255005,
    1.1253061294555664,
    1.1330305337905884,
    1.1277629137039185,
    1.1296113729476929,
    1.1239477396011353,
    1.1239612102508545,
    1.1205710172653198,
    1.1064826250076294,
    1.0997564792633057
  ],
  "apparent_age_std_mean_squared_error": [
    9.81530475616455,
    3.9288976192474365,
    3.566797971725464,
    3.4844584465026855,
    3.184305429458618,
    3.1090404987335205,
    2.988633632659912,
    2.9250705242156982,
    2.7268688678741455,
    2.781851291656494,
    2.6344656944274902,
    2.569124698638916,
    2.607353687286377,
    2.486008882522583,
    2.4866061210632324,
    2.508929967880249,
    2.3625879287719727,
    2.3276827335357666,
    2.339801788330078,
    2.3839433193206787,
    2.3182482719421387,
    2.3460910320281982,
    2.289365530014038,
    2.228525400161743,
    2.226658582687378,
    2.2299768924713135,
    2.1837823390960693,
    2.1769533157348633,
    2.1589407920837402,
    2.163315534591675,
    2.145832061767578,
    2.176776647567749,
    2.121547222137451,
    2.057433605194092,
    2.0776028633117676
  ],
  "loss": [
    189.62806701660156,
    138.8826446533203,
    116.07554626464844,
    110.10383605957031,
    101.82614135742188,
    94.4813461303711,
    92.44452667236328,
    89.7287368774414,
    81.8329849243164,
    83.56794738769531,
    79.27886962890625,
    73.84532928466797,
    72.87106323242188,
    69.90310668945312,
    68.22554016113281,
    62.889312744140625,
    61.07199478149414,
    62.00406265258789,
    62.22719192504883,
    61.544498443603516,
    57.636985778808594,
    58.024986267089844,
    57.997154235839844,
    56.660301208496094,
    52.57717514038086,
    55.749752044677734,
    50.38648223876953,
    51.80873489379883,
    52.86681365966797,
    50.69538879394531,
    48.72706985473633,
    44.57108688354492,
    46.91228485107422,
    45.424346923828125,
    47.755340576171875
  ],
  "val_apparent_age_avg_loss": [
    160.95382690429688,
    141.91424560546875,
    125.5655517578125,
    130.41925048828125,
    119.46257781982422,
    116.66311645507812,
    119.22364807128906,
    118.72108459472656,
    111.00912475585938,
    109.27749633789062,
    103.98187255859375,
    106.73109436035156,
    108.71778106689453,
    103.69723510742188,
    103.97685241699219,
    107.73135375976562,
    102.10690307617188,
    100.57795715332031,
    104.02001190185547,
    98.5815658569336,
    104.85733795166016,
    105.29837036132812,
    92.76991271972656,
    105.1803207397461,
    101.65750122070312,
    96.3696517944336,
    97.177978515625,
    97.46611022949219,
    95.23497009277344,
    96.14161682128906,
    100.43203735351562,
    96.42930603027344,
    99.99454498291016,
    97.54729461669922,
    93.05535125732422
  ],
  "val_apparent_age_avg_mean_absolute_error": [
    9.818094253540039,
    9.098363876342773,
    8.669920921325684,
    8.791382789611816,
    8.43188190460205,
    8.296204566955566,
    8.220552444458008,
    8.332027435302734,
    8.153852462768555,
    8.098834991455078,
    7.778139591217041,
    7.759495258331299,
    7.981668472290039,
    7.61708402633667,
    7.780301570892334,
    7.905079364776611,
    7.650051593780518,
    7.662801742553711,
    7.6332526206970215,
    7.669218063354492,
    7.706005573272705,
    7.842752933502197,
    7.29213285446167,
    7.79115104675293,
    7.762689590454102,
    7.423371315002441,
    7.490599632263184,
    7.4405341148376465,
    7.3071417808532715,
    7.426267147064209,
    7.543468952178955,
    7.4112548828125,
    7.487730979919434,
    7.3573431968688965,
    7.329919815063477
  ],