{
  "apparent_age_avg_loss": [
    93.23202514648438,
    74.52326202392578,
    81.45098114013672,
    64.309326171875,
    56.21564483642578,
    52.762203216552734,
    45.75209045410156,
    50.95345687866211,
    45.18743896484375,
    44.13239288330078,
    39.7159423828125,
    43.99527359008789,
    43.67679977416992,
    39.82320785522461,
    38.377620697021484,
    42.688865661621094,
    31.558929443359375,
    31.176372528076172,
    29.505210876464844,
    30.65415382385254,
    37.09327697753906,
    34.58004379272461,
    29.283079147338867,
    33.09093475341797,
    30.173154830932617,
    29.42522430419922,
    37.214900970458984,
    30.707881927490234,
    33.30475616455078,
    30.13691520690918,
    27.901126861572266,
    31.24666976928711,
    27.177675247192383
  ],
  "apparent_age_avg_mean_absolute_error": [
    7.448610305786133,
    6.80560827255249,
    6.953704833984375,
    6.339879512786865,
    5.824477195739746,
    5.719078063964844,
    5.381780624389648,
    5.574857234954834,
    5.211775779724121,
    5.13826847076416,
    4.974700927734375,
    5.095774173736572,
    5.20646858215332,
    4.809502124786377,
    4.792381763458252,
    5.020262718200684,
    4.343348979949951,
    4.455974102020264,
    4.171676158905029,
    4.429843902587891,
    4.7505269050598145,
    4.576625347137451,
    4.188384056091309,
    4.341977119445801,
    4.184046745300293,
    4.136564254760742,
    4.812339782714844,
    4.3319783210754395,
    4.46469783782959,
    4.154874801635742,
    4.163573741912842,
    4.295384407043457,
    4.048903942108154
  ],
  "apparent_age_avg_mean_squared_error": [
    93.23202514648438,
    74.52326202392578,
    81.45098114013672,
    64.309326171875,
    56.21564483642578,
    52.762203216552734,
    45.75209045410156,
    50.95345687866211,
    45.18743896484375,
    44.13239288330078,
    39.7159423828125,
    43.99527359008789,
    43.67679977416992,
    39.82320785522461,
    38.377620697021484,
    42.688865661621094,
    31.558929443359375,
    31.176372528076172,
    29.505210876464844,
    30.65415382385254,
    37.09327697753906,
    34.58004379272461,
    29.283079147338867,
    33.09093475341797,
    30.173154830932617,
    29.42522430419922,
    37.214900970458984,
    30.707881927490234,
    33.30475616455078,
    30.13691520690918,
    27.901126861572266,
    31.24666976928711,
    27.177675247192383
  ],
  "apparent_age_std_loss": [
    13.39731502532959,
    11.767480850219727,
    10.720043182373047,
    9.109557151794434,
    7.023341178894043,
    5.968659400939941,
    5.442569255828857,
    4.356751441955566,
    4.180501937866211,
    3.621042490005493,
    3.1652116775512695,
    2.9348642826080322,
    2.8789916038513184,
    2.86674165725708,
    2.4876890182495117,
    2.8659095764160156,
    2.4522035121917725,
    2.8203256130218506,
    2.432842969894409,
    2.436410427093506,
    2.6039390563964844,
    2.250267267227173,
    2.400949001312256,
    2.42842435836792,
    2.273092746734619,
    2.301164388656616,
    2.4346442222595215,
    2.3470051288604736,
    2.4687438011169434,
    2.1167750358581543,
    1.92933189868927,
    2.3154609203338623,
    2.384902000427246
  ],
  "apparent_age_std_mean_absolute_error": [
    3.2520952224731445,
    3.0087220668792725,
    2.8839149475097656,
    2.5886332988739014,
    2.227522373199463,
    2.021078109741211,
    1.92399263381958,
    1.6455118656158447,
    1.6150411367416382,
    1.4778016805648804,
    1.390120029449463,
    1.304877758026123,
    1.323630452156067,
    1.2939116954803467,
    1.2073400020599365,
    1.2983834743499756,
    1.1951037645339966,
    1.2339712381362915,
    1.231548547744751,
    1.2081955671310425,
    1.2087129354476929,
    1.1209862232208252,
    1.169948697090149,
    1.2145962715148926,
    1.1535916328430176,
    1.1545257568359375,
    1.2361176013946533,
    1.1891082525253296,
    1.2313302755355835,
    1.1348650455474854,
    1.0723110437393188,
    1.1319622993469238,
    1.1724826097488403
  ],
  "apparent_age_std_mean_squared_error": [
    13.39731502532959,
    11.767480850219727,
    10.720043182373047,
    9.109557151794434,
    7.023341178894043,
    5.968659400939941,
    5.442569255828857,
    4.356751441955566,
    4.180501937866211,
    3.621042490005493,
    3.1652116775512695,
    2.9348642826080322,
    2.8789916038513184,
    2.86674165725708,
    2.4876890182495117,
    2.8659095764160156,
    2.4522035121917725,
    2.8203256130218506,
    2.432842969894409,
    2.436410427093506,
    2.6039390563964844,
    2.250267267227173,
    2.400949001312256,
    2.42842435836792,
    2.273092746734619,
    2.301164388656616,
    2.4346442222595215,
    2.3470051288604736,
    2.4687438011169434,
    2.1167750358581543,
    1.92933189868927,
    2.3154609203338623,
    2.384902000427246
  ],
  "loss": [
    106.72998046875,
    86.39134979248047,
    92.27163696289062,
    73.51948547363281,
    63.339576721191406,
    58.83143997192383,
    51.295230865478516,
    55.41075897216797,
    49.468482971191406,
    47.85396194458008,
    42.98167419433594,
    47.030643463134766,
    46.656288146972656,
    42.790428161621094,
    40.96576690673828,
    45.65522003173828,
    34.111572265625,
    34.09712219238281,
    32.03845977783203,
    33.190956115722656,
    39.79759979248047,
    36.930667877197266,
    31.78437614440918,
    35.61969757080078,
    32.546573638916016,
    31.826692581176758,
    39.74983596801758,
    33.15516662597656,
    35.87376403808594,
    32.35394287109375,
    29.930696487426758,
    33.662349700927734,
    29.662784576416016
  ],
  "val_apparent_age_avg_loss": [
    196.32760620117188,
    160.6300048828125,
    159.79031372070312,
    152.20542907714844,
    138.0342559814453,
    156.1845245361328,
    145.38365173339844,
    135.4894256591797,
    145.653564453125,
    138.43905639648438,
    160.6872100830078,
    154.73402404785156,
    142.3197784423828,
    144.94830322265625,
    121.42529296875,
    145.69114685058594,
    140.9466094970703,
    140.58448791503906,
    132.1299285888672,
    138.73690795898438,
    119.20931243896484,
    138.36203002929688,
    133.87747192382812,
    127.12493896484375,
    138.5203094482422,
    142.20388793945312,
    125.3045883178711,
    133.66311645507812,
    145.1768798828125,
    122.24436950683594,
    127.04541015625,
    128.34671020507812,
    127.93025207519531
  ],
  "val_apparent_age_avg_mean_absolute_error": [
    10.889551162719727,
    9.875947952270508,
    9.81743049621582,
    9.204237937927246,
    9.06920051574707,
    9.708795547485352,
    9.159662246704102,
    8.871968269348145,
    9.278635025024414,
    9.070460319519043,
    9.742177963256836,
    9.514874458312988,
    9.23534870147705,
    9.502708435058594,
    8.51008129119873,
    9.563855171203613,
    9.342778205871582,
    9.132954597473145,
    9.064458847045898,
    9.202430725097656,
    8.459856033325195,
    9.137211799621582,
    8.994577407836914,
    8.836627006530762,
    9.272819519042969,
    9.268999099731445,
    8.397428512573242,
    9.048681259155273,
    9.481728553771973,
    8.861357688903809,
    8.888753890991211,
    9.0880765914917,
    9.116146087646484
  ],