{
  "apparent_age_avg_loss": [
    1025.107177734375,
    798.9644775390625,
    597.281005859375,
    448.3028259277344,
    324.0718078613281,
    247.74667358398438,
    192.86294555664062,
    150.99375915527344,
    130.05125427246094,
    112.18671417236328,
    103.45462799072266,
    95.13260650634766,
    95.14178466796875,
    93.5223159790039,
    91.82862091064453,
    89.55279541015625,
    87.22006225585938,
    89.49590301513672,
    85.71629333496094,
    85.9307632446289,
    81.68700408935547,
    84.08810424804688,
    79.90320587158203,
    78.94303131103516,
    78.43708038330078,
    79.8405532836914,
    79.12445831298828,
    74.8715591430664,
    73.76614379882812,
    75.2396240234375,
    73.22901153564453,
    73.15477752685547,
    74.2489242553711,
    73.36980438232422,
    70.1719970703125,
    70.24392700195312,
    70.03279113769531,
    68.4220199584961,
    68.52140808105469,
    67.33341217041016,
    66.98705291748047,
    66.08038330078125,
    66.04505920410156,
    67.85649871826172,
    63.63149642944336,
    64.3567886352539,
    62.24970245361328,
    62.079376220703125,
    64.01844024658203,
    60.19967269897461
  ],
  "apparent_age_avg_mean_absolute_error": [
    28.533140182495117,
    24.859886169433594,
    21.219465255737305,
    17.941328048706055,
    14.862760543823242,
    12.592363357543945,
    10.718647956848145,
    9.399946212768555,
    8.60560417175293,
    8.036291122436523,
    7.726672172546387,
    7.541633129119873,
    7.464021682739258,
    7.405750751495361,
    7.3356122970581055,
    7.247032165527344,
    7.192684650421143,
    7.3572306632995605,
    7.139184951782227,
    7.149862766265869,
    6.9837164878845215,
    7.0635175704956055,
    6.979582786560059,
    6.932130336761475,
    6.800755500793457,
    6.817637920379639,
    6.902496814727783,
    6.68911600112915,
    6.669292449951172,
    6.722546100616455,
    6.586044788360596,
    6.599856376647949,
    6.713019371032715,
    6.5913896560668945,
    6.490708351135254,
    6.469092845916748,
    6.501212120056152,
    6.433956623077393,
    6.405548095703125,
    6.343312740325928,
    6.4001264572143555,
    6.2697272300720215,
    6.23812198638916,
    6.367778778076172,
    6.2004899978637695,
    6.197690486907959,
    6.136327743530273,
    6.094754219055176,
    6.194831371307373,
    6.040144443511963
  ],
  "apparent_age_std_loss": [
    0.0,
    0.0,
    0.0,
    0.0,
    0.0,
    0.0,
    0.0,
    0.0,
    0.0,
    0.0,
    0.0,
    0.0,
    0.0,
    0.0,
    0.0,
    0.0,
    0.0,
    0.0,
    0.0,
    0.0,
    0.0,
    0.0,
    0.0,
    0.0,
    0.0,
    0.0,
    0.0,
    0.0,
    0.0,
    0.0,
    0.0,
    0.0,
    0.0,
    0.0,
    0.0,
    0.0,
    0.0,
    0.0,
    0.0,
    0.0,
    0.0,
    0.0,
    0.0,
    0.0,
    0.0,
    0.0,
    0.0,
    0.0,
    0.0,
    0.0
  ],
  "loss": [
    1025.2095947265625,
    799.0661010742188,
    597.3825073242188,
    448.4040222167969,
    324.1729431152344,
    247.84759521484375,
    192.96372985839844,
    151.09429931640625,
    130.1517333984375,
    112.28714752197266,
    103.55494689941406,
    95.23283386230469,
    95.2419662475586,
    93.6224365234375,
    91.9287338256836,
    89.65283203125,
    87.32007598876953,
    89.59589385986328,
    85.81626892089844,
    86.0307388305664,
    81.78697204589844,
    84.18803405761719,
    80.00312805175781,
    79.04297637939453,
    78.5369873046875,
    79.94047546386719,
    79.22441864013672,
    74.97147369384766,
    73.86614227294922,
    75.33963012695312,
    73.32899475097656,
    73.25480651855469,
    74.34896087646484,
    73.46990966796875,
    70.27213287353516,
    70.3440933227539,
    70.1329345703125,
    68.5222396850586,
    68.62167358398438,
    67.4336929321289,
    67.08738708496094,
    66.18077087402344,
    66.1454849243164,
    67.95695495605469,
    63.73203659057617,
    64.4573974609375,
    62.350379943847656,
    62.180084228515625,
    64.11917114257812,
    60.300506591796875
  ],
  "val_apparent_age_avg_loss": [
    923.6642456054688,
    696.6053466796875,
    525.3975830078125,
    390.8376770019531,
    296.5966491699219,
    231.1252899169922,
    188.71961975097656,
    159.6192626953125,
    143.31051635742188,
    132.04698181152344,
    126.22988891601562,
    121.4399185180664,
    124.29722595214844,
    120.36324310302734,
    119.2711181640625,
    119.18955993652344,
    125.18467712402344,
    118.75334167480469,
    120.96926879882812,
    117.23050689697266,
    120.28974914550781,
    118.7456283569336,
    114.64889526367188,
    119.27005004882812,
    114.87803649902344,
    121.82315063476562,
    116.1312026977539,
    117.91481018066406,
    119.99482727050781,
    118.9910659790039,
    111.84390258789062,
    117.36577606201172,
    122.78337097167969,
    118.91222381591797,
    119.63101196289062,
    119.66796112060547,
    116.87686920166016,
    111.99571990966797,
    119.69384002685547,
    111.56641387939453,
    118.74890899658203,
    125.33495330810547,
    121.1669921875,
    116.9021224975586,
    123.06253051757812,
    118.9624252319336,
    113.23822021484375,
    123.50881958007812,
    121.89250183105469,
    116.91654205322266
  ],
  "val_apparent_age_avg_mean_absolute_error": [
    26.867778778076172,
    23.04452896118164,
    19.676109313964844,
    16.479156494140625,
    13.980219841003418,
    11.995332717895508,
    10.526266098022461,
    9.631035804748535,
    9.046415328979492,
    8.764342308044434,
    8.467082977294922,
    8.373915672302246,
    8.377901077270508,
    8.377532958984375,
    8.32221794128418,
    8.345314979553223,
    8.56977653503418,
    8.334188461303711,
    8.429618835449219,
    8.251983642578125,
    8.324893951416016,
    8.24118709564209,
    8.203481674194336,
    8.297323226928711,
    8.12243938446045,
    8.422389030456543,
    8.15194034576416,
    8.277838706970215,
    8.35725212097168,
    8.345719337463379,
    8.004140853881836,
    8.176451683044434,
    8.450414657592773,
    8.277417182922363,
    8.374040603637695,
    8.39526653289795,
    8.188610076904297,
    8.00417709350586,
    8.294689178466797,
    8.102861404418945,
    8.356589317321777,
    8.521202087402344,
    8.445578575134277,
    8.302655220031738,
    8.444158554077148,
    8.286900520324707,
    8.049471855163574,
    8.480520248413086,
    8.39270305633545,
    8.279964447021484
  ],
  "val_apparent_age_std_loss": [
    0.0,
    0.0,
    0.0,
    0.0,
    0.0,
    0.0,
    0.0,
    0.0,
    0.0,
    0.0,
    0.0,
    0.0,
    0.0,
    0.0,
    0.0,
    0.0,
    0.0,
    0.0,
    0.0,
    0.0,
    0.0,
    0.0,
    0.0,
    0.0,
    0.0,
    0.0,
    0.0,
    0.0,
    0.0,
    0.0,
    0.0,
    0.0,
    0.0,
    0.0,
    0.0,
    0.0,
    0.0,
    0.0,
    0.0,
    0.0,
    0.0,
    0.0,
    0.0,
    0.0,
    0.0,
    0.0,
    0.0,
    0.0,
    0.0,
    0.0
  ],