{
  "apparent_age_avg_loss": [
    118.30377960205078,
    105.91519927978516,
    108.6666488647461,
    115.050537109375,
    114.3326416015625,
    85.61971282958984,
    91.8674545288086,
    109.06163024902344,
    138.37916564941406,
    93.20332336425781,
    98.25975799560547,
    113.06415557861328,
    104.60618591308594,
    122.75568389892578,
    97.23542785644531,
    110.23006439208984
  ],
  "apparent_age_avg_mean_absolute_error": [
    9.247355461120605,
    8.720973014831543,
    8.890536308288574,
    9.121895790100098,
    9.602132797241211,
    7.836025714874268,
    8.376709938049316,
    9.23576831817627,
    10.14104175567627,
    8.40173053741455,
    8.561087608337402,
    9.24410343170166,
    8.805963516235352,
    9.399590492248535,
    8.478581428527832,
    9.25102424621582
  ],
  "apparent_age_avg_mean_squared_error": [
    118.30377960205078,
    105.91519927978516,
    108.6666488647461,
    115.050537109375,
    114.3326416015625,
    85.61971282958984,
    91.8674545288086,
    109.06163024902344,
    138.37916564941406,
    93.20332336425781,
    98.25975799560547,
    113.06415557861328,
    104.60618591308594,
    122.75568389892578,
    97.23542785644531,
    110.23006439208984
  ],
  "apparent_age_std_loss": [
    3.248384475708008,
    2.9805190563201904,
    3.013338565826416,
    3.32442307472229,
    3.12624192237854,
    2.8678386211395264,
    2.8179373741149902,
    3.030283212661743,
    2.117906093597412,
    3.0124895572662354,
    3.7207584381103516,
    3.3033955097198486,
    3.1208131313323975,
    2.704233407974243,
    3.5250885486602783,
    3.286743402481079
  ],
  "apparent_age_std_mean_absolute_error": [
    1.4302818775177002,
    1.3490560054779053,
    1.3510324954986572,
    1.4133421182632446,
    1.368005394935608,
    1.3106673955917358,
    1.3097889423370361,
    1.3685306310653687,
    1.183932900428772,
    1.2986520528793335,
    1.4734257459640503,
    1.4324491024017334,
    1.3874143362045288,
    1.2851630449295044,
    1.4775733947753906,
    1.336522102355957
  ],
  "apparent_age_std_mean_squared_error": [
    3.248384475708008,
    2.9805190563201904,
    3.013338565826416,
    3.32442307472229,
    3.12624192237854,
    2.8678386211395264,
    2.8179373741149902,
    3.030283212661743,
    2.117906093597412,
    3.0124895572662354,
    3.7207584381103516,
    3.3033955097198486,
    3.1208131313323975,
    2.704233407974243,
    3.5250885486602783,
    3.286743402481079
  ],
  "loss": [
    121.65189361572266,
    108.99542999267578,
    111.77970123291016,
    118.47467803955078,
    117.55860137939453,
    88.58727264404297,
    94.78509521484375,
    112.19161224365234,
    140.59677124023438,
    96.31550598144531,
    102.08021545410156,
    116.46723937988281,
    107.82669830322266,
    125.55960845947266,
    100.86019134521484,
    113.61649322509766
  ],
  "val_apparent_age_avg_loss": [
    259.7215576171875,
    262.90667724609375,
    278.8409118652344,
    262.6455993652344,
    264.6559143066406,
    246.2787628173828,
    263.0955810546875,
    254.93603515625,
    272.0340881347656,
    254.24969482421875,
    250.77369689941406,
    266.4482421875,
    262.2137756347656,
    250.5441436767578,
    267.9513854980469,
    251.2601776123047
  ],
  "val_apparent_age_avg_mean_absolute_error": [
    12.811302185058594,
    12.584053039550781,
    13.092430114746094,
    12.795405387878418,
    12.702919960021973,
    12.581993103027344,
    12.890007019042969,
    12.37511920928955,
    12.825420379638672,
    12.816879272460938,
    12.113961219787598,
    12.875134468078613,
    12.549372673034668,
    12.554156303405762,
    12.675339698791504,
    12.459879875183105
  ],
  "val_apparent_age_avg_mean_squared_error": [
    259.7215576171875,
    262.90667724609375,
    278.8409118652344,
    262.6455993652344,
    264.6559143066406,
    246.2787628173828,
    263.0955810546875,
    254.93603515625,
    272.0340881347656,
    254.24969482421875,
    250.77369689941406,
    266.4482421875,
    262.2137756347656,
    250.5441436767578,
    267.9513854980469,
    251.2601776123047
  ],
  "val_apparent_age_std_loss": [
    5.751718044281006,
    6.212799549102783,
    6.420960903167725,
    7.620040416717529,
    5.541667461395264,
    5.778911590576172,
    6.139407634735107,
    5.979532241821289,
    7.139179706573486,
    6.965338230133057,
    5.446530818939209,
    6.553865909576416,
    6.352513790130615,
    5.8907647132873535,
    5.353621006011963,
    6.628704071044922
  ],
  "val_apparent_age_std_mean_absolute_error": [
    1.9160839319229126,
    2.0140225887298584,
    2.035447835922241,
    2.1348459720611572,
    1.8541895151138306,
    1.9738081693649292,
    1.9647103548049927,
    1.9234800338745117,
    2.006493330001831,
    2.1240670680999756,
    1.7512903213500977,
    1.9945939779281616,
    1.909054160118103,
    1.943175196647644,
    1.918049693107605,
    2.0457260608673096
  ],
  "val_apparent_age_std_mean_squared_error": [
    5.751718044281006,
    6.212799549102783,
    6.420960903167725,
    7.620040416717529,
    5.541667461395264,
    5.778911590576172,
    6.139407634735107,
    5.979532241821289,
    7.139179706573486,
    6.965338230133057,
    5.446530818939209,
    6.553865909576416,
    6.352513790130615,
    5.8907647132873535,
    5.353621006011963,
    6.628704071044922
  ],
  "val_loss": [
    265.572998046875,
    269.2192077636719,
    285.3616027832031,
    270.3653869628906,
    270.2973327636719,
    252.15736389160156,
    269.3346862792969,
    261.0152893066406,
    279.2729797363281,
    261.3147277832031,
    256.3199157714844,
    273.101806640625,
    268.666015625,
    256.5346374511719,
    273.4046936035156,
    257.9885559082031
  ]
}