{
  "apparent_age_avg_loss": [
    33.95951843261719,
    29.85105323791504,
    29.02100944519043,
    26.04474449157715,
    28.826698303222656,
    27.111913681030273,
    25.324678421020508,
    24.649784088134766,
    25.706317901611328,
    23.753902435302734,
    25.826169967651367,
    24.767637252807617,
    24.5495548248291,
    24.265344619750977,
    23.562572479248047,
    23.472745895385742,
    24.27436065673828,
    21.990509033203125
  ],
  "apparent_age_avg_mean_absolute_error": [
    4.475162506103516,
    4.1953816413879395,
    4.162027359008789,
    3.960512399673462,
    4.101306915283203,
    4.047703266143799,
    3.894899368286133,
    3.867741584777832,
    3.923316478729248,
    3.757208824157715,
    3.9507687091827393,
    3.8235414028167725,
    3.784003734588623,
    3.7931950092315674,
    3.717794895172119,
    3.733698606491089,
    3.845341682434082,
    3.609360456466675
  ],
  "apparent_age_avg_mean_squared_error": [
    33.95951843261719,
    29.85105323791504,
    29.02100944519043,
    26.04474449157715,
    28.826698303222656,
    27.111913681030273,
    25.324678421020508,
    24.649784088134766,
    25.706317901611328,
    23.753902435302734,
    25.826169967651367,
    24.767637252807617,
    24.5495548248291,
    24.265344619750977,
    23.562572479248047,
    23.472745895385742,
    24.27436065673828,
    21.990509033203125
  ],
  "apparent_age_std_loss": [
    2.3957200050354004,
    2.3098597526550293,
    2.2865679264068604,
    2.3255867958068848,
    2.293414354324341,
    2.261709451675415,
    2.2333011627197266,
    2.264817953109741,
    2.217135190963745,
    2.3262078762054443,
    2.187652349472046,
    2.2902140617370605,
    2.1781251430511475,
    2.163180112838745,
    2.190929412841797,
    2.2026278972625732,
    2.1977717876434326,
    2.1586294174194336
  ],
  "apparent_age_std_mean_absolute_error": [
    1.1902241706848145,
    1.1749463081359863,
    1.1633827686309814,
    1.164642572402954,
    1.1616451740264893,
    1.1497269868850708,
    1.150146484375,
    1.1595261096954346,
    1.1395373344421387,
    1.156701922416687,
    1.1399191617965698,
    1.152963638305664,
    1.1278053522109985,
    1.1353302001953125,
    1.143460988998413,
    1.1322757005691528,
    1.1433035135269165,
    1.1240531206130981
  ],
  "apparent_age_std_mean_squared_error": [
    2.3957200050354004,
    2.3098597526550293,
    2.2865679264068604,
    2.3255867958068848,
    2.293414354324341,
    2.261709451675415,
    2.2333011627197266,
    2.264817953109741,
    2.217135190963745,
    2.3262078762054443,
    2.187652349472046,
    2.2902140617370605,
    2.1781251430511475,
    2.163180112838745,
    2.190929412841797,
    2.2026278972625732,
    2.1977717876434326,
    2.1586294174194336
  ],
  "loss": [
    36.45195007324219,
    32.25759506225586,
    31.404254913330078,
    28.46698570251465,
    31.21673011779785,
    29.47023582458496,
    27.654556274414062,
    27.01117706298828,
    28.02001190185547,
    26.176645278930664,
    28.110342025756836,
    27.154346466064453,
    26.82416534423828,
    26.52499771118164,
    25.849966049194336,
    25.771820068359375,
    26.568571090698242,
    24.245553970336914
  ],
  "val_apparent_age_avg_loss": [
    86.46170806884766,
    82.86630249023438,
    87.54661560058594,
    88.47830963134766,
    82.41405487060547,
    90.1347427368164,
    85.87864685058594,
    80.32994079589844,
    83.8324966430664,
    81.9250717163086,
    80.74594116210938,
    83.91047668457031,
    81.58531188964844,
    82.17037200927734,
    80.44856262207031,
    80.96405792236328,
    81.89492797851562,
    81.5035400390625
  ],
  "val_apparent_age_avg_mean_absolute_error": [
    6.936415672302246,
    6.814911365509033,
    6.924630641937256,
    6.925316333770752,
    6.723604679107666,
    7.0918450355529785,
    6.844840049743652,
    6.676727294921875,
    6.66694974899292,
    6.700555801391602,
    6.7770676612854,
    6.729104995727539,
    6.7374587059021,
    6.751533508300781,
    6.62649393081665,
    6.7367072105407715,
    6.708515644073486,
    6.604122161865234
  ],
  "val_apparent_age_avg_mean_squared_error": [
    86.46170806884766,
    82.86630249023438,
    87.54661560058594,
    88.47830963134766,
    82.41405487060547,
    90.1347427368164,
    85.87864685058594,
    80.32994079589844,
    83.8324966430664,
    81.9250717163086,
    80.74594116210938,
    83.91047668457031,
    81.58531188964844,
    82.17037200927734,
    80.44856262207031,
    80.96405792236328,
    81.89492797851562,
    81.5035400390625
  ],
  "val_apparent_age_std_loss": [
    3.1874783039093018,
    3.0014798641204834,
    3.0455679893493652,
    3.0690295696258545,
    3.05985951423645,
    3.0598952770233154,
    3.1616363525390625,
    2.9573006629943848,
    3.0671889781951904,
    3.0664303302764893,
    3.135425329208374,
    3.052371025085449,
    3.1705329418182373,
    3.0242695808410645,
    3.1623077392578125,
    3.028553009033203,
    3.123284101486206,
    3.1876585483551025
  ],
  "val_apparent_age_std_mean_absolute_error": [
    1.366552472114563,
    1.3310495615005493,
    1.3327200412750244,
    1.3377033472061157,
    1.3242369890213013,
    1.3442305326461792,
    1.3599900007247925,
    1.3091965913772583,
    1.340319037437439,
    1.341874361038208,
    1.3367972373962402,
    1.3496671915054321,
    1.3499714136123657,
    1.3320703506469727,
    1.355201244354248,
    1.332901120185852,
    1.3506839275360107,
    1.3550821542739868
  ],
  "val_apparent_age_std_mean_squared_error": [
    3.1874783039093018,
    3.0014798641204834,
    3.0455679893493652,
    3.0690295696258545,
    3.05985951423645,
    3.0598952770233154,
    3.1616363525390625,
    2.9573006629943848,
    3.0671889781951904,
    3.0664303302764893,
    3.135425329208374,
    3.052371025085449,
    3.1705329418182373,
    3.0242695808410645,
    3.1623077392578125,
    3.028553009033203,
    3.123284101486206,
    3.1876585483551025
  ],
  "val_loss": [
    89.74588775634766,
    85.9644775390625,
    90.68885803222656,
    91.64398193359375,
    85.5705337524414,
    93.29122161865234,
    89.13685607910156,
    83.3838119506836,
    86.9962387084961,
    85.08802795410156,
    83.97787475585938,
    87.0593490600586,
    84.85233306884766,
    85.2911148071289,
    83.70732116699219,
    84.08904266357422,
    85.1146240234375,
    84.78760528564453
  ]
}