{
  "apparent_age_avg_loss": [
    56.128326416015625,
    53.04645538330078,
    49.509891510009766,
    46.332496643066406,
    44.092437744140625,
    47.81871795654297,
    43.791542053222656,
    45.67831802368164,
    43.79030227661133,
    39.81379699707031,
    39.232730865478516,
    43.969661712646484,
    36.938880920410156,
    41.905540466308594
  ],
  "apparent_age_avg_mean_absolute_error": [
    5.82847785949707,
    5.716458320617676,
    5.532298564910889,
    5.306717395782471,
    5.262606143951416,
    5.398129940032959,
    5.243781566619873,
    5.326196193695068,
    5.234244346618652,
    4.975807189941406,
    4.8817243576049805,
    5.112029075622559,
    4.767823696136475,
    5.066817760467529
  ],
  "apparent_age_avg_mean_squared_error": [
    56.128326416015625,
    53.04645538330078,
    49.509891510009766,
    46.332496643066406,
    44.092437744140625,
    47.81871795654297,
    43.791542053222656,
    45.67831802368164,
    43.79030227661133,
    39.81379699707031,
    39.232730865478516,
    43.969661712646484,
    36.938880920410156,
    41.905540466308594
  ],
  "apparent_age_std_loss": [
    2.5044803619384766,
    2.517646551132202,
    2.506197690963745,
    2.2697207927703857,
    2.4561264514923096,
    2.21046781539917,
    2.231480598449707,
    2.3966031074523926,
    2.3435304164886475,
    2.2594711780548096,
    2.2383861541748047,
    2.2018980979919434,
    2.0976264476776123,
    2.3045711517333984
  ],
  "apparent_age_std_mean_absolute_error": [
    1.20452880859375,
    1.216822862625122,
    1.2056317329406738,
    1.1404882669448853,
    1.1663103103637695,
    1.1268190145492554,
    1.1390135288238525,
    1.168009638786316,
    1.139181137084961,
    1.1692665815353394,
    1.118283748626709,
    1.1628258228302002,
    1.1068191528320312,
    1.1606818437576294
  ],
  "apparent_age_std_mean_squared_error": [
    2.5044803619384766,
    2.517646551132202,
    2.506197690963745,
    2.2697207927703857,
    2.4561264514923096,
    2.21046781539917,
    2.231480598449707,
    2.3966031074523926,
    2.3435304164886475,
    2.2594711780548096,
    2.2383861541748047,
    2.2018980979919434,
    2.0976264476776123,
    2.3045711517333984
  ],
  "loss": [
    58.632808685302734,
    55.564117431640625,
    52.01608657836914,
    48.60222625732422,
    46.548553466796875,
    50.02918243408203,
    46.02302169799805,
    48.07491683959961,
    46.13382339477539,
    42.07327651977539,
    41.47111511230469,
    46.17155838012695,
    39.036502838134766,
    44.210121154785156
  ],
  "val_apparent_age_avg_loss": [
    115.0267105102539,
    111.66680908203125,
    102.96353149414062,
    95.10498046875,
    115.61124420166016,
    103.28500366210938,
    101.01416015625,
    101.64063262939453,
    96.73653411865234,
    99.3324203491211,
    103.3727798461914,
    103.56795501708984,
    96.16449737548828,
    98.59142303466797
  ],
  "val_apparent_age_avg_mean_absolute_error": [
    8.460654258728027,
    8.11511516571045,
    7.896684169769287,
    7.598482608795166,
    8.122310638427734,
    7.982070446014404,
    7.7900543212890625,
    7.732424259185791,
    7.634315013885498,
    7.673367023468018,
    7.963605880737305,
    7.878446578979492,
    7.428829193115234,
    7.557301044464111
  ],
  "val_apparent_age_avg_mean_squared_error": [
    115.0267105102539,
    111.66680908203125,
    102.96353149414062,
    95.10498046875,
    115.61124420166016,
    103.28500366210938,
    101.01416015625,
    101.64063262939453,
    96.73653411865234,
    99.3324203491211,
    103.3727798461914,
    103.56795501708984,
    96.16449737548828,
    98.59142303466797
  ],
  "val_apparent_age_std_loss": [
    2.9525279998779297,
    2.893656015396118,
    2.9691402912139893,
    2.831256866455078,
    2.9889509677886963,
    2.9486782550811768,
    2.893864870071411,
    2.947598457336426,
    2.684976816177368,
    2.572927713394165,
    2.926630735397339,
    2.5877771377563477,
    2.853756904602051,
    2.925297737121582
  ],
  "val_apparent_age_std_mean_absolute_error": [
    1.3607330322265625,
    1.2988052368164062,
    1.3172615766525269,
    1.317524790763855,
    1.3795050382614136,
    1.315364956855774,
    1.3335381746292114,
    1.351560115814209,
    1.2861932516098022,
    1.243009328842163,
    1.3437827825546265,
    1.2705237865447998,
    1.3134584426879883,
    1.3443609476089478
  ],
  "val_apparent_age_std_mean_squared_error": [
    2.9525279998779297,
    2.893656015396118,
    2.9691402912139893,
    2.831256866455078,
    2.9889509677886963,
    2.9486782550811768,
    2.893864870071411,
    2.947598457336426,
    2.684976816177368,
    2.572927713394165,
    2.926630735397339,
    2.5877771377563477,
    2.853756904602051,
    2.925297737121582
  ],
  "val_loss": [
    117.979248046875,
    114.56047821044922,
    105.93267059326172,
    97.93624114990234,
    118.6001968383789,
    106.23368072509766,
    103.90804290771484,
    104.58824920654297,
    99.4215087890625,
    101.90534210205078,
    106.2994155883789,
    106.15572357177734,
    99.01825714111328,
    101.5167236328125
  ]
}