{
  "apparent_age_avg_loss": [
    223.07598876953125,
    204.26966857910156,
    178.03990173339844,
    168.08871459960938,
    158.54794311523438,
    157.98257446289062,
    130.93995666503906,
    134.7486114501953,
    109.90595245361328,
    109.69422149658203,
    99.21395111083984,
    91.81452941894531,
    99.73368835449219,
    92.28271484375,
    85.99667358398438,
    75.1334228515625,
    76.63468170166016,
    74.89470672607422,
    62.97498321533203,
    70.61870574951172,
    70.16551208496094,
    56.47615432739258,
    59.371341705322266,
    68.97761535644531,
    52.680660247802734,
    51.427162170410156,
    58.52896499633789,
    55.08926773071289,
    51.255313873291016,
    51.89159393310547,
    47.34944534301758,
    47.687171936035156,
    42.06125259399414,
    46.368507385253906,
    44.76335144042969,
    47.14336395263672,
    46.40501022338867,
    43.663856506347656,
    51.32396697998047,
    39.49363327026367,
    41.83847427368164,
    39.76681137084961,
    39.769771575927734,
    43.107810974121094,
    45.20472717285156,
    40.97037887573242,
    34.84907531738281,
    40.18180465698242,
    41.129276275634766,
    31.735807418823242
  ],
  "apparent_age_avg_mean_absolute_error": [
    11.241707801818848,
    10.62733268737793,
    10.245711326599121,
    9.877943992614746,
    9.65250015258789,
    9.573319435119629,
    8.65573501586914,
    8.822855949401855,
    8.221090316772461,
    8.03203296661377,
    7.809277057647705,
    7.425015926361084,
    7.811905860900879,
    7.6224517822265625,
    7.260546684265137,
    6.652034282684326,
    6.734776973724365,
    6.863008975982666,
    6.16788387298584,
    6.688990592956543,
    6.436675071716309,
    5.975127220153809,
    6.227105140686035,
    6.652958869934082,
    5.724628925323486,
    5.779231548309326,
    6.070526599884033,
    5.967461109161377,
    5.679059028625488,
    5.833864688873291,
    5.490781307220459,
    5.561939716339111,
    5.176546096801758,
    5.469114303588867,
    5.385483264923096,
    5.482978820800781,
    5.38887357711792,
    5.397730827331543,
    5.677204608917236,
    4.945427894592285,
    5.159294128417969,
    5.042446613311768,
    5.068109512329102,
    5.3448333740234375,
    5.34596586227417,
    5.196756839752197,
    4.709977149963379,
    5.111292839050293,
    5.091507434844971,
    4.498344421386719
  ],
  "apparent_age_avg_mean_squared_error": [
    223.07598876953125,
    204.26966857910156,
    178.03990173339844,
    168.08871459960938,
    158.54794311523438,
    157.98257446289062,
    130.93995666503906,
    134.7486114501953,
    109.90595245361328,
    109.69422149658203,
    99.21395111083984,
    91.81452941894531,
    99.73368835449219,
    92.28271484375,
    85.99667358398438,
    75.1334228515625,
    76.63468170166016,
    74.89470672607422,
    62.97498321533203,
    70.61870574951172,
    70.16551208496094,
    56.47615432739258,
    59.371341705322266,
    68.97761535644531,
    52.680660247802734,
    51.427162170410156,
    58.52896499633789,
    55.08926773071289,
    51.255313873291016,
    51.89159393310547,
    47.34944534301758,
    47.687171936035156,
    42.06125259399414,
    46.368507385253906,
    44.76335144042969,
    47.14336395263672,
    46.40501022338867,
    43.663856506347656,
    51.32396697998047,
    39.49363327026367,
    41.83847427368164,
    39.76681137084961,
    39.769771575927734,
    43.107810974121094,
    45.20472717285156,
    40.97037887573242,
    34.84907531738281,
    40.18180465698242,
    41.129276275634766,
    31.735807418823242
  ],
  "apparent_age_std_loss": [
    16.11949348449707,
    14.450191497802734,
    12.781352996826172,
    11.171770095825195,
    8.89992904663086,
    7.64537239074707,
    5.937964916229248,
    5.055327415466309,
    4.2093353271484375,
    3.55928635597229,
    3.3800854682922363,
    3.304971933364868,
    3.4973819255828857,
    3.2299630641937256,
    3.071017026901245,
    2.6384150981903076,
    2.8616507053375244,
    2.8815412521362305,
    2.682772159576416,
    3.2780890464782715,
    2.47271466255188,
    2.819629192352295,
    2.5216825008392334,
    2.893223285675049,
    2.603560209274292,
    2.5396299362182617,
    2.623316526412964,
    2.7804148197174072,
    2.209627389907837,
    2.498197078704834,
    2.68190336227417,
    2.3929951190948486,
    2.478318929672241,
    2.2906506061553955,
    2.208178758621216,
    2.389098882675171,
    2.2507894039154053,
    2.560737133026123,
    2.3713719844818115,
    2.486323356628418,
    2.1135644912719727,
    2.3696553707122803,
    2.551532506942749,
    2.1257412433624268,
    2.489502191543579,
    2.3362081050872803,
    2.169776678085327,
    1.954489827156067,
    2.293403148651123,
    2.259511709213257
  ],
  "apparent_age_std_mean_absolute_error": [
    3.6197497844696045,
    3.405987024307251,
    3.1621882915496826,
    2.9052963256835938,
    2.5462517738342285,
    2.300065040588379,
    2.0084893703460693,
    1.7942003011703491,
    1.6450941562652588,
    1.47989022731781,
    1.4377046823501587,
    1.4382630586624146,
    1.429770827293396,
    1.405680775642395,
    1.3630701303482056,
    1.2579131126403809,
    1.3454813957214355,
    1.3553335666656494,
    1.2677582502365112,
    1.4085806608200073,
    1.2247259616851807,
    1.2910964488983154,
    1.2277730703353882,
    1.3111885786056519,
    1.3076719045639038,
    1.2278978824615479,
    1.2506152391433716,
    1.2980351448059082,
    1.1838465929031372,
    1.225147008895874,
    1.2657053470611572,
    1.2313458919525146,
    1.259080171585083,
    1.1950854063034058,
    1.1857327222824097,
    1.2027121782302856,
    1.1861014366149902,
    1.2437520027160645,
    1.1855984926223755,
    1.2182799577713013,
    1.1296887397766113,
    1.187130093574524,
    1.2546679973602295,
    1.1471844911575317,
    1.2069045305252075,
    1.1867072582244873,
    1.1624125242233276,
    1.0911279916763306,
    1.188178300857544,
    1.1510423421859741
  ],
  "apparent_age_std_mean_squared_error": [
    16.11949348449707,
    14.450191497802734,
    12.781352996826172,
    11.171770095825195,
    8.89992904663086,
    7.64537239074707,
    5.937964916229248,
    5.055327415466309,
    4.2093353271484375,
    3.55928635597229,
    3.3800854682922363,
    3.304971933364868,
    3.4973819255828857,
    3.2299630641937256,
    3.071017026901245,
    2.6384150981903076,
    2.8616507053375244,
    2.8815412521362305,
    2.682772159576416,
    3.2780890464782715,
    2.47271466255188,
    2.819629192352295,
    2.5216825008392334,
    2.893223285675049,
    2.603560209274292,
    2.5396299362182617,
    2.623316526412964,
    2.7804148197174072,
    2.209627389907837,
    2.498197078704834,
    2.68190336227417,
    2.3929951190948486,
    2.478318929672241,
    2.2906506061553955,
    2.208178758621216,
    2.389098882675171,
    2.2507894039154053,
    2.560737133026123,
    2.3713719844818115,
    2.486323356628418,
    2.1135644912719727,
    2.3696553707122803,
    2.551532506942749,
    2.1257412433624268,
    2.489502191543579,
    2.3362081050872803,
    2.169776678085327,
    1.954489827156067,
    2.293403148651123,
    2.259511709213257
  ],