{
  "apparent_age_avg_loss": [
    1106.5985107421875,
    1063.8343505859375,
    995.9739990234375,
    934.5585327148438,
    859.5498046875,
    796.8302001953125,
    758.6473388671875,
    712.4248657226562,
    664.591796875,
    627.930908203125,
    589.3681640625,
    549.4207763671875,
    518.6725463867188,
    492.8232421875,
    457.5466613769531,
    431.5151062011719,
    403.0464782714844,
    379.1474609375,
    353.59490966796875,
    333.5680847167969,
    311.7134704589844,
    290.77081298828125,
    278.9288330078125,
    251.0115203857422,
    247.04286193847656,
    220.7857208251953,
    203.89263916015625,
    201.1500244140625,
    184.6114959716797,
    170.12368774414062,
    161.578857421875,
    154.7706298828125,
    150.0830841064453,
    133.63682556152344,
    129.95785522460938,
    123.53474426269531,
    125.7187728881836,
    112.85991668701172,
    108.13117218017578,
    106.10275268554688,
    98.25774383544922,
    99.74879455566406,
    92.24962615966797,
    92.85385131835938,
    87.04539489746094,
    86.61626434326172,
    85.24266815185547,
    81.68730163574219,
    83.01939392089844,
    82.44877624511719,
    79.14759826660156,
    78.70697021484375,
    79.6900863647461,
    75.91673278808594,
    76.8470687866211,
    73.5321273803711,
    73.40704345703125,
    76.2547607421875,
    72.0468521118164,
    74.03754425048828,
    73.41232299804688
  ],
  "apparent_age_avg_mean_absolute_error": [
    29.759159088134766,
    29.04652214050293,
    27.972816467285156,
    27.10398292541504,
    26.034099578857422,
    25.038915634155273,
    24.352853775024414,
    23.56806182861328,
    22.637256622314453,
    21.905071258544922,
    21.103418350219727,
    20.27004051208496,
    19.619844436645508,
    19.007854461669922,
    18.07867431640625,
    17.558223724365234,
    16.855567932128906,
    16.27720069885254,
    15.556478500366211,
    15.09483814239502,
    14.304986000061035,
    13.809329986572266,
    13.474665641784668,
    12.735472679138184,
    12.53429889678955,
    11.709394454956055,
    11.231853485107422,
    11.092632293701172,
    10.607988357543945,
    10.130472183227539,
    9.764596939086914,
    9.52733325958252,
    9.43935489654541,
    8.904945373535156,
    8.612150192260742,
    8.388829231262207,
    8.579351425170898,
    8.104193687438965,
    7.860528469085693,
    7.848889350891113,
    7.643126010894775,
    7.594708442687988,
    7.347199440002441,
    7.401050090789795,
    7.0527448654174805,
    7.124049186706543,
    7.08709716796875,
    6.942611217498779,
    6.889585971832275,
    6.961382865905762,
    6.831765651702881,
    6.805920124053955,
    6.872678756713867,
    6.716469764709473,
    6.7569990158081055,
    6.681926727294922,
    6.618124961853027,
    6.753535747528076,
    6.528901100158691,
    6.668827056884766,
    6.52708625793457
  ],
  "apparent_age_std_loss": [
    0.0,
    0.0,
    0.0,
    0.0,
    0.0,
    0.0,
    0.0,
    0.0,
    0.0,
    0.0,
    0.0,
    0.0,
    0.0,
    0.0,
    0.0,
    0.0,
    0.0,
    0.0,
    0.0,
    0.0,
    0.0,
    0.0,
    0.0,
    0.0,
    0.0,
    0.0,
    0.0,
    0.0,
    0.0,
    0.0,
    0.0,
    0.0,
    0.0,
    0.0,
    0.0,
    0.0,
    0.0,
    0.0,
    0.0,
    0.0,
    0.0,
    0.0,
    0.0,
    0.0,
    0.0,
    0.0,
    0.0,
    0.0,
    0.0,
    0.0,
    0.0,
    0.0,
    0.0,
    0.0,
    0.0,
    0.0,
    0.0,
    0.0,
    0.0,
    0.0,
    0.0
  ],
  "loss": [
    1106.70068359375,
    1063.9366455078125,
    996.075927734375,
    934.6602783203125,
    859.6514282226562,
    796.9317016601562,
    758.7484741210938,
    712.5259399414062,
    664.6929931640625,
    628.0316772460938,
    589.4688110351562,
    549.5213623046875,
    518.7732543945312,
    492.9237365722656,
    457.64703369140625,
    431.6152648925781,
    403.14666748046875,
    379.24749755859375,
    353.6948547363281,
    333.6681213378906,
    311.8132629394531,
    290.87054443359375,
    279.02850341796875,
    251.1111297607422,
    247.14239501953125,
    220.88526916503906,
    203.9920196533203,
    201.24932861328125,
    184.71075439453125,
    170.22299194335938,
    161.67800903320312,
    154.86973571777344,
    150.18215942382812,
    133.7358856201172,
    130.05691528320312,
    123.63370513916016,
    125.8177490234375,
    112.95889282226562,
    108.23008728027344,
    106.20157623291016,
    98.35664367675781,
    99.8476333618164,
    92.34841918945312,
    92.9526596069336,
    87.14418029785156,
    86.71501159667969,
    85.34142303466797,
    81.78606414794922,
    83.11815643310547,
    82.54752349853516,
    79.2463607788086,
    78.8057632446289,
    79.7888412475586,
    76.01551818847656,
    76.94580841064453,
    73.63091278076172,
    73.50580596923828,
    76.35355377197266,
    72.14566802978516,
    74.1363754272461,
    73.51118469238281
  ],
  "val_apparent_age_avg_loss": [
    1098.8211669921875,
    1037.56494140625,
    969.0576171875,
    899.2308349609375,
    839.804443359375,
    786.252685546875,
    739.7162475585938,
    696.7454833984375,
    656.2537841796875,
    614.4954223632812,
    585.173583984375,
    551.0592041015625,
    517.4620361328125,
    487.5133056640625,
    462.41839599609375,
    432.8635559082031,
    411.8456726074219,
    382.7202453613281,
    362.7900390625,
    341.28912353515625,
    325.057373046875,
    311.1630554199219,
    282.92578125,
    268.4915771484375,
    251.3624725341797,
    242.59075927734375,
    233.5928497314453,
    217.57859802246094,
    210.136962890625,
    199.56658935546875,
    190.54107666015625,
    181.08624267578125,
    170.87533569335938,
    170.7432403564453,
    161.00779724121094,
    156.03228759765625,
    150.66854858398438,
    144.05029296875,
    147.14208984375,
    136.09112548828125,
    139.15438842773438,
    136.19345092773438,
    138.98782348632812,
    134.828125,
    133.48431396484375,
    129.33172607421875,
    127.05844116210938,
    130.2363739013672,
    125.43097686767578,
    133.7605743408203,
    117.21939849853516,
    122.26551818847656,
    128.8944091796875,
    123.97736358642578,
    126.82074737548828,
    123.69422912597656,
    124.05824279785156,
    122.75141143798828,
    124.94406127929688,
    123.32463836669922,
    127.68898010253906
  ],
  "val_apparent_age_avg_mean_absolute_error": [
    29.580894470214844,
    28.62360382080078,
    27.645004272460938,
    26.6446475982666,
    25.715951919555664,
    24.856611251831055,
    24.038965225219727,
    23.214635848999023,
    22.423683166503906,
    21.589176177978516,
    20.89970588684082,
    20.21537971496582,
    19.444822311401367,
    18.73603630065918,
    18.165292739868164,
    17.478649139404297,
    16.86180305480957,
    16.196239471435547,
    15.66042709350586,
    15.037248611450195,
    14.506123542785645,
    14.065906524658203,
    13.427033424377441,
    12.971478462219238,
    12.582379341125488,
    12.283000946044922,
    11.828169822692871,
    11.412714958190918,
    11.143716812133789,
    10.86513900756836,
    10.671011924743652,
    10.27660083770752,
    10.0511474609375,
    9.857608795166016,
    9.717411994934082,
    9.422831535339355,
    9.140518188476562,
    9.069488525390625,
    9.09619140625,
    8.692021369934082,
    8.841466903686523,
    8.68930435180664,
    8.705251693725586,
    8.764451026916504,
    8.594817161560059,
    8.585502624511719,
    8.440603256225586,
    8.524150848388672,
    8.386900901794434,
    8.654600143432617,
    8.107881546020508,
    8.348085403442383,
    8.533512115478516,
    8.36725902557373,
    8.351680755615234,
    8.288000106811523,
    8.4326171875,
    8.270752906799316,
    8.293455123901367,
    8.403793334960938,
    8.446244239807129
  ],