{
  "apparent_age_avg_loss": [
    1079.3563232421875,
    990.8627319335938,
    915.6371459960938,
    866.6239013671875,
    827.65380859375,
    785.9185180664062,
    747.587158203125,
    732.4058227539062,
    690.1578369140625,
    649.8629760742188,
    615.9829711914062,
    578.6332397460938,
    521.8021240234375,
    499.2880859375,
    465.0544128417969,
    421.5824279785156,
    408.40753173828125,
    378.7529296875,
    357.1708984375,
    331.10296630859375,
    306.4136047363281,
    296.19927978515625,
    270.3807678222656,
    258.9148864746094,
    238.79002380371094,
    219.69223022460938,
    206.91122436523438,
    194.77581787109375,
    184.69517517089844,
    164.73435974121094,
    164.28460693359375,
    144.24583435058594,
    149.393310546875,
    137.8809356689453,
    124.30968475341797,
    117.57317352294922,
    115.42859649658203,
    111.90615844726562,
    103.96784210205078,
    102.2855453491211,
    97.0489273071289,
    98.10868835449219,
    91.148681640625,
    92.75645446777344,
    89.95198059082031,
    84.51521301269531,
    87.18172454833984,
    84.02627563476562,
    84.31539154052734,
    78.65777587890625,
    74.69393157958984,
    77.53832244873047,
    78.01255798339844,
    74.90984344482422,
    74.0021743774414,
    73.05548095703125,
    72.86783599853516,
    70.03668975830078,
    70.95248413085938,
    68.65764617919922,
    68.24798583984375,
    70.53809356689453,
    65.63050842285156,
    67.21532440185547,
    68.6971664428711,
    66.88461303710938,
    67.17496490478516,
    66.77423858642578,
    63.71101760864258,
    63.49650192260742,
    62.84699630737305,
    61.20659255981445,
    60.795475006103516,
    63.644752502441406,
    61.28627014160156,
    62.982940673828125,
    58.68726348876953,
    58.6821403503418,
    56.132530212402344,
    59.602691650390625,
    56.34255599975586,
    56.820892333984375,
    58.09507751464844
  ],
  "apparent_age_avg_mean_absolute_error": [
    29.42824363708496,
    28.1942081451416,
    27.042346954345703,
    26.292640686035156,
    25.623716354370117,
    24.92806625366211,
    24.301433563232422,
    24.004213333129883,
    23.242507934570312,
    22.436120986938477,
    21.768522262573242,
    20.976520538330078,
    19.89206886291504,
    19.260177612304688,
    18.477310180664062,
    17.455171585083008,
    17.04349136352539,
    16.38779640197754,
    15.723104476928711,
    15.04824161529541,
    14.369378089904785,
    14.099068641662598,
    13.28067398071289,
    12.954865455627441,
    12.387691497802734,
    11.746825218200684,
    11.399606704711914,
    10.915892601013184,
    10.724440574645996,
    10.018386840820312,
    10.02522087097168,
    9.30318832397461,
    9.46780776977539,
    9.057025909423828,
    8.604180335998535,
    8.35053825378418,
    8.2190523147583,
    8.094686508178711,
    7.793813705444336,
    7.7777791023254395,
    7.543745994567871,
    7.576079368591309,
    7.407922267913818,
    7.375460624694824,
    7.303908348083496,
    7.117480754852295,
    7.214646339416504,
    7.075085163116455,
    7.101138591766357,
    6.822978496551514,
    6.70084285736084,
    6.798721790313721,
    6.791264057159424,
    6.645082950592041,
    6.662761688232422,
    6.661975383758545,
    6.578289985656738,
    6.494422912597656,
    6.534475326538086,
    6.417673110961914,
    6.409591197967529,
    6.4707841873168945,
    6.337766647338867,
    6.29689884185791,
    6.38124942779541,
    6.341856002807617,
    6.292964935302734,
    6.311802864074707,
    6.17987585067749,
    6.178292274475098,
    6.156691074371338,
    6.115062713623047,
    6.031481742858887,
    6.20187520980835,
    6.038579940795898,
    6.155404090881348,
    5.916219711303711,
    5.927521228790283,
    5.789060592651367,
    5.983431339263916,
    5.8038129806518555,
    5.8540802001953125,
    5.865417003631592
  ],
  "apparent_age_std_loss": [
    0.0,
    0.0,
    0.0,
    0.0,
    0.0,
    0.0,
    0.0,
    0.0,
    0.0,
    0.0,
    0.0,
    0.0,
    0.0,
    0.0,
    0.0,
    0.0,
    0.0,
    0.0,
    0.0,
    0.0,
    0.0,
    0.0,
    0.0,
    0.0,
    0.0,
    0.0,
    0.0,
    0.0,
    0.0,
    0.0,
    0.0,
    0.0,
    0.0,
    0.0,
    0.0,
    0.0,
    0.0,
    0.0,
    0.0,
    0.0,
    0.0,
    0.0,
    0.0,
    0.0,
    0.0,
    0.0,
    0.0,
    0.0,
    0.0,
    0.0,
    0.0,
    0.0,
    0.0,
    0.0,
    0.0,
    0.0,
    0.0,
    0.0,
    0.0,
    0.0,
    0.0,
    0.0,
    0.0,
    0.0,
    0.0,
    0.0,
    0.0,
    0.0,
    0.0,
    0.0,
    0.0,
    0.0,
    0.0,
    0.0,
    0.0,
    0.0,
    0.0,
    0.0,
    0.0,
    0.0,
    0.0,
    0.0,
    0.0
  ],
  "loss": [
    1079.4586181640625,
    990.9647827148438,
    915.7390747070312,
    866.7255859375,
    827.7554931640625,
    786.0198974609375,
    747.6884155273438,
    732.5067138671875,
    690.258544921875,
    649.9638671875,
    616.08349609375,
    578.7339477539062,
    521.9026489257812,
    499.38848876953125,
    465.1546936035156,
    421.68255615234375,
    408.507568359375,
    378.8529052734375,
    357.270751953125,
    331.2026062011719,
    306.5132751464844,
    296.2987976074219,
    270.4802551269531,
    259.01434326171875,
    238.8893585205078,
    219.79153442382812,
    207.010498046875,
    194.87493896484375,
    184.79441833496094,
    164.83346557617188,
    164.3835906982422,
    144.3448028564453,
    149.4922332763672,
    137.97984313964844,
    124.40860748291016,
    117.67207336425781,
    115.52737426757812,
    112.00494384765625,
    104.06663513183594,
    102.38434600830078,
    97.14771270751953,
    98.20746612548828,
    91.24742126464844,
    92.85523986816406,
    90.05071258544922,
    84.61393737792969,
    87.28042602539062,
    84.12505340576172,
    84.41413116455078,
    78.75650787353516,
    74.79269409179688,
    77.63705444335938,
    78.11133575439453,
    75.00857543945312,
    74.10092163085938,
    73.15428924560547,
    72.96663665771484,
    70.13546752929688,
    71.05126190185547,
    68.75647735595703,
    68.34683227539062,
    70.63694763183594,
    65.72940063476562,
    67.31427764892578,
    68.79615783691406,
    66.98358154296875,
    67.27396392822266,
    66.8732681274414,
    63.81007385253906,
    63.59559631347656,
    62.94611740112305,
    61.30574417114258,
    60.89466094970703,
    63.74396514892578,
    61.38552474975586,
    63.08222198486328,
    58.78656005859375,
    58.781497955322266,
    56.23191833496094,
    59.7021369934082,
    56.44203567504883,
    56.9204216003418,
    58.19465255737305
  ],