{
  "apparent_age_avg_loss": [
    47.894309997558594,
    49.38839340209961,
    39.61496353149414,
    42.05897903442383,
    39.637107849121094,
    41.059959411621094,
    40.22671890258789,
    41.51059341430664,
    33.405113220214844,
    28.982887268066406,
    35.10706329345703,
    31.366275787353516,
    37.704524993896484,
    35.759117126464844,
    32.98744583129883
  ],
  "apparent_age_avg_mean_absolute_error": [
    5.36022424697876,
    5.327663898468018,
    5.0175580978393555,
    5.041423320770264,
    4.823853492736816,
    5.034263610839844,
    5.02864408493042,
    4.849612712860107,
    4.617410659790039,
    4.255052089691162,
    4.595931053161621,
    4.426486492156982,
    4.731961250305176,
    4.539305686950684,
    4.443323135375977
  ],
  "apparent_age_avg_mean_squared_error": [
    47.894309997558594,
    49.38839340209961,
    39.61496353149414,
    42.05897903442383,
    39.637107849121094,
    41.059959411621094,
    40.22671890258789,
    41.51059341430664,
    33.405113220214844,
    28.982887268066406,
    35.10706329345703,
    31.366275787353516,
    37.704524993896484,
    35.759117126464844,
    32.98744583129883
  ],
  "apparent_age_std_loss": [
    2.4066543579101562,
    2.5349552631378174,
    2.6298978328704834,
    2.5195181369781494,
    2.4516828060150146,
    2.5616235733032227,
    2.731034278869629,
    2.697533130645752,
    2.3812649250030518,
    2.3346126079559326,
    2.4455180168151855,
    2.6312472820281982,
    2.2772741317749023,
    2.812206268310547,
    2.250755548477173
  ],
  "apparent_age_std_mean_absolute_error": [
    1.2240474224090576,
    1.2506808042526245,
    1.2406718730926514,
    1.2610818147659302,
    1.2057780027389526,
    1.2156428098678589,
    1.286309003829956,
    1.277328372001648,
    1.207176923751831,
    1.1668847799301147,
    1.2196866273880005,
    1.2510325908660889,
    1.1891000270843506,
    1.3182374238967896,
    1.148446798324585
  ],
  "apparent_age_std_mean_squared_error": [
    2.4066543579101562,
    2.5349552631378174,
    2.6298978328704834,
    2.5195181369781494,
    2.4516828060150146,
    2.5616235733032227,
    2.731034278869629,
    2.697533130645752,
    2.3812649250030518,
    2.3346126079559326,
    2.4455180168151855,
    2.6312472820281982,
    2.2772741317749023,
    2.812206268310547,
    2.250755548477173
  ],
  "loss": [
    50.40134048461914,
    52.02371597290039,
    42.34522247314453,
    44.67885971069336,
    42.18914031982422,
    43.72193145751953,
    43.058101654052734,
    44.308467864990234,
    35.88671875,
    31.41783332824707,
    37.65291213989258,
    34.097843170166016,
    40.08212661743164,
    38.67163848876953,
    35.33850860595703
  ],
  "val_apparent_age_avg_loss": [
    158.5943603515625,
    130.13735961914062,
    144.88699340820312,
    121.55885314941406,
    112.18443298339844,
    126.71839904785156,
    124.9368667602539,
    127.9760513305664,
    116.9840316772461,
    125.74827575683594,
    150.00244140625,
    143.68165588378906,
    116.06095886230469,
    120.31954193115234,
    124.14521789550781
  ],
  "val_apparent_age_avg_mean_absolute_error": [
    9.840065002441406,
    8.88252067565918,
    9.178571701049805,
    8.561064720153809,
    7.997373104095459,
    8.861330032348633,
    8.69598388671875,
    8.88859748840332,
    8.400120735168457,
    8.883988380432129,
    9.62014102935791,
    9.049383163452148,
    8.46782398223877,
    8.318568229675293,
    8.675005912780762
  ],
  "val_apparent_age_avg_mean_squared_error": [
    158.5943603515625,
    130.13735961914062,
    144.88699340820312,
    121.55885314941406,
    112.18443298339844,
    126.71839904785156,
    124.9368667602539,
    127.9760513305664,
    116.9840316772461,
    125.74827575683594,
    150.00244140625,
    143.68165588378906,
    116.06095886230469,
    120.31954193115234,
    124.14521789550781
  ],
  "val_apparent_age_std_loss": [
    3.67346453666687,
    3.3903510570526123,
    3.479445695877075,
    3.9764301776885986,
    3.872576951980591,
    3.4338555335998535,
    3.6896274089813232,
    3.609334945678711,
    3.243884563446045,
    3.479276657104492,
    3.29243540763855,
    4.465879917144775,
    3.819805860519409,
    3.277207851409912,
    3.903536319732666
  ],
  "val_apparent_age_std_mean_absolute_error": [
    1.5117805004119873,
    1.4646556377410889,
    1.5253435373306274,
    1.6334015130996704,
    1.5245945453643799,
    1.4897706508636475,
    1.5503361225128174,
    1.5286757946014404,
    1.4403643608093262,
    1.4956806898117065,
    1.4354479312896729,
    1.65085768699646,
    1.583059549331665,
    1.4330476522445679,
    1.5590044260025024
  ],
  "val_apparent_age_std_mean_squared_error": [
    3.67346453666687,
    3.3903510570526123,
    3.479445695877075,
    3.9764301776885986,
    3.872576951980591,
    3.4338555335998535,
    3.6896274089813232,
    3.609334945678711,
    3.243884563446045,
    3.479276657104492,
    3.29243540763855,
    4.465879917144775,
    3.819805860519409,
    3.277207851409912,
    3.903536319732666
  ],
  "val_loss": [
    162.36819458007812,
    133.6280517578125,
    148.46681213378906,
    125.63563537597656,
    116.15736389160156,
    130.25259399414062,
    128.72683715820312,
    131.68572998046875,
    120.3282470703125,
    129.327880859375,
    153.3952178955078,
    148.2478485107422,
    119.9810791015625,
    123.69708251953125,
    128.14906311035156
  ]
}