{
  "apparent_age_avg_loss": [
    78.0765609741211,
    69.62149810791016,
    61.584083557128906,
    64.4798355102539,
    49.563743591308594,
    48.50590896606445,
    48.06260681152344,
    45.1971321105957,
    44.15976333618164,
    41.149967193603516,
    41.5672721862793,
    41.50663375854492,
    40.656131744384766,
    42.016197204589844,
    35.99045944213867,
    36.53062438964844,
    32.06166076660156,
    37.46257400512695,
    37.59096908569336,
    30.880081176757812,
    31.017091751098633,
    33.39117431640625,
    32.969703674316406,
    33.61863327026367,
    34.687049865722656,
    36.56736755371094
  ],
  "apparent_age_avg_mean_absolute_error": [
    6.78591775894165,
    6.419807434082031,
    6.114839553833008,
    6.318174839019775,
    5.5021820068359375,
    5.379134654998779,
    5.434246063232422,
    5.203062534332275,
    5.158269882202148,
    4.965297698974609,
    5.062143802642822,
    5.063220024108887,
    4.9216389656066895,
    5.10371208190918,
    4.602189540863037,
    4.6227898597717285,
    4.421258449554443,
    4.849825859069824,
    4.752114772796631,
    4.379742622375488,
    4.347138404846191,
    4.512848854064941,
    4.486907005310059,
    4.586668491363525,
    4.477564811706543,
    4.657461166381836
  ],
  "apparent_age_avg_mean_squared_error": [
    78.0765609741211,
    69.62149810791016,
    61.584083557128906,
    64.4798355102539,
    49.563743591308594,
    48.50590896606445,
    48.06260681152344,
    45.1971321105957,
    44.15976333618164,
    41.149967193603516,
    41.5672721862793,
    41.50663375854492,
    40.656131744384766,
    42.016197204589844,
    35.99045944213867,
    36.53062438964844,
    32.06166076660156,
    37.46257400512695,
    37.59096908569336,
    30.880081176757812,
    31.017091751098633,
    33.39117431640625,
    32.969703674316406,
    33.61863327026367,
    34.687049865722656,
    36.56736755371094
  ],
  "apparent_age_std_loss": [
    13.867836952209473,
    10.130290031433105,
    6.702132225036621,
    4.94600248336792,
    3.4441442489624023,
    2.92958402633667,
    3.077443838119507,
    2.858257293701172,
    2.819465160369873,
    2.621969223022461,
    2.6533114910125732,
    2.5539259910583496,
    2.72346568107605,
    2.4765982627868652,
    2.674516201019287,
    2.4343504905700684,
    2.288878917694092,
    2.61322021484375,
    2.5557117462158203,
    2.2503952980041504,
    2.2839040756225586,
    2.4956092834472656,
    2.3531017303466797,
    2.205505847930908,
    2.5634031295776367,
    2.164437770843506
  ],
  "apparent_age_std_mean_absolute_error": [
    3.287477970123291,
    2.7112221717834473,
    2.124394416809082,
    1.720921516418457,
    1.4250271320343018,
    1.3090440034866333,
    1.3241163492202759,
    1.2614725828170776,
    1.2745548486709595,
    1.226680874824524,
    1.233316421508789,
    1.2206461429595947,
    1.2368656396865845,
    1.1974235773086548,
    1.2435383796691895,
    1.1616042852401733,
    1.1624443531036377,
    1.2156932353973389,
    1.2108689546585083,
    1.15041184425354,
    1.1524451971054077,
    1.1834673881530762,
    1.1466153860092163,
    1.1319817304611206,
    1.203220009803772,
    1.114933729171753
  ],
  "apparent_age_std_mean_squared_error": [
    13.867836952209473,
    10.130290031433105,
    6.702132225036621,
    4.94600248336792,
    3.4441442489624023,
    2.92958402633667,
    3.077443838119507,
    2.858257293701172,
    2.819465160369873,
    2.621969223022461,
    2.6533114910125732,
    2.5539259910583496,
    2.72346568107605,
    2.4765982627868652,
    2.674516201019287,
    2.4343504905700684,
    2.288878917694092,
    2.61322021484375,
    2.5557117462158203,
    2.2503952980041504,
    2.2839040756225586,
    2.4956092834472656,
    2.3531017303466797,
    2.205505847930908,
    2.5634031295776367,
    2.164437770843506
  ],
  "loss": [
    92.04438781738281,
    79.85177612304688,
    68.38619232177734,
    69.52580261230469,
    53.10783767700195,
    51.535430908203125,
    51.239967346191406,
    48.155296325683594,
    47.07911682128906,
    43.871803283691406,
    44.32041931152344,
    44.160369873046875,
    43.47937774658203,
    44.59256362915039,
    38.76470947265625,
    39.064693450927734,
    34.450233459472656,
    40.17546463012695,
    40.246334075927734,
    33.230106353759766,
    33.400604248046875,
    35.98636245727539,
    35.422367095947266,
    35.92367935180664,
    37.34996032714844,
    38.831302642822266
  ],
  "val_apparent_age_avg_loss": [
    140.0758056640625,
    127.50830841064453,
    128.58291625976562,
    117.81884765625,
    116.97705078125,
    112.56856536865234,
    107.08950805664062,
    113.50237274169922,
    118.39926147460938,
    119.82482147216797,
    116.40689849853516,
    121.90169525146484,
    111.82170867919922,
    98.71524047851562,
    114.61981201171875,
    105.18204498291016,
    110.3111343383789,
    105.47701263427734,
    105.47946166992188,
    103.3740005493164,
    107.54300689697266,
    112.4035415649414,
    106.758056640625,
    108.05175018310547,
    109.65542602539062,
    117.50139617919922
  ],
  "val_apparent_age_avg_mean_absolute_error": [
    9.085052490234375,
    8.800749778747559,
    8.723267555236816,
    8.269631385803223,
    8.14079475402832,
    8.121302604675293,
    7.9757914543151855,
    8.19430160522461,
    8.414265632629395,
    8.373014450073242,
    8.277945518493652,
    8.508973121643066,
    8.229830741882324,
    7.713956356048584,
    8.279391288757324,
    7.873086929321289,
    8.156298637390137,
    7.937876224517822,
    7.8986358642578125,
    7.718120098114014,
    8.157999992370605,
    8.005105018615723,
    7.845780849456787,
    8.03041934967041,
    7.989926815032959,
    8.461952209472656
  ],
  "val_apparent_age_avg_mean_squared_error": [
    140.0758056640625,
    127.50830841064453,
    128.58291625976562,
    117.81884765625,
    116.97705078125,
    112.56856536865234,
    107.08950805664062,
    113.50237274169922,
    118.39926147460938,
    119.82482147216797,
    116.40689849853516,
    121.90169525146484,
    111.82170867919922,
    98.71524047851562,
    114.61981201171875,
    105.18204498291016,
    110.3111343383789,
    105.47701263427734,
    105.47946166992188,
    103.3740005493164,
    107.54300689697266,
    112.4035415649414,
    106.758056640625,
    108.05175018310547,
    109.65542602539062,
    117.50139617919922
  ],
  "val_apparent_age_std_loss": [
    12.204279899597168,
    8.356180191040039,
    5.835729598999023,
    4.731674671173096,
    3.9681403636932373,
    3.894097328186035,
    3.654609441757202,
    3.6738741397857666,
    3.6460988521575928,
    3.4736392498016357,
    3.3584930896759033,
    3.5401203632354736,
    3.496755361557007,
    3.3993921279907227,
    3.3521432876586914,
    3.038848876953125,
    3.5308589935302734,
    3.141423225402832,
    3.3429441452026367,
    3.414318799972534,
    3.2345705032348633,
    3.3801658153533936,
    3.033097505569458,
    3.054523468017578,
    3.0925750732421875,
    3.415354013442993
  ],
  "val_apparent_age_std_mean_absolute_error": [
    3.039315938949585,
    2.387103319168091,
    1.9346157312393188,
    1.687315821647644,
    1.5713025331497192,
    1.5055041313171387,
    1.4603137969970703,
    1.4873405694961548,
    1.4895564317703247,
    1.4700955152511597,
    1.4352960586547852,
    1.473536491394043,
    1.4708915948867798,
    1.4261142015457153,
    1.432601809501648,
    1.355400562286377,
    1.4705132246017456,
    1.3758889436721802,
    1.4343024492263794,
    1.453795313835144,
    1.3942948579788208,
    1.4307361841201782,
    1.3714386224746704,
    1.368317723274231,
    1.3537451028823853,
    1.449946403503418
  ],