{
  "apparent_age_avg_loss": [
    1098.4080810546875,
    1087.623291015625,
    1079.468017578125,
    1024.999755859375,
    1062.7025146484375,
    1014.384521484375,
    996.2476196289062,
    948.9662475585938,
    950.178955078125,
    901.2681884765625,
    881.1142578125,
    894.2613525390625,
    853.8724365234375,
    806.0800170898438,
    814.7979736328125,
    758.2050170898438,
    766.3340454101562,
    718.6249389648438,
    712.8222045898438,
    698.4033813476562,
    681.510498046875,
    669.0025024414062,
    583.0272827148438,
    618.5493774414062,
    621.6024169921875,
    522.737548828125,
    533.9415283203125,
    562.5894775390625,
    522.2162475585938,
    508.2239990234375,
    479.36224365234375,
    481.43011474609375,
    425.1856994628906,
    449.84307861328125,
    409.38494873046875,
    405.9538269042969,
    427.5790710449219,
    374.65325927734375,
    354.2088317871094,
    385.26434326171875,
    330.5698547363281,
    346.0631408691406,
    309.0919494628906,
    294.4961242675781,
    281.85150146484375,
    295.18310546875,
    279.18048095703125,
    276.1312255859375,
    228.74501037597656,
    271.031982421875,
    252.74815368652344,
    209.02134704589844,
    227.35513305664062,
    215.02569580078125,
    215.38597106933594,
    181.30438232421875,
    198.30255126953125,
    178.03692626953125,
    161.53005981445312,
    164.59832763671875,
    181.0262908935547,
    147.69021606445312,
    151.39456176757812,
    137.7177734375,
    137.43362426757812,
    124.83197784423828,
    129.43698120117188,
    117.0269775390625,
    113.333251953125,
    120.18062591552734,
    105.67324829101562,
    105.03057098388672,
    106.65760040283203,
    94.95060729980469,
    94.10001373291016,
    97.74439239501953,
    80.71931457519531,
    85.99848937988281,
    71.26168823242188,
    88.57910919189453,
    74.71774291992188,
    71.82432556152344,
    66.99339294433594,
    60.045982360839844,
    68.96652221679688,
    60.41621398925781,
    71.69518280029297,
    59.90496063232422,
    63.264469146728516,
    53.953453063964844,
    61.335205078125,
    54.45586395263672,
    58.41621780395508,
    51.93075180053711,
    50.74208068847656,
    64.64401245117188,
    42.046329498291016
  ],
  "apparent_age_avg_mean_absolute_error": [
    29.797578811645508,
    29.587440490722656,
    29.39884376525879,
    28.628578186035156,
    29.079769134521484,
    28.559999465942383,
    28.21050262451172,
    27.417936325073242,
    27.492399215698242,
    26.846586227416992,
    26.238243103027344,
    26.60879135131836,
    26.00737190246582,
    25.157081604003906,
    25.177671432495117,
    24.499238967895508,
    24.234508514404297,
    23.74075698852539,
    23.428016662597656,
    23.327226638793945,
    23.01597785949707,
    22.758819580078125,
    21.13193130493164,
    21.990272521972656,
    21.808134078979492,
    19.84346580505371,
    20.406761169433594,
    20.826589584350586,
    19.770263671875,
    19.40643882751465,
    19.206819534301758,
    18.91415786743164,
    18.08586311340332,
    18.11659049987793,
    17.675004959106445,
    17.00002670288086,
    18.028949737548828,
    16.350833892822266,
    16.275684356689453,
    16.755998611450195,
    15.713830947875977,
    15.809175491333008,
    15.172110557556152,
    14.319113731384277,
    14.386432647705078,
    14.388092041015625,
    14.242361068725586,
    14.042047500610352,
    12.389891624450684,
    13.808938026428223,
    13.709949493408203,
    11.889165878295898,
    12.775041580200195,
    11.94101333618164,
    12.154693603515625,
    10.990713119506836,
    11.641160011291504,
    10.958597183227539,
    10.35175895690918,
    10.788164138793945,
    10.863411903381348,
    10.063401222229004,
    10.182265281677246,
    9.536270141601562,
    9.495628356933594,
    8.97539234161377,
    8.954205513000488,
    8.672122955322266,
    8.560999870300293,
    8.487628936767578,
    8.30630874633789,
    8.073613166809082,
    8.22406005859375,
    7.772732734680176,
    7.736409664154053,
    7.869322776794434,
    7.183629035949707,
    7.574417591094971,
    6.821873188018799,
    7.5948381423950195,
    6.910175800323486,
    6.632765769958496,
    6.4384965896606445,
    6.0929646492004395,
    6.755545616149902,
    6.325128555297852,
    6.545342445373535,
    5.900638103485107,
    6.3477935791015625,
    5.756981372833252,
    6.1460041999816895,
    5.788473129272461,
    5.957751750946045,
    5.638358116149902,
    5.544740676879883,
    5.993799686431885,
    5.1563239097595215
  ],
  "apparent_age_std_loss": [
    0.0,
    0.0,
    0.0,
    0.0,
    0.0,
    0.0,
    0.0,
    0.0,
    0.0,
    0.0,
    0.0,
    0.0,
    0.0,
    0.0,
    0.0,
    0.0,
    0.0,
    0.0,
    0.0,
    0.0,
    0.0,
    0.0,
    0.0,
    0.0,
    0.0,
    0.0,
    0.0,
    0.0,
    0.0,
    0.0,
    0.0,
    0.0,
    0.0,
    0.0,
    0.0,
    0.0,
    0.0,
    0.0,
    0.0,
    0.0,
    0.0,
    0.0,
    0.0,
    0.0,
    0.0,
    0.0,
    0.0,
    0.0,
    0.0,
    0.0,
    0.0,
    0.0,
    0.0,
    0.0,
    0.0,
    0.0,
    0.0,
    0.0,
    0.0,
    0.0,
    0.0,
    0.0,
    0.0,
    0.0,
    0.0,
    0.0,
    0.0,
    0.0,
    0.0,
    0.0,
    0.0,
    0.0,
    0.0,
    0.0,
    0.0,
    0.0,
    0.0,
    0.0,
    0.0,
    0.0,
    0.0,
    0.0,
    0.0,
    0.0,
    0.0,
    0.0,
    0.0,
    0.0,
    0.0,
    0.0,
    0.0,
    0.0,
    0.0,
    0.0,
    0.0,
    0.0,
    0.0
  ],
  "loss": [
    1098.5103759765625,
    1087.7257080078125,
    1079.5704345703125,
    1025.10205078125,
    1062.8046875,
    1014.4866333007812,
    996.349853515625,
    949.068359375,
    950.2809448242188,
    901.3701171875,
    881.2161865234375,
    894.3633422851562,
    853.9743041992188,
    806.1820678710938,
    814.8999633789062,
    758.306884765625,
    766.4358520507812,
    718.726806640625,
    712.9238891601562,
    698.505126953125,
    681.6123657226562,
    669.1041259765625,
    583.12890625,
    618.651123046875,
    621.7041015625,
    522.8391723632812,
    534.0430908203125,
    562.6910400390625,
    522.3177490234375,
    508.3254699707031,
    479.46368408203125,
    481.5315856933594,
    425.2871398925781,
    449.94439697265625,
    409.4863586425781,
    406.05517578125,
    427.6804504394531,
    374.7545471191406,
    354.3101806640625,
    385.36566162109375,
    330.6711730957031,
    346.1643981933594,
    309.19317626953125,
    294.5973205566406,
    281.9526672363281,
    295.28424072265625,
    279.28167724609375,
    276.2323913574219,
    228.84613037109375,
    271.1330871582031,
    252.84925842285156,
    209.12242126464844,
    227.45620727539062,
    215.12672424316406,
    215.48699951171875,
    181.40538024902344,
    198.40350341796875,
    178.13787841796875,
    161.63104248046875,
    164.69931030273438,
    181.12722778320312,
    147.79116821289062,
    151.49549865722656,
    137.81869506835938,
    137.53451538085938,
    124.93286895751953,
    129.53785705566406,
    117.12782287597656,
    113.43409729003906,
    120.28148651123047,
    105.77407836914062,
    105.13139343261719,
    106.7584228515625,
    95.05139923095703,
    94.20079040527344,
    97.84516143798828,
    80.820068359375,
    86.09925079345703,
    71.36241912841797,
    88.67982482910156,
    74.81845092773438,
    71.9250259399414,
    67.09407043457031,
    60.14665222167969,
    69.06717681884766,
    60.51685333251953,
    71.79580688476562,
    60.005577087402344,
    63.36506652832031,
    54.05404281616211,
    61.435787200927734,
    54.55643081665039,
    58.516761779785156,
    52.031288146972656,
    50.84259796142578,
    64.74452209472656,
    42.14682388305664
  ],