{
  "apparent_age_avg_loss": [
    1040.7342529296875,
    965.4099731445312,
    896.975341796875,
    857.6279296875,
    779.2229614257812,
    712.1978149414062,
    644.6954345703125,
    587.2440795898438,
    571.6460571289062,
    483.61688232421875,
    416.5460510253906,
    424.0082092285156,
    360.0935363769531,
    359.54150390625,
    296.65576171875,
    296.61077880859375,
    281.0389404296875,
    271.60076904296875,
    249.06134033203125,
    259.0238342285156,
    243.8964385986328,
    242.93313598632812,
    254.3995361328125,
    246.86798095703125,
    229.3974151611328,
    234.83111572265625,
    236.96595764160156,
    228.29415893554688,
    227.63722229003906,
    230.11102294921875,
    237.54249572753906,
    237.98890686035156,
    222.45004272460938,
    224.7293243408203,
    224.98643493652344,
    218.7705078125,
    224.3617706298828,
    224.4276885986328,
    219.9930419921875,
    230.1912841796875,
    210.00172424316406,
    219.52880859375,
    218.34071350097656,
    218.31130981445312,
    214.16302490234375,
    213.49620056152344,
    209.4907684326172,
    200.67604064941406,
    219.9407501220703,
    214.64747619628906,
    198.96273803710938,
    205.6382293701172,
    211.26112365722656,
    201.2620086669922,
    216.3942413330078,
    203.3079376220703,
    209.4326934814453,
    201.035888671875,
    214.0192108154297,
    211.64878845214844,
    192.34898376464844,
    192.9003448486328,
    205.896728515625,
    211.615234375,
    193.82925415039062,
    205.4280242919922,
    195.0467529296875,
    203.45323181152344,
    197.7742462158203,
    203.09396362304688,
    200.7200164794922,
    198.54360961914062,
    195.55160522460938
  ],
  "apparent_age_avg_mean_absolute_error": [
    28.742956161499023,
    27.541824340820312,
    26.3625431060791,
    25.49563980102539,
    24.074127197265625,
    23.04001808166504,
    21.642894744873047,
    20.373123168945312,
    19.953624725341797,
    17.98276710510254,
    16.687164306640625,
    16.410579681396484,
    14.783736228942871,
    14.834806442260742,
    13.130499839782715,
    13.163398742675781,
    12.634628295898438,
    12.40179443359375,
    12.022085189819336,
    12.060663223266602,
    11.720537185668945,
    11.828665733337402,
    11.975190162658691,
    11.887750625610352,
    11.236865997314453,
    11.652351379394531,
    11.678811073303223,
    11.543204307556152,
    11.455921173095703,
    11.598846435546875,
    11.67580509185791,
    11.724979400634766,
    11.222043991088867,
    11.539164543151855,
    11.48690414428711,
    11.370264053344727,
    11.47038745880127,
    11.448636054992676,
    11.261982917785645,
    11.544462203979492,
    11.116622924804688,
    11.196858406066895,
    11.209756851196289,
    11.306371688842773,
    11.11452579498291,
    11.176125526428223,
    10.939955711364746,
    10.944594383239746,
    11.23886775970459,
    11.087092399597168,
    10.688175201416016,
    10.949819564819336,
    11.17866325378418,
    10.770276069641113,
    11.382874488830566,
    10.790383338928223,
    10.916149139404297,
    10.843483924865723,
    11.141246795654297,
    11.068679809570312,
    10.713930130004883,
    10.598700523376465,
    11.045823097229004,
    10.977411270141602,
    10.611794471740723,
    10.919553756713867,
    10.541777610778809,
    10.893939971923828,
    10.789324760437012,
    10.828290939331055,
    10.824464797973633,
    10.750325202941895,
    10.627131462097168
  ],
  "apparent_age_std_loss": [
    0.0,
    0.0,
    0.0,
    0.0,
    0.0,
    0.0,
    0.0,
    0.0,
    0.0,
    0.0,
    0.0,
    0.0,
    0.0,
    0.0,
    0.0,
    0.0,
    0.0,
    0.0,
    0.0,
    0.0,
    0.0,
    0.0,
    0.0,
    0.0,
    0.0,
    0.0,
    0.0,
    0.0,
    0.0,
    0.0,
    0.0,
    0.0,
    0.0,
    0.0,
    0.0,
    0.0,
    0.0,
    0.0,
    0.0,
    0.0,
    0.0,
    0.0,
    0.0,
    0.0,
    0.0,
    0.0,
    0.0,
    0.0,
    0.0,
    0.0,
    0.0,
    0.0,
    0.0,
    0.0,
    0.0,
    0.0,
    0.0,
    0.0,
    0.0,
    0.0,
    0.0,
    0.0,
    0.0,
    0.0,
    0.0,
    0.0,
    0.0,
    0.0,
    0.0,
    0.0,
    0.0,
    0.0,
    0.0
  ],
  "loss": [
    1040.7342529296875,
    965.4099731445312,
    896.975341796875,
    857.6279296875,
    779.2229614257812,
    712.1978149414062,
    644.6954345703125,
    587.2440795898438,
    571.6460571289062,
    483.61688232421875,
    416.5460510253906,
    424.0082092285156,
    360.0935363769531,
    359.54150390625,
    296.65576171875,
    296.61077880859375,
    281.0389404296875,
    271.60076904296875,
    249.06134033203125,
    259.0238342285156,
    243.8964385986328,
    242.93313598632812,
    254.3995361328125,
    246.86798095703125,
    229.3974151611328,
    234.83111572265625,
    236.96595764160156,
    228.29415893554688,
    227.63722229003906,
    230.11102294921875,
    237.54249572753906,
    237.98890686035156,
    222.45004272460938,
    224.7293243408203,
    224.98643493652344,
    218.7705078125,
    224.3617706298828,
    224.4276885986328,
    219.9930419921875,
    230.1912841796875,
    210.00172424316406,
    219.52880859375,
    218.34071350097656,
    218.31130981445312,
    214.16302490234375,
    213.49620056152344,
    209.4907684326172,
    200.67604064941406,
    219.9407501220703,
    214.64747619628906,
    198.96273803710938,
    205.6382293701172,
    211.26112365722656,
    201.2620086669922,
    216.3942413330078,
    203.3079376220703,
    209.4326934814453,
    201.035888671875,
    214.0192108154297,
    211.64878845214844,
    192.34898376464844,
    192.9003448486328,
    205.896728515625,
    211.615234375,
    193.82925415039062,
    205.4280242919922,
    195.0467529296875,
    203.45323181152344,
    197.7742462158203,
    203.09396362304688,
    200.7200164794922,
    198.54360961914062,
    195.55160522460938
  ],
  "val_apparent_age_avg_loss": [
    1036.301513671875,
    969.0884399414062,
    906.923583984375,
    840.172119140625,
    781.291748046875,
    713.0551147460938,
    649.7096557617188,
    593.4153442382812,
    546.5405883789062,
    493.8567199707031,
    451.7900695800781,
    402.133544921875,
    370.4798278808594,
    340.6098327636719,
    320.2634582519531,
    315.0555419921875,
    296.0235290527344,
    284.0650939941406,
    276.7315368652344,
    266.234375,
    261.8904113769531,
    255.24119567871094,
    258.4455871582031,
    246.27642822265625,
    261.9333190917969,
    249.84742736816406,
    240.9598388671875,
    244.85096740722656,
    254.47679138183594,
    252.4987335205078,
    249.06153869628906,
    247.09803771972656,
    249.63818359375,
    236.8570556640625,
    233.5139923095703,
    231.17494201660156,
    232.125244140625,
    243.6475067138672,
    244.9428253173828,
    231.98712158203125,
    240.29638671875,
    244.8166046142578,
    233.2734832763672,
    228.492431640625,
    229.89894104003906,
    232.3974609375,
    227.1053924560547,
    241.9727783203125,
    236.15745544433594,
    218.15757751464844,
    228.4521026611328,
    229.7357177734375,
    216.54237365722656,
    225.90708923339844,
    238.5215606689453,
    233.00184631347656,
    220.85003662109375,
    227.0949249267578,
    217.17100524902344,
    227.1387176513672,
    228.23155212402344,
    218.9536590576172,
    209.81561279296875,
    220.85650634765625,
    218.471923828125,
    212.97174072265625,
    219.1649627685547,
    214.3164520263672,
    227.01734924316406,
    219.00714111328125,
    218.71791076660156,
    217.382080078125,
    224.1070098876953
  ],