{
  "apparent_age_avg_loss": [
    1083.1373291015625,
    961.4329223632812,
    817.2477416992188,
    711.859130859375,
    580.705078125,
    473.56146240234375,
    411.2921447753906,
    337.2239990234375,
    300.400146484375,
    267.5890197753906,
    267.84967041015625,
    243.1845245361328,
    250.23416137695312,
    231.11195373535156,
    231.52561950683594,
    234.3637237548828,
    227.70306396484375,
    225.025146484375,
    232.36341857910156,
    222.41891479492188,
    226.60574340820312,
    227.1983642578125,
    217.14219665527344,
    224.0255584716797,
    219.48138427734375,
    210.17845153808594,
    207.13670349121094,
    222.9907989501953,
    193.65713500976562,
    212.0895538330078,
    207.2974395751953,
    207.18934631347656,
    206.75157165527344,
    198.01695251464844,
    202.7196807861328,
    201.552734375,
    192.24343872070312,
    200.6918182373047,
    194.7125244140625,
    205.7259521484375,
    190.91818237304688,
    196.6611785888672,
    198.29519653320312,
    186.28387451171875,
    190.65939331054688,
    196.6747283935547,
    193.98899841308594,
    184.373291015625,
    187.02349853515625,
    191.06979370117188,
    193.22982788085938,
    187.42156982421875,
    177.5369110107422,
    188.4851837158203,
    184.6414031982422,
    180.13841247558594,
    191.47702026367188,
    184.8084716796875
  ],
  "apparent_age_avg_mean_absolute_error": [
    29.430526733398438,
    27.333309173583984,
    24.807209014892578,
    22.78141212463379,
    20.250104904174805,
    17.74820327758789,
    16.04834747314453,
    14.090831756591797,
    13.061394691467285,
    12.217306137084961,
    12.261699676513672,
    11.650733947753906,
    11.957740783691406,
    11.580078125,
    11.489785194396973,
    11.636003494262695,
    11.476069450378418,
    11.391705513000488,
    11.592554092407227,
    11.27372932434082,
    11.530073165893555,
    11.49189281463623,
    11.19711971282959,
    11.279263496398926,
    11.212425231933594,
    11.194676399230957,
    10.914334297180176,
    11.370205879211426,
    10.726120948791504,
    11.093034744262695,
    10.989396095275879,
    11.00207233428955,
    10.980964660644531,
    10.821266174316406,
    10.912585258483887,
    10.880581855773926,
    10.619122505187988,
    10.75281810760498,
    10.675835609436035,
    10.99671745300293,
    10.497220039367676,
    10.77667236328125,
    10.719080924987793,
    10.415485382080078,
    10.524291038513184,
    10.931090354919434,
    10.746297836303711,
    10.395159721374512,
    10.434207916259766,
    10.708667755126953,
    10.605081558227539,
    10.669952392578125,
    10.23288345336914,
    10.488961219787598,
    10.389836311340332,
    10.273971557617188,
    10.619158744812012,
    10.336575508117676
  ],
  "apparent_age_std_loss": [
    0.0,
    0.0,
    0.0,
    0.0,
    0.0,
    0.0,
    0.0,
    0.0,
    0.0,
    0.0,
    0.0,
    0.0,
    0.0,
    0.0,
    0.0,
    0.0,
    0.0,
    0.0,
    0.0,
    0.0,
    0.0,
    0.0,
    0.0,
    0.0,
    0.0,
    0.0,
    0.0,
    0.0,
    0.0,
    0.0,
    0.0,
    0.0,
    0.0,
    0.0,
    0.0,
    0.0,
    0.0,
    0.0,
    0.0,
    0.0,
    0.0,
    0.0,
    0.0,
    0.0,
    0.0,
    0.0,
    0.0,
    0.0,
    0.0,
    0.0,
    0.0,
    0.0,
    0.0,
    0.0,
    0.0,
    0.0,
    0.0,
    0.0
  ],
  "loss": [
    1083.1373291015625,
    961.4329223632812,
    817.2477416992188,
    711.859130859375,
    580.705078125,
    473.56146240234375,
    411.2921447753906,
    337.2239990234375,
    300.400146484375,
    267.5890197753906,
    267.84967041015625,
    243.1845245361328,
    250.23416137695312,
    231.11195373535156,
    231.52561950683594,
    234.3637237548828,
    227.70306396484375,
    225.025146484375,
    232.36341857910156,
    222.41891479492188,
    226.60574340820312,
    227.1983642578125,
    217.14219665527344,
    224.0255584716797,
    219.48138427734375,
    210.17845153808594,
    207.13670349121094,
    222.9907989501953,
    193.65713500976562,
    212.0895538330078,
    207.2974395751953,
    207.18934631347656,
    206.75157165527344,
    198.01695251464844,
    202.7196807861328,
    201.552734375,
    192.24343872070312,
    200.6918182373047,
    194.7125244140625,
    205.7259521484375,
    190.91818237304688,
    196.6611785888672,
    198.29519653320312,
    186.28387451171875,
    190.65939331054688,
    196.6747283935547,
    193.98899841308594,
    184.373291015625,
    187.02349853515625,
    191.06979370117188,
    193.22982788085938,
    187.42156982421875,
    177.5369110107422,
    188.4851837158203,
    184.6414031982422,
    180.13841247558594,
    191.47702026367188,
    184.8084716796875
  ],
  "val_apparent_age_avg_loss": [
    1032.5927734375,
    904.81396484375,
    773.018310546875,
    649.725830078125,
    537.1714477539062,
    445.7994079589844,
    372.5518798828125,
    321.9060974121094,
    288.1048889160156,
    270.5634460449219,
    258.6799011230469,
    253.0981903076172,
    248.9788818359375,
    240.7014617919922,
    240.79725646972656,
    240.3946075439453,
    230.00531005859375,
    236.6326141357422,
    231.83074951171875,
    240.0624542236328,
    227.9369354248047,
    234.02508544921875,
    222.16387939453125,
    213.0484161376953,
    224.26780700683594,
    217.5802001953125,
    209.18833923339844,
    225.27809143066406,
    220.9825439453125,
    212.579833984375,
    216.85472106933594,
    211.77069091796875,
    211.83238220214844,
    219.2646026611328,
    210.1085968017578,
    203.2073974609375,
    212.01365661621094,
    204.3101348876953,
    212.20703125,
    210.88279724121094,
    203.0736541748047,
    203.5677947998047,
    203.61158752441406,
    207.3006591796875,
    206.2142333984375,
    195.97564697265625,
    199.2095489501953,
    188.5866241455078,
    198.84796142578125,
    194.4391326904297,
    193.5308380126953,
    191.4543914794922,
    202.9681854248047,
    192.0164794921875,
    202.16302490234375,
    195.57041931152344,
    196.7456512451172,
    197.6920166015625
  ],
  "val_apparent_age_avg_mean_absolute_error": [
    28.4377498626709,
    26.192434310913086,
    23.872726440429688,
    21.498258590698242,
    19.02619171142578,
    16.85549545288086,
    15.073834419250488,
    13.743072509765625,
    12.906889915466309,
    12.44786548614502,
    12.187137603759766,
    11.982394218444824,
    12.031932830810547,
    11.913973808288574,
    11.881752967834473,
    11.772818565368652,
    11.650273323059082,
    11.771458625793457,
    11.786730766296387,
    11.830780982971191,
    11.65291690826416,
    11.698531150817871,
    11.389503479003906,
    11.186419486999512,
    11.470199584960938,
    11.361016273498535,
    11.029595375061035,
    11.573986053466797,
    11.41886043548584,
    11.146892547607422,
    11.198868751525879,
    11.131881713867188,
    11.218182563781738,
    11.421952247619629,
    11.20443058013916,
    10.9895658493042,
    11.224540710449219,
    10.998946189880371,
    11.335960388183594,
    11.224381446838379,
    10.820930480957031,
    10.981600761413574,
    10.95464038848877,
    11.121223449707031,
    11.10202407836914,
    10.893717765808105,
    10.695900917053223,
    10.64924144744873,
    11.000847816467285,
    10.772263526916504,
    10.741332054138184,
    10.787396430969238,
    10.988640785217285,
    10.680941581726074,
    10.957836151123047,
    10.72116470336914,
    10.72626781463623,
    10.871228218078613
  ],