{
  "apparent_age_avg_loss": [
    1015.1825561523438,
    779.1162719726562,
    553.2388916015625,
    388.6677551269531,
    310.73553466796875,
    272.86090087890625,
    259.7162170410156,
    248.98666381835938,
    249.03604125976562,
    246.464111328125,
    236.4813995361328,
    232.0076141357422,
    226.25563049316406,
    220.70372009277344,
    216.1367950439453,
    213.4638214111328,
    209.5337677001953,
    206.80355834960938,
    205.47134399414062,
    199.8005828857422,
    198.5393524169922,
    199.78977966308594,
    193.81976318359375,
    188.86380004882812,
    191.38449096679688,
    189.8216094970703,
    182.84239196777344,
    184.21115112304688,
    188.9451446533203,
    184.74551391601562,
    183.20068359375,
    181.81927490234375,
    181.07308959960938,
    175.1519775390625,
    180.0113525390625,
    186.5921173095703,
    176.99143981933594,
    178.4174346923828,
    180.2022247314453,
    177.9068603515625,
    181.65072631835938,
    184.2225799560547,
    177.05731201171875,
    178.68112182617188,
    178.27230834960938,
    176.94589233398438,
    180.7067413330078,
    170.54238891601562,
    181.25192260742188,
    178.34634399414062,
    180.02435302734375,
    175.96730041503906,
    173.87332153320312,
    173.79734802246094,
    177.82962036132812,
    175.30873107910156,
    179.68948364257812,
    175.2370147705078,
    177.2936248779297
  ],
  "apparent_age_avg_mean_absolute_error": [
    28.289270401000977,
    24.0556697845459,
    19.507457733154297,
    15.515323638916016,
    13.393961906433105,
    12.491986274719238,
    12.254866600036621,
    12.00535774230957,
    11.96295166015625,
    11.993980407714844,
    11.697604179382324,
    11.642556190490723,
    11.45490550994873,
    11.372533798217773,
    11.20419692993164,
    11.093122482299805,
    11.116613388061523,
    10.967740058898926,
    11.02716064453125,
    10.84791088104248,
    10.792449951171875,
    10.892475128173828,
    10.701780319213867,
    10.580353736877441,
    10.6945219039917,
    10.559122085571289,
    10.41222095489502,
    10.508052825927734,
    10.668251991271973,
    10.541622161865234,
    10.477524757385254,
    10.402339935302734,
    10.396272659301758,
    10.319965362548828,
    10.434457778930664,
    10.551901817321777,
    10.274107933044434,
    10.3567476272583,
    10.385077476501465,
    10.304767608642578,
    10.447587013244629,
    10.498555183410645,
    10.382286071777344,
    10.380500793457031,
    10.358807563781738,
    10.345867156982422,
    10.406516075134277,
    10.175959587097168,
    10.500716209411621,
    10.307785034179688,
    10.378680229187012,
    10.270888328552246,
    10.198609352111816,
    10.286664962768555,
    10.431504249572754,
    10.223396301269531,
    10.471362113952637,
    10.28608226776123,
    10.409907341003418
  ],
  "apparent_age_std_loss": [
    0.0,
    0.0,
    0.0,
    0.0,
    0.0,
    0.0,
    0.0,
    0.0,
    0.0,
    0.0,
    0.0,
    0.0,
    0.0,
    0.0,
    0.0,
    0.0,
    0.0,
    0.0,
    0.0,
    0.0,
    0.0,
    0.0,
    0.0,
    0.0,
    0.0,
    0.0,
    0.0,
    0.0,
    0.0,
    0.0,
    0.0,
    0.0,
    0.0,
    0.0,
    0.0,
    0.0,
    0.0,
    0.0,
    0.0,
    0.0,
    0.0,
    0.0,
    0.0,
    0.0,
    0.0,
    0.0,
    0.0,
    0.0,
    0.0,
    0.0,
    0.0,
    0.0,
    0.0,
    0.0,
    0.0,
    0.0,
    0.0,
    0.0,
    0.0
  ],
  "loss": [
    1015.1825561523438,
    779.1162719726562,
    553.2388916015625,
    388.6677551269531,
    310.73553466796875,
    272.86090087890625,
    259.7162170410156,
    248.98666381835938,
    249.03604125976562,
    246.464111328125,
    236.4813995361328,
    232.0076141357422,
    226.25563049316406,
    220.70372009277344,
    216.1367950439453,
    213.4638214111328,
    209.5337677001953,
    206.80355834960938,
    205.47134399414062,
    199.8005828857422,
    198.5393524169922,
    199.78977966308594,
    193.81976318359375,
    188.86380004882812,
    191.38449096679688,
    189.8216094970703,
    182.84239196777344,
    184.21115112304688,
    188.9451446533203,
    184.74551391601562,
    183.20068359375,
    181.81927490234375,
    181.07308959960938,
    175.1519775390625,
    180.0113525390625,
    186.5921173095703,
    176.99143981933594,
    178.4174346923828,
    180.2022247314453,
    177.9068603515625,
    181.65072631835938,
    184.2225799560547,
    177.05731201171875,
    178.68112182617188,
    178.27230834960938,
    176.94589233398438,
    180.7067413330078,
    170.54238891601562,
    181.25192260742188,
    178.34634399414062,
    180.02435302734375,
    175.96730041503906,
    173.87332153320312,
    173.79734802246094,
    177.82962036132812,
    175.30873107910156,
    179.68948364257812,
    175.2370147705078,
    177.2936248779297
  ],
  "val_apparent_age_avg_loss": [
    904.7415161132812,
    665.979248046875,
    465.7228088378906,
    341.6910705566406,
    294.0928649902344,
    269.5861511230469,
    262.1014099121094,
    247.73794555664062,
    246.06594848632812,
    244.06796264648438,
    239.2225799560547,
    237.86770629882812,
    223.7617645263672,
    232.7138671875,
    226.454345703125,
    220.40234375,
    215.0887451171875,
    205.33978271484375,
    215.4106903076172,
    203.32205200195312,
    204.44847106933594,
    206.3773651123047,
    195.87237548828125,
    199.73455810546875,
    198.2305908203125,
    201.85350036621094,
    197.55181884765625,
    188.32244873046875,
    192.0603790283203,
    187.98025512695312,
    191.01870727539062,
    189.7661590576172,
    184.4535675048828,
    183.97254943847656,
    188.4527130126953,
    189.54168701171875,
    187.17010498046875,
    184.540283203125,
    191.5184783935547,
    193.9553680419922,
    185.39454650878906,
    187.74774169921875,
    179.936767578125,
    189.00733947753906,
    182.18263244628906,
    183.23751831054688,
    187.8700408935547,
    179.4497528076172,
    177.3790283203125,
    180.33151245117188,
    186.74444580078125,
    190.25062561035156,
    191.02503967285156,
    184.10366821289062,
    188.99266052246094,
    190.61196899414062,
    189.1626434326172,
    186.72341918945312,
    183.46153259277344
  ],
  "val_apparent_age_avg_mean_absolute_error": [
    26.32745933532715,
    21.920854568481445,
    17.45057487487793,
    14.204922676086426,
    13.098651885986328,
    12.467808723449707,
    12.319701194763184,
    12.078689575195312,
    12.006623268127441,
    11.949270248413086,
    11.941351890563965,
    11.762784957885742,
    11.478398323059082,
    11.74494457244873,
    11.529541969299316,
    11.382111549377441,
    11.252129554748535,
    11.094022750854492,
    11.266410827636719,
    11.030413627624512,
    11.133698463439941,
    11.050505638122559,
    10.873794555664062,
    10.943255424499512,
    10.898666381835938,
    11.062844276428223,
    10.890381813049316,
    10.583381652832031,
    10.845508575439453,
    10.581822395324707,
    10.761219024658203,
    10.66366958618164,
    10.648724555969238,
    10.556916236877441,
    10.691065788269043,
    10.711648941040039,
    10.699823379516602,
    10.592555046081543,
    10.742321014404297,
    10.867938995361328,
    10.65484619140625,
    10.65761661529541,
    10.395795822143555,
    10.669870376586914,
    10.437621116638184,
    10.439955711364746,
    10.660801887512207,
    10.444981575012207,
    10.370680809020996,
    10.59152889251709,
    10.64682388305664,
    10.724791526794434,
    10.777902603149414,
    10.676039695739746,
    10.687118530273438,
    10.72128963470459,
    10.662878036499023,
    10.657631874084473,
    10.568351745605469
  ],