{
  "apparent_age_avg_loss": [
    89.11695861816406,
    72.77644348144531,
    68.40604400634766,
    61.395355224609375,
    52.282318115234375,
    66.63294982910156,
    60.44638442993164,
    52.33699417114258,
    53.91598129272461,
    50.5757942199707,
    45.68654251098633,
    45.64221954345703,
    37.34780502319336,
    36.10958480834961,
    42.099609375,
    44.74957275390625
  ],
  "apparent_age_avg_mean_absolute_error": [
    7.317685127258301,
    6.918344974517822,
    6.715695381164551,
    6.30055570602417,
    5.893742084503174,
    6.490024089813232,
    6.415650367736816,
    5.67132568359375,
    5.756453037261963,
    5.635031700134277,
    5.206788063049316,
    5.409881591796875,
    4.884678363800049,
    4.683971881866455,
    5.082553386688232,
    4.828586578369141
  ],
  "apparent_age_avg_mean_squared_error": [
    89.11695861816406,
    72.77644348144531,
    68.40604400634766,
    61.395355224609375,
    52.282318115234375,
    66.63294982910156,
    60.44638442993164,
    52.33699417114258,
    53.91598129272461,
    50.5757942199707,
    45.68654251098633,
    45.64221954345703,
    37.34780502319336,
    36.10958480834961,
    42.099609375,
    44.74957275390625
  ],
  "apparent_age_std_loss": [
    14.648855209350586,
    14.267430305480957,
    13.382925033569336,
    12.094709396362305,
    11.728409767150879,
    10.469393730163574,
    10.56035327911377,
    9.322653770446777,
    8.065576553344727,
    6.939258098602295,
    7.1444807052612305,
    6.26033878326416,
    5.569878578186035,
    5.9393696784973145,
    4.4382004737854,
    4.790492534637451
  ],
  "apparent_age_std_mean_absolute_error": [
    3.4551188945770264,
    3.370558261871338,
    3.248070478439331,
    3.0816988945007324,
    3.0208828449249268,
    2.814223527908325,
    2.8612897396087646,
    2.632307291030884,
    2.4721546173095703,
    2.159571886062622,
    2.2642667293548584,
    2.0543222427368164,
    1.9480925798416138,
    1.9572726488113403,
    1.6656793355941772,
    1.7210395336151123
  ],
  "apparent_age_std_mean_squared_error": [
    14.648855209350586,
    14.267430305480957,
    13.382925033569336,
    12.094709396362305,
    11.728409767150879,
    10.469393730163574,
    10.56035327911377,
    9.322653770446777,
    8.065576553344727,
    6.939258098602295,
    7.1444807052612305,
    6.26033878326416,
    5.569878578186035,
    5.9393696784973145,
    4.4382004737854,
    4.790492534637451
  ],
  "loss": [
    103.86632537841797,
    87.14437103271484,
    81.88947296142578,
    73.5905532836914,
    64.11121368408203,
    77.20281982421875,
    71.1072006225586,
    61.76010513305664,
    62.082008361816406,
    57.6154899597168,
    52.93145751953125,
    52.00297927856445,
    43.01810073852539,
    42.14935302734375,
    46.638206481933594,
    49.64044952392578
  ],
  "val_apparent_age_avg_loss": [
    223.5466766357422,
    230.34918212890625,
    200.88043212890625,
    162.7300262451172,
    175.0784912109375,
    205.6177520751953,
    189.2170867919922,
    182.7842254638672,
    172.7956085205078,
    198.7433624267578,
    187.9422149658203,
    186.10601806640625,
    182.02296447753906,
    174.9752655029297,
    172.01341247558594,
    180.89906311035156
  ],
  "val_apparent_age_avg_mean_absolute_error": [
    11.560036659240723,
    11.348685264587402,
    10.730746269226074,
    9.833962440490723,
    9.79434871673584,
    10.535152435302734,
    10.594456672668457,
    10.291817665100098,
    10.273262023925781,
    10.625964164733887,
    10.32528305053711,
    9.932284355163574,
    10.31577205657959,
    9.983039855957031,
    9.823891639709473,
    9.848369598388672
  ],
  "val_apparent_age_avg_mean_squared_error": [
    223.5466766357422,
    230.34918212890625,
    200.88043212890625,
    162.7300262451172,
    175.0784912109375,
    205.6177520751953,
    189.2170867919922,
    182.7842254638672,
    172.7956085205078,
    198.7433624267578,
    187.9422149658203,
    186.10601806640625,
    182.02296447753906,
    174.9752655029297,
    172.01341247558594,
    180.89906311035156
  ],
  "val_apparent_age_std_loss": [
    13.79266357421875,
    13.0079345703125,
    12.304675102233887,
    11.907183647155762,
    10.885767936706543,
    10.506270408630371,
    9.593048095703125,
    9.083830833435059,
    8.689724922180176,
    8.358150482177734,
    7.3848042488098145,
    6.691869258880615,
    6.484917163848877,
    5.663259506225586,
    5.627309799194336,
    5.539703369140625
  ],
  "val_apparent_age_std_mean_absolute_error": [
    3.20172381401062,
    3.0898542404174805,
    2.978334426879883,
    2.9356753826141357,
    2.7546751499176025,
    2.6129021644592285,
    2.50848650932312,
    2.4411208629608154,
    2.3676860332489014,
    2.286165952682495,
    2.189039707183838,
    2.0358498096466064,
    1.9601802825927734,
    1.8621530532836914,
    1.81632661819458,
    1.8159748315811157
  ],
  "val_apparent_age_std_mean_squared_error": [
    13.79266357421875,
    13.0079345703125,
    12.304675102233887,
    11.907183647155762,
    10.885767936706543,
    10.506270408630371,
    9.593048095703125,
    9.083830833435059,
    8.689724922180176,
    8.358150482177734,
    7.3848042488098145,
    6.691869258880615,
    6.484917163848877,
    5.663259506225586,
    5.627309799194336,
    5.539703369140625
  ],
  "val_loss": [
    237.4398651123047,
    243.4575958251953,
    213.2855987548828,
    174.73768615722656,
    186.06471252441406,
    216.2244873046875,
    198.91058349609375,
    191.968505859375,
    181.58575439453125,
    207.2019500732422,
    195.4274444580078,
    192.8983154296875,
    188.60829162597656,
    180.73890686035156,
    177.74110412597656,
    186.5391387939453
  ]
}