{
  "apparent_age_avg_loss": [
    90.83473205566406,
    75.06002044677734,
    70.00341033935547,
    60.67854309082031,
    61.59601593017578,
    54.48786926269531,
    50.02735900878906,
    50.06390380859375,
    49.85798645019531,
    46.61672592163086,
    43.27909469604492,
    39.11557388305664,
    41.78719711303711,
    43.28779983520508,
    41.2490119934082,
    39.341590881347656,
    37.10086441040039,
    35.46221923828125,
    35.75712203979492,
    37.3006591796875,
    34.88268280029297,
    35.60458755493164,
    34.011314392089844,
    34.096195220947266,
    33.54547882080078,
    34.58442687988281,
    32.678462982177734,
    34.016422271728516,
    34.11762619018555,
    34.11540985107422,
    33.31904220581055,
    30.581249237060547,
    29.86212158203125,
    30.747722625732422,
    31.523530960083008,
    30.59101676940918,
    28.509586334228516,
    28.444578170776367,
    28.795745849609375,
    30.795536041259766,
    31.90005874633789,
    29.767160415649414,
    28.897415161132812,
    28.94454574584961,
    28.471149444580078,
    28.936931610107422,
    27.07289695739746,
    29.22154426574707
  ],
  "apparent_age_avg_mean_absolute_error": [
    7.402017116546631,
    6.71739387512207,
    6.529534816741943,
    6.0053300857543945,
    6.083736419677734,
    5.76120662689209,
    5.484629154205322,
    5.499797344207764,
    5.536513328552246,
    5.3462018966674805,
    5.142956256866455,
    4.933572769165039,
    5.026829242706299,
    5.141720294952393,
    4.986184120178223,
    4.864022731781006,
    4.72325325012207,
    4.6114912033081055,
    4.597621440887451,
    4.759751796722412,
    4.600825786590576,
    4.62637186050415,
    4.519918918609619,
    4.528061866760254,
    4.48750114440918,
    4.555415153503418,
    4.42775297164917,
    4.501065254211426,
    4.519258975982666,
    4.531293869018555,
    4.446697235107422,
    4.31971549987793,
    4.2430315017700195,
    4.309528350830078,
    4.334467887878418,
    4.269472599029541,
    4.093872547149658,
    4.1415934562683105,
    4.209236145019531,
    4.274518013000488,
    4.3890581130981445,
    4.242018699645996,
    4.130979537963867,
    4.184203147888184,
    4.097466468811035,
    4.161095142364502,
    4.017894268035889,
    4.166965961456299
  ],
  "apparent_age_avg_mean_squared_error": [
    90.83473205566406,
    75.06002044677734,
    70.00341033935547,
    60.67854309082031,
    61.59601593017578,
    54.48786926269531,
    50.02735900878906,
    50.06390380859375,
    49.85798645019531,
    46.61672592163086,
    43.27909469604492,
    39.11557388305664,
    41.78719711303711,
    43.28779983520508,
    41.2490119934082,
    39.341590881347656,
    37.10086441040039,
    35.46221923828125,
    35.75712203979492,
    37.3006591796875,
    34.88268280029297,
    35.60458755493164,
    34.011314392089844,
    34.096195220947266,
    33.54547882080078,
    34.58442687988281,
    32.678462982177734,
    34.016422271728516,
    34.11762619018555,
    34.11540985107422,
    33.31904220581055,
    30.581249237060547,
    29.86212158203125,
    30.747722625732422,
    31.523530960083008,
    30.59101676940918,
    28.509586334228516,
    28.444578170776367,
    28.795745849609375,
    30.795536041259766,
    31.90005874633789,
    29.767160415649414,
    28.897415161132812,
    28.94454574584961,
    28.471149444580078,
    28.936931610107422,
    27.07289695739746,
    29.22154426574707
  ],
  "apparent_age_std_loss": [
    8.088202476501465,
    3.740469455718994,
    3.194751024246216,
    2.938971996307373,
    2.973123073577881,
    2.7848753929138184,
    2.6289422512054443,
    2.55395770072937,
    2.5490942001342773,
    2.4342923164367676,
    2.3494417667388916,
    2.4048690795898438,
    2.364917516708374,
    2.307166576385498,
    2.3061978816986084,
    2.2080860137939453,
    2.209432601928711,
    2.2041738033294678,
    2.185903549194336,
    2.168842315673828,
    2.0646591186523438,
    2.0795397758483887,
    2.0386579036712646,
    2.1268677711486816,
    2.068653106689453,
    2.035494089126587,
    2.0344932079315186,
    2.0360164642333984,
    2.0631585121154785,
    2.0403852462768555,
    2.0292816162109375,
    1.9587820768356323,
    1.966765284538269,
    1.9878802299499512,
    1.873504638671875,
    1.9952653646469116,
    1.9929149150848389,
    1.8521232604980469,
    1.864722490310669,
    1.8722302913665771,
    1.900313377380371,
    1.8206307888031006,
    1.8520655632019043,
    1.8249404430389404,
    1.9267719984054565,
    1.8077377080917358,
    1.792764663696289,
    1.7821941375732422
  ],
  "apparent_age_std_mean_absolute_error": [
    2.323141098022461,
    1.4815599918365479,
    1.3503531217575073,
    1.3131340742111206,
    1.3195948600769043,
    1.2708207368850708,
    1.238343596458435,
    1.2222216129302979,
    1.222057819366455,
    1.1855705976486206,
    1.1655172109603882,
    1.1904007196426392,
    1.1736836433410645,
    1.1564558744430542,
    1.1670314073562622,
    1.131348729133606,
    1.1283750534057617,
    1.118813395500183,
    1.1168586015701294,
    1.1131415367126465,
    1.1068342924118042,
    1.0937206745147705,
    1.0841015577316284,
    1.1044069528579712,
    1.0904221534729004,
    1.098464012145996,
    1.0798752307891846,
    1.0898637771606445,
    1.094120979309082,
    1.0823923349380493,
    1.0673401355743408,
    1.0698350667953491,
    1.0619655847549438,
    1.0608381032943726,
    1.0403512716293335,
    1.0739682912826538,
    1.0565036535263062,
    1.0387221574783325,
    1.0354856252670288,
    1.0403339862823486,
    1.043643593788147,
    1.0245189666748047,
    1.0281093120574951,
    1.0353225469589233,
    1.0486090183258057,
    1.0265164375305176,
    1.0111827850341797,
    1.0242725610733032
  ],
  "apparent_age_std_mean_squared_error": [
    8.088202476501465,
    3.740469455718994,
    3.194751024246216,
    2.938971996307373,
    2.973123073577881,
    2.7848753929138184,
    2.6289422512054443,
    2.55395770072937,
    2.5490942001342773,
    2.4342923164367676,
    2.3494417667388916,
    2.4048690795898438,
    2.364917516708374,
    2.307166576385498,
    2.3061978816986084,
    2.2080860137939453,
    2.209432601928711,
    2.2041738033294678,
    2.185903549194336,
    2.168842315673828,
    2.0646591186523438,
    2.0795397758483887,
    2.0386579036712646,
    2.1268677711486816,
    2.068653106689453,
    2.035494089126587,
    2.0344932079315186,
    2.0360164642333984,
    2.0631585121154785,
    2.0403852462768555,
    2.0292816162109375,
    1.9587820768356323,
    1.966765284538269,
    1.9878802299499512,
    1.873504638671875,
    1.9952653646469116,
    1.9929149150848389,
    1.8521232604980469,
    1.864722490310669,
    1.8722302913665771,
    1.900313377380371,
    1.8206307888031006,
    1.8520655632019043,
    1.8249404430389404,
    1.9267719984054565,
    1.8077377080917358,
    1.792764663696289,
    1.7821941375732422
  ],