{
  "apparent_age_avg_loss": [
    1083.350830078125,
    1027.5050048828125,
    1021.461669921875,
    1009.5609741210938,
    988.1480102539062,
    922.4153442382812,
    911.0452270507812,
    910.1754760742188,
    896.6632080078125,
    818.681396484375,
    825.227294921875,
    819.6082763671875,
    729.8793334960938,
    786.8255004882812,
    746.6660766601562,
    647.030029296875,
    713.0608520507812,
    621.7184448242188,
    613.305419921875,
    603.300048828125,
    594.7770385742188,
    499.0749206542969,
    546.3930053710938,
    502.8258972167969,
    500.8572692871094,
    482.7077331542969,
    438.9985656738281,
    440.25726318359375,
    398.1155090332031,
    401.0605773925781,
    419.90521240234375,
    360.8818664550781,
    350.21112060546875,
    338.1327819824219,
    334.12689208984375,
    328.7554931640625,
    341.61492919921875,
    308.3761291503906,
    291.5834655761719,
    289.9847717285156,
    289.63946533203125,
    278.5488586425781,
    258.4288330078125,
    267.54058837890625,
    268.0323181152344,
    250.8553009033203,
    267.92816162109375,
    253.85020446777344,
    254.74888610839844,
    259.7901306152344,
    235.89260864257812,
    266.3503112792969,
    234.3540802001953,
    262.85186767578125,
    237.23495483398438,
    217.45217895507812,
    255.43194580078125,
    239.88693237304688,
    247.46046447753906,
    239.31240844726562,
    239.70188903808594,
    227.64425659179688,
    237.80242919921875,
    234.49386596679688,
    228.02908325195312
  ],
  "apparent_age_avg_mean_absolute_error": [
    29.380619049072266,
    28.69467544555664,
    28.399017333984375,
    28.29781150817871,
    27.708967208862305,
    26.763761520385742,
    26.803579330444336,
    26.303739547729492,
    26.327375411987305,
    25.044830322265625,
    24.844337463378906,
    24.99578857421875,
    23.20453643798828,
    24.168729782104492,
    23.463937759399414,
    22.03563690185547,
    22.759492874145508,
    21.21280860900879,
    21.058908462524414,
    20.829835891723633,
    20.469478607177734,
    18.841793060302734,
    19.481752395629883,
    18.675636291503906,
    18.247835159301758,
    18.031986236572266,
    16.89533805847168,
    16.95890235900879,
    16.047405242919922,
    15.889060020446777,
    16.62745475769043,
    14.871912956237793,
    14.52823543548584,
    14.210549354553223,
    14.164742469787598,
    13.858490943908691,
    14.104232788085938,
    13.377185821533203,
    13.003022193908691,
    13.136240005493164,
    12.577855110168457,
    12.634811401367188,
    12.206995010375977,
    12.282797813415527,
    12.169821739196777,
    12.152165412902832,
    11.877745628356934,
    11.974492073059082,
    12.08698844909668,
    12.343950271606445,
    11.566279411315918,
    12.053401947021484,
    11.643707275390625,
    12.308496475219727,
    11.527949333190918,
    11.212864875793457,
    11.940007209777832,
    11.690900802612305,
    11.62318229675293,
    11.806138038635254,
    11.674060821533203,
    11.33857536315918,
    11.54529857635498,
    11.455364227294922,
    11.34907054901123
  ],
  "apparent_age_std_loss": [
    0.0,
    0.0,
    0.0,
    0.0,
    0.0,
    0.0,
    0.0,
    0.0,
    0.0,
    0.0,
    0.0,
    0.0,
    0.0,
    0.0,
    0.0,
    0.0,
    0.0,
    0.0,
    0.0,
    0.0,
    0.0,
    0.0,
    0.0,
    0.0,
    0.0,
    0.0,
    0.0,
    0.0,
    0.0,
    0.0,
    0.0,
    0.0,
    0.0,
    0.0,
    0.0,
    0.0,
    0.0,
    0.0,
    0.0,
    0.0,
    0.0,
    0.0,
    0.0,
    0.0,
    0.0,
    0.0,
    0.0,
    0.0,
    0.0,
    0.0,
    0.0,
    0.0,
    0.0,
    0.0,
    0.0,
    0.0,
    0.0,
    0.0,
    0.0,
    0.0,
    0.0,
    0.0,
    0.0,
    0.0,
    0.0
  ],
  "loss": [
    1083.350830078125,
    1027.5050048828125,
    1021.461669921875,
    1009.5609741210938,
    988.1480102539062,
    922.4153442382812,
    911.0452270507812,
    910.1754760742188,
    896.6632080078125,
    818.681396484375,
    825.227294921875,
    819.6082763671875,
    729.8793334960938,
    786.8255004882812,
    746.6660766601562,
    647.030029296875,
    713.0608520507812,
    621.7184448242188,
    613.305419921875,
    603.300048828125,
    594.7770385742188,
    499.0749206542969,
    546.3930053710938,
    502.8258972167969,
    500.8572692871094,
    482.7077331542969,
    438.9985656738281,
    440.25726318359375,
    398.1155090332031,
    401.0605773925781,
    419.90521240234375,
    360.8818664550781,
    350.21112060546875,
    338.1327819824219,
    334.12689208984375,
    328.7554931640625,
    341.61492919921875,
    308.3761291503906,
    291.5834655761719,
    289.9847717285156,
    289.63946533203125,
    278.5488586425781,
    258.4288330078125,
    267.54058837890625,
    268.0323181152344,
    250.8553009033203,
    267.92816162109375,
    253.85020446777344,
    254.74888610839844,
    259.7901306152344,
    235.89260864257812,
    266.3503112792969,
    234.3540802001953,
    262.85186767578125,
    237.23495483398438,
    217.45217895507812,
    255.43194580078125,
    239.88693237304688,
    247.46046447753906,
    239.31240844726562,
    239.70188903808594,
    227.64425659179688,
    237.80242919921875,
    234.49386596679688,
    228.02908325195312
  ],
  "val_apparent_age_avg_loss": [
    1116.4534912109375,
    1099.6890869140625,
    1074.28271484375,
    1046.8812255859375,
    1019.1898193359375,
    997.8895263671875,
    966.4088745117188,
    944.05615234375,
    920.294921875,
    893.1138916015625,
    859.4075927734375,
    845.10546875,
    823.3961181640625,
    784.8192749023438,
    770.9774169921875,
    745.9660034179688,
    722.0302734375,
    690.3624877929688,
    674.2955322265625,
    648.7052001953125,
    624.8277587890625,
    591.9307861328125,
    570.9568481445312,
    549.9801635742188,
    519.1212768554688,
    512.1203002929688,
    497.9955139160156,
    483.86993408203125,
    459.89080810546875,
    442.9043884277344,
    429.0911560058594,
    428.36669921875,
    399.61041259765625,
    379.3349609375,
    372.4210510253906,
    363.8122253417969,
    355.0328063964844,
    365.298095703125,
    345.49627685546875,
    331.7893371582031,
    329.72760009765625,
    311.6680908203125,
    322.3598327636719,
    322.4873046875,
    306.8152770996094,
    294.65972900390625,
    307.2814636230469,
    302.9533996582031,
    308.2507019042969,
    287.76861572265625,
    308.8973693847656,
    299.13470458984375,
    295.74993896484375,
    298.5294494628906,
    272.23486328125,
    284.1627502441406,
    286.6338195800781,
    289.8847961425781,
    290.41058349609375,
    287.3694763183594,
    288.07659912109375,
    297.4105529785156,
    274.79718017578125,
    278.1138610839844,
    310.8634948730469
  ],