{
  "apparent_age_avg_loss": [
    198.74993896484375,
    175.99063110351562,
    158.98995971679688,
    139.1956329345703,
    123.61498260498047,
    116.61799621582031,
    112.43682098388672,
    107.43541717529297,
    95.7396240234375,
    90.15782165527344,
    91.86553955078125,
    76.57598876953125,
    73.3318862915039,
    77.0753173828125,
    74.9821548461914,
    65.036376953125,
    65.74635314941406,
    68.24331665039062,
    61.37446212768555,
    58.2159423828125,
    55.183773040771484,
    52.361446380615234,
    57.02203369140625,
    54.56622314453125,
    51.00151443481445,
    52.85315704345703,
    47.45306396484375,
    47.87984085083008,
    53.68526840209961,
    48.7767333984375,
    48.199684143066406,
    48.849449157714844,
    47.054019927978516,
    44.856475830078125,
    41.051910400390625,
    42.713375091552734,
    43.606544494628906,
    43.63087463378906,
    41.00212097167969,
    46.522422790527344,
    41.612815856933594,
    35.5428466796875,
    38.37021255493164,
    39.37287139892578,
    38.03837585449219,
    35.738033294677734,
    40.06653594970703,
    38.68155288696289,
    36.13125228881836,
    37.48649597167969
  ],
  "apparent_age_avg_mean_absolute_error": [
    10.776680946350098,
    10.140477180480957,
    9.584420204162598,
    9.110684394836426,
    8.59658432006836,
    8.372129440307617,
    8.212644577026367,
    8.10486125946045,
    7.654447078704834,
    7.525319576263428,
    7.5523786544799805,
    6.926246643066406,
    6.769643306732178,
    6.94809627532959,
    6.75697660446167,
    6.38693380355835,
    6.376783847808838,
    6.547110557556152,
    6.253060817718506,
    6.015256404876709,
    5.957334995269775,
    5.7378644943237305,
    6.002939701080322,
    5.830786228179932,
    5.673065662384033,
    5.6053338050842285,
    5.484119892120361,
    5.498039722442627,
    5.842840671539307,
    5.388305187225342,
    5.487236976623535,
    5.5257887840271,
    5.402451038360596,
    5.225021839141846,
    4.989288330078125,
    5.110147476196289,
    5.163996696472168,
    5.140611171722412,
    5.05048131942749,
    5.326793193817139,
    5.095832824707031,
    4.702367305755615,
    4.838982105255127,
    4.990695953369141,
    4.924167633056641,
    4.701488971710205,
    4.980998516082764,
    4.800714492797852,
    4.755889415740967,
    4.80593204498291
  ],
  "apparent_age_avg_mean_squared_error": [
    198.74993896484375,
    175.99063110351562,
    158.98995971679688,
    139.1956329345703,
    123.61498260498047,
    116.61799621582031,
    112.43682098388672,
    107.43541717529297,
    95.7396240234375,
    90.15782165527344,
    91.86553955078125,
    76.57598876953125,
    73.3318862915039,
    77.0753173828125,
    74.9821548461914,
    65.036376953125,
    65.74635314941406,
    68.24331665039062,
    61.37446212768555,
    58.2159423828125,
    55.183773040771484,
    52.361446380615234,
    57.02203369140625,
    54.56622314453125,
    51.00151443481445,
    52.85315704345703,
    47.45306396484375,
    47.87984085083008,
    53.68526840209961,
    48.7767333984375,
    48.199684143066406,
    48.849449157714844,
    47.054019927978516,
    44.856475830078125,
    41.051910400390625,
    42.713375091552734,
    43.606544494628906,
    43.63087463378906,
    41.00212097167969,
    46.522422790527344,
    41.612815856933594,
    35.5428466796875,
    38.37021255493164,
    39.37287139892578,
    38.03837585449219,
    35.738033294677734,
    40.06653594970703,
    38.68155288696289,
    36.13125228881836,
    37.48649597167969
  ],
  "apparent_age_std_loss": [
    12.84679889678955,
    8.810540199279785,
    6.071765422821045,
    3.7563250064849854,
    3.5925662517547607,
    3.4802916049957275,
    3.1008026599884033,
    3.3087639808654785,
    2.9150359630584717,
    2.9328880310058594,
    3.134995698928833,
    2.965179204940796,
    2.8584396839141846,
    2.9003427028656006,
    3.037564277648926,
    2.845200300216675,
    2.788999557495117,
    2.7829160690307617,
    2.6850781440734863,
    2.6307218074798584,
    2.5169827938079834,
    2.6792778968811035,
    2.72658109664917,
    2.4963791370391846,
    2.62192702293396,
    2.6173362731933594,
    2.428107500076294,
    2.414572238922119,
    2.6539573669433594,
    2.3462862968444824,
    2.49405837059021,
    2.3844103813171387,
    2.3619701862335205,
    2.360917329788208,
    2.3481061458587646,
    2.3252370357513428,
    2.250412940979004,
    2.2090208530426025,
    2.3554046154022217,
    2.197443723678589,
    2.3002331256866455,
    2.194171905517578,
    2.183950662612915,
    2.0936694145202637,
    2.1716771125793457,
    2.1978368759155273,
    2.0589303970336914,
    2.1619760990142822,
    2.286278247833252,
    2.0805485248565674
  ],
  "apparent_age_std_mean_absolute_error": [
    3.1513559818267822,
    2.4948158264160156,
    1.9832810163497925,
    1.5130327939987183,
    1.4873638153076172,
    1.4571988582611084,
    1.3822212219238281,
    1.4000812768936157,
    1.353641390800476,
    1.3475303649902344,
    1.3668346405029297,
    1.326888084411621,
    1.3232628107070923,
    1.3264224529266357,
    1.362349271774292,
    1.3103786706924438,
    1.292566180229187,
    1.2889199256896973,
    1.2768357992172241,
    1.274841547012329,
    1.2223281860351562,
    1.2729201316833496,
    1.277038812637329,
    1.2299307584762573,
    1.2616980075836182,
    1.2389070987701416,
    1.2025171518325806,
    1.2036099433898926,
    1.2537519931793213,
    1.1845717430114746,
    1.1924865245819092,
    1.1806761026382446,
    1.171976089477539,
    1.1595457792282104,
    1.165566086769104,
    1.157884955406189,
    1.1445083618164062,
    1.1473438739776611,
    1.1742112636566162,
    1.1498517990112305,
    1.1519349813461304,
    1.113750696182251,
    1.1299890279769897,
    1.1133791208267212,
    1.1082470417022705,
    1.1367690563201904,
    1.0972833633422852,
    1.1204866170883179,
    1.1289844512939453,
    1.0871773958206177
  ],
  "apparent_age_std_mean_squared_error": [
    12.84679889678955,
    8.810540199279785,
    6.071765422821045,
    3.7563250064849854,
    3.5925662517547607,
    3.4802916049957275,
    3.1008026599884033,
    3.3087639808654785,
    2.9150359630584717,
    2.9328880310058594,
    3.134995698928833,
    2.965179204940796,
    2.8584396839141846,
    2.9003427028656006,
    3.037564277648926,
    2.845200300216675,
    2.788999557495117,
    2.7829160690307617,
    2.6850781440734863,
    2.6307218074798584,
    2.5169827938079834,
    2.6792778968811035,
    2.72658109664917,
    2.4963791370391846,
    2.62192702293396,
    2.6173362731933594,
    2.428107500076294,
    2.414572238922119,
    2.6539573669433594,
    2.3462862968444824,
    2.49405837059021,
    2.3844103813171387,
    2.3619701862335205,
    2.360917329788208,
    2.3481061458587646,
    2.3252370357513428,
    2.250412940979004,
    2.2090208530426025,
    2.3554046154022217,
    2.197443723678589,
    2.3002331256866455,
    2.194171905517578,
    2.183950662612915,
    2.0936694145202637,
    2.1716771125793457,
    2.1978368759155273,
    2.0589303970336914,
    2.1619760990142822,
    2.286278247833252,
    2.0805485248565674
  ],