{
  "apparent_age_avg_loss": [
    32.519927978515625,
    29.912443161010742,
    28.823387145996094,
    28.211200714111328,
    27.151277542114258,
    27.30883026123047,
    25.539608001708984,
    25.292505264282227,
    25.94798469543457,
    28.97159767150879,
    26.224889755249023,
    27.091140747070312,
    24.13669776916504,
    26.366472244262695,
    25.71138572692871,
    25.709609985351562,
    25.503477096557617,
    24.31803321838379,
    23.826135635375977,
    23.60857582092285,
    22.031536102294922,
    22.558801651000977,
    23.071311950683594,
    23.6259822845459,
    23.32499122619629
  ],
  "apparent_age_avg_mean_absolute_error": [
    4.442452430725098,
    4.227466583251953,
    4.133200168609619,
    4.094764709472656,
    4.0716962814331055,
    4.06518030166626,
    3.9327380657196045,
    3.9167892932891846,
    3.9430606365203857,
    4.156837463378906,
    3.98321533203125,
    4.023231029510498,
    3.7809836864471436,
    3.9869749546051025,
    3.932525157928467,
    3.9461069107055664,
    3.9225759506225586,
    3.8056588172912598,
    3.8049561977386475,
    3.762437582015991,
    3.645895004272461,
    3.697007656097412,
    3.739004611968994,
    3.735626220703125,
    3.783433675765991
  ],
  "apparent_age_avg_mean_squared_error": [
    32.519927978515625,
    29.912443161010742,
    28.823387145996094,
    28.211200714111328,
    27.151277542114258,
    27.30883026123047,
    25.539608001708984,
    25.292505264282227,
    25.94798469543457,
    28.97159767150879,
    26.224889755249023,
    27.091140747070312,
    24.13669776916504,
    26.366472244262695,
    25.71138572692871,
    25.709609985351562,
    25.503477096557617,
    24.31803321838379,
    23.826135635375977,
    23.60857582092285,
    22.031536102294922,
    22.558801651000977,
    23.071311950683594,
    23.6259822845459,
    23.32499122619629
  ],
  "apparent_age_std_loss": [
    1.7306115627288818,
    1.789992094039917,
    1.8015724420547485,
    1.742871642112732,
    1.6765718460083008,
    1.7614513635635376,
    1.6434029340744019,
    1.7112247943878174,
    1.7083264589309692,
    1.7560361623764038,
    1.6797746419906616,
    1.617827296257019,
    1.7071737051010132,
    1.758833885192871,
    1.6182668209075928,
    1.7277857065200806,
    1.6900261640548706,
    1.7044192552566528,
    1.6538532972335815,
    1.682026982307434,
    1.6635533571243286,
    1.6577898263931274,
    1.617475986480713,
    1.6834478378295898,
    1.6586987972259521
  ],
  "apparent_age_std_mean_absolute_error": [
    1.0084344148635864,
    1.0146185159683228,
    1.0162043571472168,
    0.9940050840377808,
    0.9855796098709106,
    1.0072715282440186,
    0.9767319560050964,
    0.9893214106559753,
    0.9953458309173584,
    1.0001840591430664,
    0.9864574074745178,
    0.9670695066452026,
    0.9933444261550903,
    1.0019639730453491,
    0.9748647809028625,
    1.004686951637268,
    0.9940801858901978,
    0.9908415675163269,
    0.9783967733383179,
    0.9919115304946899,
    0.9718475937843323,
    0.9772210717201233,
    0.9689854383468628,
    0.9843569397926331,
    0.9777380228042603
  ],
  "apparent_age_std_mean_squared_error": [
    1.7306115627288818,
    1.789992094039917,
    1.8015724420547485,
    1.742871642112732,
    1.6765718460083008,
    1.7614513635635376,
    1.6434029340744019,
    1.7112247943878174,
    1.7083264589309692,
    1.7560361623764038,
    1.6797746419906616,
    1.617827296257019,
    1.7071737051010132,
    1.758833885192871,
    1.6182668209075928,
    1.7277857065200806,
    1.6900261640548706,
    1.7044192552566528,
    1.6538532972335815,
    1.682026982307434,
    1.6635533571243286,
    1.6577898263931274,
    1.617475986480713,
    1.6834478378295898,
    1.6586987972259521
  ],
  "loss": [
    34.347801208496094,
    31.799657821655273,
    30.722156524658203,
    30.051237106323242,
    28.924997329711914,
    29.167402267456055,
    27.28011703491211,
    27.10081672668457,
    27.753376007080078,
    30.82469367980957,
    28.00169563293457,
    28.80599021911621,
    25.940874099731445,
    28.222293853759766,
    27.426631927490234,
    27.534364700317383,
    27.290443420410156,
    26.119386672973633,
    25.576906204223633,
    25.38750648498535,
    23.791973114013672,
    24.313461303710938,
    24.7856388092041,
    25.40628433227539,
    25.080514907836914
  ],
  "val_apparent_age_avg_loss": [
    88.77622985839844,
    84.34098052978516,
    85.29981231689453,
    86.82182312011719,
    84.4483413696289,
    82.78466796875,
    81.95661926269531,
    89.18106842041016,
    82.74235534667969,
    82.8110580444336,
    84.43102264404297,
    84.18486785888672,
    86.62395477294922,
    81.85195922851562,
    82.65023803710938,
    82.6432876586914,
    82.09281158447266,
    80.67984008789062,
    80.91732788085938,
    82.20194244384766,
    81.95764923095703,
    83.37030792236328,
    83.24064636230469,
    82.5667495727539,
    81.87864685058594
  ],
  "val_apparent_age_avg_mean_absolute_error": [
    7.112956523895264,
    6.888684272766113,
    6.927142143249512,
    6.970695495605469,
    6.828129768371582,
    6.80258321762085,
    6.834560394287109,
    7.087813377380371,
    6.827663898468018,
    6.827520370483398,
    6.885727882385254,
    6.857369422912598,
    6.924758434295654,
    6.756163120269775,
    6.756956100463867,
    6.791813850402832,
    6.798282623291016,
    6.7170610427856445,
    6.796059608459473,
    6.735398769378662,
    6.73775053024292,
    6.699277400970459,
    6.793564319610596,
    6.704636573791504,
    6.814213752746582
  ],
  "val_apparent_age_avg_mean_squared_error": [
    88.77622985839844,
    84.34098052978516,
    85.29981231689453,
    86.82182312011719,
    84.4483413696289,
    82.78466796875,
    81.95661926269531,
    89.18106842041016,
    82.74235534667969,
    82.8110580444336,
    84.43102264404297,
    84.18486785888672,
    86.62395477294922,
    81.85195922851562,
    82.65023803710938,
    82.6432876586914,
    82.09281158447266,
    80.67984008789062,
    80.91732788085938,
    82.20194244384766,
    81.95764923095703,
    83.37030792236328,
    83.24064636230469,
    82.5667495727539,
    81.87864685058594
  ],
  "val_apparent_age_std_loss": [
    2.519317150115967,
    2.490701198577881,
    2.4486117362976074,
    2.503140449523926,
    2.560635566711426,
    2.4469735622406006,
    2.4954426288604736,
    2.4867048263549805,
    2.459703207015991,
    2.4858896732330322,
    2.36887526512146,
    2.4828169345855713,
    2.4898128509521484,
    2.482689619064331,
    2.510887861251831,
    2.519683599472046,
    2.4370951652526855,
    2.4561285972595215,
    2.406324625015259,
    2.363497734069824,
    2.5009713172912598,
    2.532188892364502,
    2.4633865356445312,
    2.5029399394989014,
    2.444108724594116
  ],
  "val_apparent_age_std_mean_absolute_error": [
    1.210558295249939,
    1.1867997646331787,
    1.1871739625930786,
    1.1937065124511719,
    1.2098454236984253,
    1.166837453842163,
    1.186834454536438,
    1.1972973346710205,
    1.178974986076355,
    1.18242347240448,
    1.1587834358215332,
    1.18540358543396,
    1.1966288089752197,
    1.1791824102401733,
    1.1887482404708862,
    1.1939345598220825,
    1.1814583539962769,
    1.1760185956954956,
    1.168274164199829,
    1.1634413003921509,
    1.1947789192199707,
    1.1909689903259277,
    1.1783548593521118,
    1.1857167482376099,
    1.1823525428771973
  ],