{
  "apparent_age_avg_loss": [
    48.840049743652344,
    42.57154846191406,
    42.125972747802734,
    41.25173568725586,
    40.41083526611328,
    39.27930450439453,
    38.61513137817383,
    37.51542282104492,
    35.0451545715332,
    39.32146453857422,
    35.12007522583008,
    35.484092712402344,
    37.00594711303711,
    35.80519485473633,
    36.528987884521484,
    35.30107116699219,
    35.663360595703125,
    35.626548767089844,
    36.748207092285156,
    35.082454681396484,
    35.0560417175293,
    33.151058197021484,
    33.19974136352539,
    32.79438400268555,
    34.44574737548828
  ],
  "apparent_age_avg_mean_absolute_error": [
    5.495274543762207,
    5.1055989265441895,
    5.0474395751953125,
    5.0232157707214355,
    4.991140365600586,
    4.846949577331543,
    4.844845294952393,
    4.78645658493042,
    4.595913410186768,
    4.879366874694824,
    4.629201889038086,
    4.658676624298096,
    4.756160736083984,
    4.670957565307617,
    4.695127010345459,
    4.614093780517578,
    4.64638614654541,
    4.667811393737793,
    4.6892242431640625,
    4.624495506286621,
    4.627532958984375,
    4.495675086975098,
    4.4570159912109375,
    4.483162879943848,
    4.619221210479736
  ],
  "apparent_age_avg_mean_squared_error": [
    48.840049743652344,
    42.57154846191406,
    42.125972747802734,
    41.25173568725586,
    40.41083526611328,
    39.27930450439453,
    38.61513137817383,
    37.51542282104492,
    35.0451545715332,
    39.32146453857422,
    35.12007522583008,
    35.484092712402344,
    37.00594711303711,
    35.80519485473633,
    36.528987884521484,
    35.30107116699219,
    35.663360595703125,
    35.626548767089844,
    36.748207092285156,
    35.082454681396484,
    35.0560417175293,
    33.151058197021484,
    33.19974136352539,
    32.79438400268555,
    34.44574737548828
  ],
  "apparent_age_std_loss": [
    1.9806978702545166,
    1.9392385482788086,
    1.9724704027175903,
    1.9664218425750732,
    1.9360792636871338,
    1.8918766975402832,
    1.8441038131713867,
    1.9511263370513916,
    1.8296949863433838,
    1.9819025993347168,
    1.826900839805603,
    1.8317794799804688,
    1.867316722869873,
    1.8721258640289307,
    1.8971067667007446,
    1.854149341583252,
    1.8835293054580688,
    1.8712376356124878,
    1.9075582027435303,
    1.8372721672058105,
    1.8316932916641235,
    1.7962534427642822,
    1.8609306812286377,
    1.8366773128509521,
    1.8163223266601562
  ],
  "apparent_age_std_mean_absolute_error": [
    1.071061134338379,
    1.0668017864227295,
    1.0747592449188232,
    1.076839566230774,
    1.0636982917785645,
    1.0528098344802856,
    1.0302045345306396,
    1.0620783567428589,
    1.0343191623687744,
    1.075085163116455,
    1.0177313089370728,
    1.0314797163009644,
    1.0382027626037598,
    1.045580267906189,
    1.0448706150054932,
    1.03899085521698,
    1.0472482442855835,
    1.045249342918396,
    1.0443198680877686,
    1.0368328094482422,
    1.035843849182129,
    1.0125977993011475,
    1.0312364101409912,
    1.0300551652908325,
    1.0223145484924316
  ],
  "apparent_age_std_mean_squared_error": [
    1.9806978702545166,
    1.9392385482788086,
    1.9724704027175903,
    1.9664218425750732,
    1.9360792636871338,
    1.8918766975402832,
    1.8441038131713867,
    1.9511263370513916,
    1.8296949863433838,
    1.9819025993347168,
    1.826900839805603,
    1.8317794799804688,
    1.867316722869873,
    1.8721258640289307,
    1.8971067667007446,
    1.854149341583252,
    1.8835293054580688,
    1.8712376356124878,
    1.9075582027435303,
    1.8372721672058105,
    1.8316932916641235,
    1.7962534427642822,
    1.8609306812286377,
    1.8366773128509521,
    1.8163223266601562
  ],
  "loss": [
    50.82076644897461,
    44.51078796386719,
    44.098426818847656,
    43.21817398071289,
    42.34693908691406,
    41.17115783691406,
    40.459228515625,
    39.46653747558594,
    36.874855041503906,
    41.30335998535156,
    36.94697952270508,
    37.31587600708008,
    38.873291015625,
    37.67731475830078,
    38.426090240478516,
    37.15522766113281,
    37.54689025878906,
    37.49778747558594,
    38.655765533447266,
    36.919742584228516,
    36.88773727416992,
    34.947303771972656,
    35.06067657470703,
    34.631065368652344,
    36.2620735168457
  ],
  "val_apparent_age_avg_loss": [
    95.12023162841797,
    91.4636459350586,
    94.31973266601562,
    85.85424041748047,
    88.0437240600586,
    93.49479675292969,
    89.4642333984375,
    93.47968292236328,
    87.28407287597656,
    88.8337173461914,
    87.06229400634766,
    87.68904113769531,
    85.55870056152344,
    91.30155181884766,
    86.9380111694336,
    88.21878814697266,
    80.76351165771484,
    85.47701263427734,
    86.50886535644531,
    88.35508728027344,
    88.09546661376953,
    83.94854736328125,
    81.99396514892578,
    82.24378967285156,
    83.41803741455078
  ],
  "val_apparent_age_avg_mean_absolute_error": [
    7.302881717681885,
    7.206832408905029,
    7.335685729980469,
    6.9382147789001465,
    7.057884216308594,
    7.184055328369141,
    7.0811872482299805,
    7.161532878875732,
    7.00091028213501,
    6.991959571838379,
    7.084640979766846,
    7.020973205566406,
    6.931201457977295,
    7.164243698120117,
    6.926779747009277,
    7.09564208984375,
    6.748635768890381,
    6.821116924285889,
    7.028332710266113,
    6.9253740310668945,
    7.053592681884766,
    6.799431324005127,
    6.717331886291504,
    6.800709247589111,
    6.926674842834473
  ],
  "val_apparent_age_avg_mean_squared_error": [
    95.12023162841797,
    91.4636459350586,
    94.31973266601562,
    85.85424041748047,
    88.0437240600586,
    93.49479675292969,
    89.4642333984375,
    93.47968292236328,
    87.28407287597656,
    88.8337173461914,
    87.06229400634766,
    87.68904113769531,
    85.55870056152344,
    91.30155181884766,
    86.9380111694336,
    88.21878814697266,
    80.76351165771484,
    85.47701263427734,
    86.50886535644531,
    88.35508728027344,
    88.09546661376953,
    83.94854736328125,
    81.99396514892578,
    82.24378967285156,
    83.41803741455078
  ],
  "val_apparent_age_std_loss": [
    2.515913724899292,
    2.5171568393707275,
    2.5153496265411377,
    2.470982313156128,
    2.4686882495880127,
    2.4759554862976074,
    2.51554274559021,
    2.5391862392425537,
    2.4678726196289062,
    2.5752949714660645,
    2.5129387378692627,
    2.436969757080078,
    2.4789645671844482,
    2.4644172191619873,
    2.520064353942871,
    2.442296266555786,
    2.388775587081909,
    2.428175210952759,
    2.436169147491455,
    2.5149388313293457,
    2.533369302749634,
    2.3781864643096924,
    2.3822624683380127,
    2.3619771003723145,
    2.378767251968384
  ],
  "val_apparent_age_std_mean_absolute_error": [
    1.184001088142395,
    1.2025854587554932,
    1.2116413116455078,
    1.1837751865386963,
    1.1937229633331299,
    1.1763077974319458,
    1.1998909711837769,
    1.1963320970535278,
    1.186684489250183,
    1.2008365392684937,
    1.1957414150238037,
    1.175289511680603,
    1.17831552028656,
    1.1849509477615356,
    1.1919094324111938,
    1.1853641271591187,
    1.1593830585479736,
    1.1664514541625977,
    1.16324782371521,
    1.1974366903305054,
    1.192556381225586,
    1.1645333766937256,
    1.1631542444229126,
    1.1597298383712769,
    1.168320894241333
  ],