{
  "apparent_age_avg_loss": [
    1036.7869873046875,
    941.042236328125,
    832.211669921875,
    723.9107666015625,
    626.2544555664062,
    543.7438354492188,
    457.66778564453125,
    404.62139892578125,
    341.0079650878906,
    290.83892822265625,
    259.6457214355469,
    215.01609802246094,
    194.36788940429688,
    157.43031311035156,
    152.4807586669922,
    128.14816284179688,
    123.35877227783203,
    107.16358947753906,
    105.05351257324219,
    100.17346954345703,
    94.2349624633789,
    86.53308868408203,
    92.57952880859375,
    87.73637390136719,
    83.5452651977539,
    83.86611938476562,
    80.62031555175781,
    78.71986389160156,
    78.72468566894531,
    73.86717987060547,
    75.7676010131836,
    73.20394134521484,
    73.82108306884766,
    73.60426330566406,
    71.62224578857422,
    69.20496368408203,
    72.0077133178711,
    67.32652282714844,
    64.70642852783203,
    68.57341003417969,
    66.91950988769531,
    64.80426788330078,
    65.18894958496094,
    62.85405349731445,
    64.9625015258789,
    61.59595489501953,
    63.96323013305664,
    56.47087860107422,
    59.57260513305664,
    58.939697265625,
    60.211181640625,
    60.7553825378418,
    58.77989959716797
  ],
  "apparent_age_avg_mean_absolute_error": [
    28.73248863220215,
    27.18818473815918,
    25.3848934173584,
    23.566608428955078,
    21.784936904907227,
    20.18219757080078,
    18.199542999267578,
    16.93511962890625,
    15.285323143005371,
    13.921510696411133,
    12.995170593261719,
    11.578218460083008,
    10.908068656921387,
    9.72540283203125,
    9.444106101989746,
    8.736175537109375,
    8.403183937072754,
    7.920983791351318,
    7.816715240478516,
    7.574990749359131,
    7.4073028564453125,
    7.106053352355957,
    7.3548126220703125,
    7.1814961433410645,
    7.02146577835083,
    7.045129299163818,
    6.878804683685303,
    6.806155204772949,
    6.857730865478516,
    6.608092308044434,
    6.766322612762451,
    6.645972728729248,
    6.677801609039307,
    6.659111499786377,
    6.562841415405273,
    6.514442443847656,
    6.5978193283081055,
    6.385754108428955,
    6.263968467712402,
    6.45011043548584,
    6.296011924743652,
    6.221724510192871,
    6.20031213760376,
    6.208158493041992,
    6.145675182342529,
    6.0959930419921875,
    6.179791450500488,
    5.868370056152344,
    5.995141983032227,
    6.036007404327393,
    6.023146629333496,
    6.065173625946045,
    5.92888879776001
  ],
  "apparent_age_std_loss": [
    0.0,
    0.0,
    0.0,
    0.0,
    0.0,
    0.0,
    0.0,
    0.0,
    0.0,
    0.0,
    0.0,
    0.0,
    0.0,
    0.0,
    0.0,
    0.0,
    0.0,
    0.0,
    0.0,
    0.0,
    0.0,
    0.0,
    0.0,
    0.0,
    0.0,
    0.0,
    0.0,
    0.0,
    0.0,
    0.0,
    0.0,
    0.0,
    0.0,
    0.0,
    0.0,
    0.0,
    0.0,
    0.0,
    0.0,
    0.0,
    0.0,
    0.0,
    0.0,
    0.0,
    0.0,
    0.0,
    0.0,
    0.0,
    0.0,
    0.0,
    0.0,
    0.0,
    0.0
  ],
  "loss": [
    1036.8895263671875,
    941.1445922851562,
    832.3137817382812,
    724.0125122070312,
    626.3561401367188,
    543.8453369140625,
    457.7693176269531,
    404.72259521484375,
    341.1090393066406,
    290.9399719238281,
    259.7467346191406,
    215.11703491210938,
    194.46871948242188,
    157.53109741210938,
    152.58140563964844,
    128.248779296875,
    123.45934295654297,
    107.26407623291016,
    105.1539535522461,
    100.27387237548828,
    94.3353042602539,
    86.63336181640625,
    92.67977142333984,
    87.83660888671875,
    83.64545440673828,
    83.96626281738281,
    80.720458984375,
    78.81999206542969,
    78.82476806640625,
    73.96723175048828,
    75.86766052246094,
    73.30396270751953,
    73.92109680175781,
    73.70428466796875,
    71.72223663330078,
    69.304931640625,
    72.10767364501953,
    67.4264907836914,
    64.80638885498047,
    68.67333221435547,
    67.01943969726562,
    64.9041748046875,
    65.28885650634766,
    62.953948974609375,
    65.06238555908203,
    61.695831298828125,
    64.06310272216797,
    56.57075881958008,
    59.6724739074707,
    59.03956604003906,
    60.31106948852539,
    60.85525131225586,
    58.8797721862793
  ],
  "val_apparent_age_avg_loss": [
    1004.311279296875,
    900.1538696289062,
    792.69921875,
    692.3898315429688,
    598.2623291015625,
    513.6895141601562,
    449.7527160644531,
    387.5584716796875,
    332.9441223144531,
    296.2112731933594,
    255.51930236816406,
    237.4652099609375,
    215.7947998046875,
    186.5579376220703,
    179.9188995361328,
    165.21263122558594,
    159.67259216308594,
    143.0175018310547,
    149.21127319335938,
    139.88650512695312,
    131.99391174316406,
    135.99351501464844,
    129.74270629882812,
    135.58090209960938,
    138.09950256347656,
    135.55113220214844,
    129.20925903320312,
    128.3154754638672,
    132.85537719726562,
    135.95138549804688,
    133.20046997070312,
    133.5196075439453,
    134.0873565673828,
    124.97274780273438,
    127.9917984008789,
    128.86729431152344,
    134.56285095214844,
    127.36226654052734,
    127.70095825195312,
    130.1864471435547,
    131.0293426513672,
    130.89764404296875,
    120.18611907958984,
    130.91419982910156,
    127.58734130859375,
    135.6262969970703,
    132.5284881591797,
    127.91832733154297,
    135.88555908203125,
    130.11456298828125,
    128.06607055664062,
    132.7881622314453,
    128.2592010498047
  ],
  "val_apparent_age_avg_mean_absolute_error": [
    28.096181869506836,
    26.414268493652344,
    24.657974243164062,
    22.841947555541992,
    21.154197692871094,
    19.412649154663086,
    17.91733741760254,
    16.469072341918945,
    14.996930122375488,
    13.862154960632324,
    12.742511749267578,
    12.093892097473145,
    11.506672859191895,
    10.611737251281738,
    10.140802383422852,
    9.67469310760498,
    9.569435119628906,
    9.001420974731445,
    9.103322982788086,
    8.904339790344238,
    8.586905479431152,
    8.755836486816406,
    8.618526458740234,
    8.800251960754395,
    8.865766525268555,
    8.781867027282715,
    8.61910343170166,
    8.685637474060059,
    8.750166893005371,
    8.893006324768066,
    8.609672546386719,
    8.764214515686035,
    8.73261833190918,
    8.506125450134277,
    8.671355247497559,
    8.43089771270752,
    8.731362342834473,
    8.486092567443848,
    8.542501449584961,
    8.65667724609375,
    8.713860511779785,
    8.826546669006348,
    8.461565971374512,
    8.677993774414062,
    8.464369773864746,
    8.773506164550781,
    8.79285717010498,
    8.675814628601074,
    8.811676025390625,
    8.653258323669434,
    8.650221824645996,
    8.809557914733887,
    8.558615684509277
  ],
  "val_apparent_age_std_loss": [
    0.0,
    0.0,
    0.0,
    0.0,
    0.0,
    0.0,
    0.0,
    0.0,
    0.0,
    0.0,
    0.0,
    0.0,
    0.0,
    0.0,
    0.0,
    0.0,
    0.0,
    0.0,
    0.0,
    0.0,
    0.0,
    0.0,
    0.0,
    0.0,
    0.0,
    0.0,
    0.0,
    0.0,
    0.0,
    0.0,
    0.0,
    0.0,
    0.0,
    0.0,
    0.0,
    0.0,
    0.0,
    0.0,
    0.0,
    0.0,
    0.0,
    0.0,
    0.0,
    0.0,
    0.0,
    0.0,
    0.0,
    0.0,
    0.0,
    0.0,
    0.0,
    0.0,
    0.0
  ],