{
  "apparent_age_avg_loss": [
    67.37673950195312,
    32.295936584472656,
    62.90940856933594,
    47.35497283935547,
    50.131202697753906,
    45.361473083496094,
    53.62933349609375,
    30.558645248413086,
    38.94173049926758,
    41.68611145019531,
    52.387718200683594,
    33.738380432128906
  ],
  "apparent_age_avg_mean_absolute_error": [
    7.026296138763428,
    4.291594505310059,
    6.62813138961792,
    5.526452541351318,
    5.620756149291992,
    5.595643997192383,
    5.721261024475098,
    4.7163896560668945,
    5.293161392211914,
    5.254610538482666,
    6.081266403198242,
    4.743499755859375
  ],
  "apparent_age_avg_mean_squared_error": [
    67.37673950195312,
    32.295936584472656,
    62.90940856933594,
    47.35497283935547,
    50.131202697753906,
    45.361473083496094,
    53.62933349609375,
    30.558645248413086,
    38.94173049926758,
    41.68611145019531,
    52.387718200683594,
    33.738380432128906
  ],
  "apparent_age_std_loss": [
    2.989023208618164,
    3.054630994796753,
    3.701096773147583,
    3.2202982902526855,
    2.750696897506714,
    2.469292640686035,
    3.69864559173584,
    3.285982608795166,
    2.862356185913086,
    2.3994216918945312,
    3.389664649963379,
    2.453752040863037
  ],
  "apparent_age_std_mean_absolute_error": [
    1.349947214126587,
    1.2936372756958008,
    1.5301977396011353,
    1.4523282051086426,
    1.2851455211639404,
    1.2561380863189697,
    1.5589709281921387,
    1.4370191097259521,
    1.3465548753738403,
    1.1638634204864502,
    1.405320644378662,
    1.255174994468689
  ],
  "apparent_age_std_mean_squared_error": [
    2.989023208618164,
    3.054630994796753,
    3.701096773147583,
    3.2202982902526855,
    2.750696897506714,
    2.469292640686035,
    3.69864559173584,
    3.285982608795166,
    2.862356185913086,
    2.3994216918945312,
    3.389664649963379,
    2.453752040863037
  ],
  "loss": [
    70.36576080322266,
    35.35057067871094,
    66.61050415039062,
    50.57527160644531,
    52.881900787353516,
    47.83076477050781,
    57.327980041503906,
    33.844627380371094,
    41.80408477783203,
    44.085533142089844,
    55.777381896972656,
    36.192134857177734
  ],
  "val_apparent_age_avg_loss": [
    307.96807861328125,
    272.7962341308594,
    351.63885498046875,
    293.4676513671875,
    313.9837646484375,
    305.7538757324219,
    280.4378356933594,
    320.1988220214844,
    293.8565368652344,
    300.7535400390625,
    310.8712463378906,
    333.65704345703125
  ],
  "val_apparent_age_avg_mean_absolute_error": [
    12.033259391784668,
    11.174861907958984,
    12.606939315795898,
    11.531440734863281,
    12.805299758911133,
    12.01106071472168,
    11.220483779907227,
    12.258529663085938,
    12.110729217529297,
    12.359996795654297,
    11.268836975097656,
    12.35598373413086
  ],
  "val_apparent_age_avg_mean_squared_error": [
    307.96807861328125,
    272.7962341308594,
    351.63885498046875,
    293.4676513671875,
    313.9837646484375,
    305.7538757324219,
    280.4378356933594,
    320.1988220214844,
    293.8565368652344,
    300.7535400390625,
    310.8712463378906,
    333.65704345703125
  ],
  "val_apparent_age_std_loss": [
    4.254189491271973,
    3.796733856201172,
    3.901395320892334,
    4.061075687408447,
    4.984277725219727,
    3.9018146991729736,
    4.39561653137207,
    3.9805517196655273,
    4.91856050491333,
    5.546982288360596,
    4.106292724609375,
    4.735960483551025
  ],
  "val_apparent_age_std_mean_absolute_error": [
    1.754961371421814,
    1.5899608135223389,
    1.6103715896606445,
    1.6709601879119873,
    1.7885122299194336,
    1.6882563829421997,
    1.7647442817687988,
    1.6064229011535645,
    1.8211179971694946,
    2.060896158218384,
    1.5838167667388916,
    1.6941351890563965
  ],
  "val_apparent_age_std_mean_squared_error": [
    4.254189491271973,
    3.796733856201172,
    3.901395320892334,
    4.061075687408447,
    4.984277725219727,
    3.9018146991729736,
    4.39561653137207,
    3.9805517196655273,
    4.91856050491333,
    5.546982288360596,
    4.106292724609375,
    4.735960483551025
  ],
  "val_loss": [
    312.2222595214844,
    276.59295654296875,
    355.5402526855469,
    297.5287170410156,
    318.9680480957031,
    309.65570068359375,
    284.8334655761719,
    324.17938232421875,
    298.77508544921875,
    306.300537109375,
    314.9775390625,
    338.39300537109375
  ]
}