{
  "apparent_age_avg_loss": [
    58.011837005615234,
    55.97943115234375,
    53.82305908203125,
    47.088443756103516,
    43.77578353881836,
    40.38357925415039,
    39.44777297973633,
    43.58820343017578,
    39.21429443359375,
    38.188594818115234,
    37.473628997802734,
    33.21675109863281,
    30.92445182800293,
    36.05645751953125,
    35.479305267333984,
    33.33246994018555,
    39.694580078125,
    31.09768295288086,
    33.334903717041016,
    35.11803436279297,
    32.02954864501953,
    32.877967834472656,
    36.21944808959961,
    36.84305953979492,
    30.58829689025879,
    34.660423278808594,
    32.644283294677734,
    31.953617095947266,
    30.72806739807129,
    29.740633010864258,
    28.841676712036133,
    31.39396858215332,
    27.797595977783203
  ],
  "apparent_age_avg_mean_absolute_error": [
    5.863065719604492,
    5.785869598388672,
    5.6969313621521,
    5.314427375793457,
    5.220775604248047,
    5.004476547241211,
    4.902364730834961,
    5.136433124542236,
    5.003468990325928,
    4.772517204284668,
    4.758399963378906,
    4.541854381561279,
    4.291265487670898,
    4.66230583190918,
    4.655409812927246,
    4.421613693237305,
    4.826204299926758,
    4.399951934814453,
    4.535176753997803,
    4.600077152252197,
    4.431464672088623,
    4.461617469787598,
    4.72142219543457,
    4.680461406707764,
    4.286533832550049,
    4.569526672363281,
    4.556369781494141,
    4.305914878845215,
    4.281971454620361,
    4.3110737800598145,
    4.2471842765808105,
    4.403353214263916,
    4.144510269165039
  ],
  "apparent_age_avg_mean_squared_error": [
    58.011837005615234,
    55.97943115234375,
    53.82305908203125,
    47.088443756103516,
    43.77578353881836,
    40.38357925415039,
    39.44777297973633,
    43.58820343017578,
    39.21429443359375,
    38.188594818115234,
    37.473628997802734,
    33.21675109863281,
    30.92445182800293,
    36.05645751953125,
    35.479305267333984,
    33.33246994018555,
    39.694580078125,
    31.09768295288086,
    33.334903717041016,
    35.11803436279297,
    32.02954864501953,
    32.877967834472656,
    36.21944808959961,
    36.84305953979492,
    30.58829689025879,
    34.660423278808594,
    32.644283294677734,
    31.953617095947266,
    30.72806739807129,
    29.740633010864258,
    28.841676712036133,
    31.39396858215332,
    27.797595977783203
  ],
  "apparent_age_std_loss": [
    2.671436071395874,
    2.5061278343200684,
    2.5721590518951416,
    2.5645241737365723,
    2.52016282081604,
    2.658153533935547,
    2.495481014251709,
    2.425832748413086,
    2.5820865631103516,
    2.68308424949646,
    2.4986534118652344,
    2.462536334991455,
    2.5278728008270264,
    2.509852409362793,
    2.36310076713562,
    2.614316463470459,
    2.3573951721191406,
    2.4293622970581055,
    2.512653350830078,
    2.440274953842163,
    2.273916244506836,
    2.376093864440918,
    2.4206886291503906,
    2.489440679550171,
    2.172403335571289,
    2.5341832637786865,
    2.2941739559173584,
    2.5427756309509277,
    2.3201799392700195,
    2.315544843673706,
    2.3617591857910156,
    2.3534770011901855,
    2.1983766555786133
  ],
  "apparent_age_std_mean_absolute_error": [
    1.2878235578536987,
    1.221846103668213,
    1.2300102710723877,
    1.2070157527923584,
    1.2071479558944702,
    1.2511987686157227,
    1.209141492843628,
    1.183449387550354,
    1.2071301937103271,
    1.2414461374282837,
    1.1967971324920654,
    1.1683721542358398,
    1.2137527465820312,
    1.2186304330825806,
    1.1815223693847656,
    1.2267742156982422,
    1.159793734550476,
    1.187962532043457,
    1.1862837076187134,
    1.181928038597107,
    1.1475255489349365,
    1.1688402891159058,
    1.1665948629379272,
    1.2056931257247925,
    1.132898211479187,
    1.1941161155700684,
    1.1616768836975098,
    1.1862964630126953,
    1.1465257406234741,
    1.1212654113769531,
    1.1490529775619507,
    1.1565418243408203,
    1.1202999353408813
  ],
  "apparent_age_std_mean_squared_error": [
    2.671436071395874,
    2.5061278343200684,
    2.5721590518951416,
    2.5645241737365723,
    2.52016282081604,
    2.658153533935547,
    2.495481014251709,
    2.425832748413086,
    2.5820865631103516,
    2.68308424949646,
    2.4986534118652344,
    2.462536334991455,
    2.5278728008270264,
    2.509852409362793,
    2.36310076713562,
    2.614316463470459,
    2.3573951721191406,
    2.4293622970581055,
    2.512653350830078,
    2.440274953842163,
    2.273916244506836,
    2.376093864440918,
    2.4206886291503906,
    2.489440679550171,
    2.172403335571289,
    2.5341832637786865,
    2.2941739559173584,
    2.5427756309509277,
    2.3201799392700195,
    2.315544843673706,
    2.3617591857910156,
    2.3534770011901855,
    2.1983766555786133
  ],
  "loss": [
    60.783023834228516,
    58.585304260253906,
    56.49496078491211,
    49.752689361572266,
    46.395660400390625,
    43.141441345214844,
    42.04295349121094,
    46.11371994018555,
    41.896060943603516,
    40.97136306762695,
    40.07195281982422,
    35.77894592285156,
    33.551971435546875,
    38.66595458984375,
    37.9420280456543,
    36.046409606933594,
    42.151588439941406,
    33.62664794921875,
    35.94715118408203,
    37.65789794921875,
    34.403045654296875,
    35.35363006591797,
    38.73969650268555,
    39.43204116821289,
    32.8602409362793,
    37.29414367675781,
    35.037986755371094,
    34.595909118652344,
    33.147762298583984,
    32.15568161010742,
    31.302934646606445,
    33.846927642822266,
    30.095447540283203
  ],
  "val_apparent_age_avg_loss": [
    120.61458587646484,
    113.7839584350586,
    117.15938568115234,
    118.70386505126953,
    114.5827407836914,
    108.42035675048828,
    108.25836181640625,
    119.0561752319336,
    110.43621063232422,
    101.3721923828125,
    104.49948120117188,
    102.96541595458984,
    103.31719207763672,
    110.46835327148438,
    106.3836669921875,
    112.56353759765625,
    99.17827606201172,
    102.08675384521484,
    96.61646270751953,
    99.59766387939453,
    96.23114776611328,
    104.58393096923828,
    89.2707748413086,
    109.30160522460938,
    104.47032928466797,
    99.93218994140625,
    95.35515594482422,
    100.0276107788086,
    107.15088653564453,
    92.6996841430664,
    107.1529541015625,
    109.83978271484375,
    104.50115966796875
  ],
  "val_apparent_age_avg_mean_absolute_error": [
    8.594679832458496,
    8.457236289978027,
    8.38036823272705,
    8.205796241760254,
    8.184844970703125,
    7.900489807128906,
    8.145649909973145,
    8.585066795349121,
    8.089898109436035,
    7.852212429046631,
    7.864717960357666,
    7.923495769500732,
    7.901750564575195,
    8.257291793823242,
    7.83910608291626,
    8.106143951416016,
    7.785218715667725,
    7.786462783813477,
    7.623775005340576,
    7.762509822845459,
    7.679159164428711,
    7.89767599105835,
    7.227382183074951,
    8.025403022766113,
    7.900108814239502,
    7.549867153167725,
    7.561260223388672,
    7.690118789672852,
    7.95443868637085,
    7.456489086151123,
    7.984564304351807,
    7.9948859214782715,
    7.73480749130249
  ],