{
  "apparent_age_avg_loss": [
    58.81587219238281,
    58.35410690307617,
    51.93735122680664,
    46.958255767822266,
    51.809139251708984,
    61.040096282958984,
    39.02329635620117,
    54.243717193603516,
    47.711448669433594,
    44.30213165283203,
    47.41209411621094,
    43.51090621948242,
    43.368228912353516,
    44.07054901123047,
    43.866634368896484,
    42.092308044433594,
    43.62405014038086,
    37.98269271850586,
    42.94917297363281,
    46.94570541381836,
    39.480098724365234,
    37.258277893066406,
    41.77092742919922,
    40.464969635009766,
    32.66767120361328,
    51.92701721191406,
    37.50457000732422,
    36.74776840209961
  ],
  "apparent_age_avg_mean_absolute_error": [
    6.044704914093018,
    5.936473369598389,
    5.705090045928955,
    5.327333927154541,
    5.68980598449707,
    6.00095272064209,
    4.9451212882995605,
    5.890975475311279,
    5.38339900970459,
    5.297213554382324,
    5.479256629943848,
    5.172164440155029,
    5.38265323638916,
    5.248812675476074,
    5.28081750869751,
    5.321054935455322,
    5.077890396118164,
    4.965001583099365,
    5.0640177726745605,
    5.425605773925781,
    4.994846820831299,
    4.799351215362549,
    5.229271411895752,
    5.053376197814941,
    4.593078136444092,
    5.696056842803955,
    4.775831699371338,
    4.737613201141357
  ],
  "apparent_age_avg_mean_squared_error": [
    58.81587219238281,
    58.35410690307617,
    51.93735122680664,
    46.958255767822266,
    51.809139251708984,
    61.040096282958984,
    39.02329635620117,
    54.243717193603516,
    47.711448669433594,
    44.30213165283203,
    47.41209411621094,
    43.51090621948242,
    43.368228912353516,
    44.07054901123047,
    43.866634368896484,
    42.092308044433594,
    43.62405014038086,
    37.98269271850586,
    42.94917297363281,
    46.94570541381836,
    39.480098724365234,
    37.258277893066406,
    41.77092742919922,
    40.464969635009766,
    32.66767120361328,
    51.92701721191406,
    37.50457000732422,
    36.74776840209961
  ],
  "apparent_age_std_loss": [
    3.148285150527954,
    3.1044986248016357,
    3.0057992935180664,
    2.9864046573638916,
    3.268195629119873,
    3.138474464416504,
    2.9850478172302246,
    3.373950481414795,
    2.9080209732055664,
    3.308596611022949,
    3.367441415786743,
    2.9432034492492676,
    2.948108673095703,
    2.935307741165161,
    3.040132999420166,
    3.076143503189087,
    2.672112464904785,
    3.0681421756744385,
    3.160149097442627,
    2.9008219242095947,
    2.8313825130462646,
    2.7972664833068848,
    3.1177637577056885,
    3.0145211219787598,
    2.7217814922332764,
    2.8089845180511475,
    3.1327059268951416,
    2.9238193035125732
  ],
  "apparent_age_std_mean_absolute_error": [
    1.3662109375,
    1.3664181232452393,
    1.3542020320892334,
    1.3470492362976074,
    1.3957844972610474,
    1.363689661026001,
    1.3688411712646484,
    1.4504425525665283,
    1.355460524559021,
    1.3886595964431763,
    1.4252787828445435,
    1.3310792446136475,
    1.3352004289627075,
    1.2857407331466675,
    1.3854700326919556,
    1.3399306535720825,
    1.2783780097961426,
    1.3601270914077759,
    1.3574745655059814,
    1.3474342823028564,
    1.2989872694015503,
    1.2870101928710938,
    1.3858367204666138,
    1.3555845022201538,
    1.2635328769683838,
    1.3096474409103394,
    1.3779672384262085,
    1.3357875347137451
  ],
  "apparent_age_std_mean_squared_error": [
    3.148285150527954,
    3.1044986248016357,
    3.0057992935180664,
    2.9864046573638916,
    3.268195629119873,
    3.138474464416504,
    2.9850478172302246,
    3.373950481414795,
    2.9080209732055664,
    3.308596611022949,
    3.367441415786743,
    2.9432034492492676,
    2.948108673095703,
    2.935307741165161,
    3.040132999420166,
    3.076143503189087,
    2.672112464904785,
    3.0681421756744385,
    3.160149097442627,
    2.9008219242095947,
    2.8313825130462646,
    2.7972664833068848,
    3.1177637577056885,
    3.0145211219787598,
    2.7217814922332764,
    2.8089845180511475,
    3.1327059268951416,
    2.9238193035125732
  ],
  "loss": [
    62.0635986328125,
    61.55805206298828,
    55.04259490966797,
    50.04410171508789,
    55.17678451538086,
    64.27801513671875,
    42.107784271240234,
    57.71710205078125,
    50.718910217285156,
    47.710182189941406,
    50.878971099853516,
    46.553550720214844,
    46.41579055786133,
    47.10530090332031,
    47.006202697753906,
    45.26788330078125,
    46.39559555053711,
    41.150264739990234,
    46.208740234375,
    49.94594955444336,
    42.41090393066406,
    40.154964447021484,
    44.98811340332031,
    43.57891082763672,
    35.48886489868164,
    54.835411071777344,
    40.736690521240234,
    39.770999908447266
  ],
  "val_apparent_age_avg_loss": [
    157.3284454345703,
    141.07615661621094,
    173.52676391601562,
    151.6024169921875,
    158.42538452148438,
    153.62026977539062,
    141.56398010253906,
    155.20545959472656,
    141.2552947998047,
    148.4009246826172,
    161.87271118164062,
    165.99526977539062,
    150.72496032714844,
    159.1057586669922,
    136.19229125976562,
    142.81300354003906,
    144.6653594970703,
    134.77713012695312,
    145.38710021972656,
    139.8982391357422,
    143.99710083007812,
    143.77279663085938,
    152.05758666992188,
    139.56297302246094,
    146.86602783203125,
    146.19943237304688,
    144.5438995361328,
    155.27090454101562
  ],
  "val_apparent_age_avg_mean_absolute_error": [
    9.463268280029297,
    8.960776329040527,
    10.42574691772461,
    9.65319538116455,
    9.829549789428711,
    9.460320472717285,
    9.256671905517578,
    9.687093734741211,
    9.129937171936035,
    9.306142807006836,
    9.726903915405273,
    9.786252975463867,
    9.601151466369629,
    9.787522315979004,
    8.894493103027344,
    9.175618171691895,
    9.298181533813477,
    8.997296333312988,
    9.142637252807617,
    9.245086669921875,
    9.57680606842041,
    9.362756729125977,
    9.428004264831543,
    9.14228343963623,
    9.383648872375488,
    9.449376106262207,
    9.624543190002441,
    9.628152847290039
  ],
  "val_apparent_age_avg_mean_squared_error": [
    157.3284454345703,
    141.07615661621094,
    173.52676391601562,
    151.6024169921875,
    158.42538452148438,
    153.62026977539062,
    141.56398010253906,
    155.20545959472656,
    141.2552947998047,
    148.4009246826172,
    161.87271118164062,
    165.99526977539062,
    150.72496032714844,
    159.1057586669922,
    136.19229125976562,
    142.81300354003906,
    144.6653594970703,
    134.77713012695312,
    145.38710021972656,
    139.8982391357422,
    143.99710083007812,
    143.77279663085938,
    152.05758666992188,
    139.56297302246094,
    146.86602783203125,
    146.19943237304688,
    144.5438995361328,
    155.27090454101562
  ],
  "val_apparent_age_std_loss": [
    4.2884063720703125,
    4.30889368057251,
    4.376239776611328,
    4.1278181076049805,
    4.6756134033203125,
    3.7276904582977295,
    3.893883228302002,
    3.865952253341675,
    3.5885939598083496,
    4.292481899261475,
    4.518074989318848,
    4.114860534667969,
    4.8981804847717285,
    4.159355163574219,
    3.414815902709961,
    4.221487522125244,
    4.000848293304443,
    4.487288475036621,
    4.302443981170654,
    4.664440155029297,
    4.171041965484619,
    3.9623942375183105,
    4.532088279724121,
    3.7520053386688232,
    3.832501173019409,
    4.021306991577148,
    4.331264019012451,
    4.859941005706787
  ],