{
  "apparent_age_avg_loss": [
    880.93994140625,
    810.09423828125,
    856.3648681640625,
    849.1424560546875,
    895.9825439453125,
    869.980712890625,
    844.7467041015625,
    890.2659301757812,
    754.01904296875,
    886.9450073242188,
    748.2286376953125,
    895.08837890625,
    845.7385864257812,
    867.5660400390625,
    860.0070190429688,
    863.7682495117188,
    798.6123046875
  ],
  "apparent_age_avg_mean_absolute_error": [
    27.242477416992188,
    25.380084991455078,
    26.698200225830078,
    26.604324340820312,
    27.332555770874023,
    27.105670928955078,
    26.21634292602539,
    27.459243774414062,
    24.932031631469727,
    27.292884826660156,
    24.847013473510742,
    27.598648071289062,
    26.405683517456055,
    26.87209701538086,
    27.035125732421875,
    27.153499603271484,
    25.82082748413086
  ],
  "apparent_age_avg_mean_squared_error": [
    880.93994140625,
    810.09423828125,
    856.3648681640625,
    849.1424560546875,
    895.9825439453125,
    869.980712890625,
    844.7467041015625,
    890.2659301757812,
    754.01904296875,
    886.9450073242188,
    748.2286376953125,
    895.08837890625,
    845.7385864257812,
    867.5660400390625,
    860.0070190429688,
    863.7682495117188,
    798.6123046875
  ],
  "apparent_age_std_loss": [
    10.857110977172852,
    8.552748680114746,
    8.683305740356445,
    9.944498062133789,
    10.040736198425293,
    10.44659423828125,
    8.28927993774414,
    10.116374969482422,
    7.898991107940674,
    9.897340774536133,
    9.013933181762695,
    9.039642333984375,
    9.644041061401367,
    9.609601020812988,
    9.51169204711914,
    9.912368774414062,
    8.715409278869629
  ],
  "apparent_age_std_mean_absolute_error": [
    2.793745994567871,
    2.4486024379730225,
    2.477330207824707,
    2.7001566886901855,
    2.688019275665283,
    2.75860595703125,
    2.45181941986084,
    2.6972475051879883,
    2.3865671157836914,
    2.7067208290100098,
    2.4826102256774902,
    2.5266330242156982,
    2.605217933654785,
    2.6102423667907715,
    2.636188268661499,
    2.6725807189941406,
    2.505958318710327
  ],
  "apparent_age_std_mean_squared_error": [
    10.857110977172852,
    8.552748680114746,
    8.683305740356445,
    9.944498062133789,
    10.040736198425293,
    10.44659423828125,
    8.28927993774414,
    10.116374969482422,
    7.898991107940674,
    9.897340774536133,
    9.013933181762695,
    9.039642333984375,
    9.644041061401367,
    9.609601020812988,
    9.51169204711914,
    9.912368774414062,
    8.715409278869629
  ],
  "loss": [
    891.899169921875,
    818.7490844726562,
    865.1503295898438,
    859.1890869140625,
    906.1254272460938,
    880.5294189453125,
    853.1381225585938,
    900.4844360351562,
    762.0201416015625,
    896.9444580078125,
    757.3447265625,
    904.230224609375,
    855.4847412109375,
    877.2777099609375,
    869.620849609375,
    873.78271484375,
    807.4296875
  ],
  "val_apparent_age_avg_loss": [
    1185.76513671875,
    1163.4434814453125,
    1183.152587890625,
    1148.693115234375,
    1189.9232177734375,
    1165.33251953125,
    1128.8028564453125,
    1168.4453125,
    1156.9364013671875,
    1169.716064453125,
    1165.90234375,
    1150.056640625,
    1177.2490234375,
    1166.02392578125,
    1157.2620849609375,
    1159.9908447265625,
    1152.90234375
  ],
  "val_apparent_age_avg_mean_absolute_error": [
    28.965923309326172,
    28.861339569091797,
    29.016616821289062,
    28.829914093017578,
    29.33963394165039,
    28.89854621887207,
    28.778621673583984,
    29.0433349609375,
    28.787883758544922,
    29.01371192932129,
    28.976547241210938,
    28.73954963684082,
    29.07406234741211,
    28.92129898071289,
    28.815185546875,
    28.87564468383789,
    28.698387145996094
  ],
  "val_apparent_age_avg_mean_squared_error": [
    1185.76513671875,
    1163.4434814453125,
    1183.152587890625,
    1148.693115234375,
    1189.9232177734375,
    1165.33251953125,
    1128.8028564453125,
    1168.4453125,
    1156.9364013671875,
    1169.716064453125,
    1165.90234375,
    1150.056640625,
    1177.2490234375,
    1166.02392578125,
    1157.2620849609375,
    1159.9908447265625,
    1152.90234375
  ],
  "val_apparent_age_std_loss": [
    7.236288547515869,
    7.757302284240723,
    7.41867208480835,
    7.729097366333008,
    6.7563629150390625,
    7.25222110748291,
    6.8847198486328125,
    8.26629638671875,
    7.852644443511963,
    7.784983158111572,
    6.6022562980651855,
    7.947357177734375,
    6.4352006912231445,
    7.119901657104492,
    7.552836894989014,
    6.732178211212158,
    7.905220031738281
  ],
  "val_apparent_age_std_mean_absolute_error": [
    2.2594809532165527,
    2.2517151832580566,
    2.1902339458465576,
    2.307803153991699,
    2.132383346557617,
    2.074270486831665,
    2.129906177520752,
    2.372889518737793,
    2.2492270469665527,
    2.12880802154541,
    2.167365550994873,
    2.2087297439575195,
    1.994990587234497,
    2.198709011077881,
    2.18583083152771,
    2.039008855819702,
    2.214555263519287
  ],
  "val_apparent_age_std_mean_squared_error": [
    7.236288547515869,
    7.757302284240723,
    7.41867208480835,
    7.729097366333008,
    6.7563629150390625,
    7.25222110748291,
    6.8847198486328125,
    8.26629638671875,
    7.852644443511963,
    7.784983158111572,
    6.6022562980651855,
    7.947357177734375,
    6.4352006912231445,
    7.119901657104492,
    7.552836894989014,
    6.732178211212158,
    7.905220031738281
  ],
  "val_loss": [
    1193.1036376953125,
    1171.302978515625,
    1190.6734619140625,
    1156.5244140625,
    1196.78173828125,
    1172.6868896484375,
    1135.789794921875,
    1176.8138427734375,
    1164.8912353515625,
    1177.603271484375,
    1172.6068115234375,
    1158.106201171875,
    1183.786376953125,
    1173.2459716796875,
    1164.9171142578125,
    1166.8251953125,
    1160.9097900390625
  ]
}