{
  "apparent_age_avg_loss": [
    48.561344146728516,
    54.1976432800293,
    43.939109802246094,
    37.47072219848633,
    53.80951690673828,
    54.96004867553711,
    44.07318115234375,
    41.37983322143555,
    37.8501091003418,
    46.73120880126953,
    53.46464920043945,
    32.225318908691406,
    35.40248489379883,
    35.98062515258789,
    45.33159637451172,
    37.696495056152344,
    40.342124938964844,
    33.14116668701172,
    32.49707794189453,
    33.41157531738281,
    37.895320892333984,
    35.44856643676758,
    34.677303314208984,
    37.91139602661133,
    43.214820861816406,
    40.087120056152344,
    30.60115623474121,
    34.46877670288086,
    40.51230239868164,
    37.36356735229492,
    35.044246673583984,
    41.61642074584961,
    28.164033889770508,
    28.65749168395996,
    31.988962173461914,
    36.58266067504883
  ],
  "apparent_age_avg_mean_absolute_error": [
    5.549530029296875,
    5.765232563018799,
    5.242734432220459,
    4.791942596435547,
    5.8040337562561035,
    5.93862247467041,
    5.215230464935303,
    5.070420742034912,
    4.860960483551025,
    5.326048851013184,
    5.3803911209106445,
    4.433783054351807,
    4.6654744148254395,
    4.765275001525879,
    5.469000339508057,
    4.761618137359619,
    5.105440616607666,
    4.56718111038208,
    4.515425682067871,
    4.522035121917725,
    4.7249979972839355,
    4.792384147644043,
    4.687413692474365,
    5.034976959228516,
    5.11902379989624,
    5.004400730133057,
    4.34616231918335,
    4.658636569976807,
    5.082130432128906,
    4.765441417694092,
    4.592128753662109,
    5.231558799743652,
    4.297722339630127,
    4.242005825042725,
    4.515120506286621,
    4.720047950744629
  ],
  "apparent_age_avg_mean_squared_error": [
    48.561344146728516,
    54.1976432800293,
    43.939109802246094,
    37.47072219848633,
    53.80951690673828,
    54.96004867553711,
    44.07318115234375,
    41.37983322143555,
    37.8501091003418,
    46.73120880126953,
    53.46464920043945,
    32.225318908691406,
    35.40248489379883,
    35.98062515258789,
    45.33159637451172,
    37.696495056152344,
    40.342124938964844,
    33.14116668701172,
    32.49707794189453,
    33.41157531738281,
    37.895320892333984,
    35.44856643676758,
    34.677303314208984,
    37.91139602661133,
    43.214820861816406,
    40.087120056152344,
    30.60115623474121,
    34.46877670288086,
    40.51230239868164,
    37.36356735229492,
    35.044246673583984,
    41.61642074584961,
    28.164033889770508,
    28.65749168395996,
    31.988962173461914,
    36.58266067504883
  ],
  "apparent_age_std_loss": [
    2.397538900375366,
    2.6938750743865967,
    2.55228853225708,
    2.9594922065734863,
    2.705315351486206,
    2.4650235176086426,
    2.617621898651123,
    2.599252700805664,
    2.771305561065674,
    2.36594557762146,
    3.069410562515259,
    2.4125592708587646,
    2.409395217895508,
    2.426177978515625,
    2.647564172744751,
    2.6789939403533936,
    2.3028576374053955,
    2.877192258834839,
    2.405742645263672,
    2.384559392929077,
    2.6061599254608154,
    2.051997661590576,
    2.6674118041992188,
    2.193267345428467,
    2.3073902130126953,
    2.798292875289917,
    2.830761432647705,
    2.45766282081604,
    2.648376226425171,
    2.628028392791748,
    2.5190823078155518,
    2.043619155883789,
    3.006993532180786,
    2.135469436645508,
    2.341909646987915,
    2.4324100017547607
  ],
  "apparent_age_std_mean_absolute_error": [
    1.1802111864089966,
    1.2261639833450317,
    1.22429358959198,
    1.3144798278808594,
    1.251424789428711,
    1.2274888753890991,
    1.235878586769104,
    1.2708008289337158,
    1.2917295694351196,
    1.21142578125,
    1.317556619644165,
    1.1784056425094604,
    1.1993534564971924,
    1.2060067653656006,
    1.2375904321670532,
    1.2746645212173462,
    1.2415555715560913,
    1.2672498226165771,
    1.2204771041870117,
    1.1858564615249634,
    1.2273701429367065,
    1.13518226146698,
    1.2554670572280884,
    1.175396203994751,
    1.16845703125,
    1.29212486743927,
    1.223610758781433,
    1.2290984392166138,
    1.2318823337554932,
    1.2288140058517456,
    1.2026013135910034,
    1.1211144924163818,
    1.2420850992202759,
    1.1095954179763794,
    1.157815933227539,
    1.1920479536056519
  ],
  "apparent_age_std_mean_squared_error": [
    2.397538900375366,
    2.6938750743865967,
    2.55228853225708,
    2.9594922065734863,
    2.705315351486206,
    2.4650235176086426,
    2.617621898651123,
    2.599252700805664,
    2.771305561065674,
    2.36594557762146,
    3.069410562515259,
    2.4125592708587646,
    2.409395217895508,
    2.426177978515625,
    2.647564172744751,
    2.6789939403533936,
    2.3028576374053955,
    2.877192258834839,
    2.405742645263672,
    2.384559392929077,
    2.6061599254608154,
    2.051997661590576,
    2.6674118041992188,
    2.193267345428467,
    2.3073902130126953,
    2.798292875289917,
    2.830761432647705,
    2.45766282081604,
    2.648376226425171,
    2.628028392791748,
    2.5190823078155518,
    2.043619155883789,
    3.006993532180786,
    2.135469436645508,
    2.341909646987915,
    2.4324100017547607
  ],
  "loss": [
    50.95888137817383,
    56.891517639160156,
    46.491397857666016,
    40.43021011352539,
    56.51483154296875,
    57.42507553100586,
    46.69080352783203,
    43.979087829589844,
    40.621421813964844,
    49.0971565246582,
    56.534053802490234,
    34.637874603271484,
    37.8118782043457,
    38.40679931640625,
    47.979156494140625,
    40.37548828125,
    42.64498519897461,
    36.01836013793945,
    34.90282440185547,
    35.79613494873047,
    40.50148391723633,
    37.50056838989258,
    37.3447151184082,
    40.10466766357422,
    45.522212982177734,
    42.88541030883789,
    33.43191909790039,
    36.92644500732422,
    43.16067886352539,
    39.991600036621094,
    37.563331604003906,
    43.66004180908203,
    31.1710262298584,
    30.7929630279541,
    34.33087158203125,
    39.015071868896484
  ],
  "val_apparent_age_avg_loss": [
    168.24610900878906,
    165.8330841064453,
    185.9562225341797,
    169.63681030273438,
    171.7936553955078,
    187.53729248046875,
    172.5006561279297,
    153.35891723632812,
    200.7495880126953,
    151.63796997070312,
    175.52587890625,
    149.64210510253906,
    153.56744384765625,
    162.43324279785156,
    162.8994140625,
    144.69003295898438,
    174.91587829589844,
    173.2964324951172,
    185.6361846923828,
    179.094482421875,
    170.74937438964844,
    157.77894592285156,
    170.9488067626953,
    159.9143829345703,
    166.7838897705078,
    143.8609161376953,
    154.8882598876953,
    160.43138122558594,
    174.5290069580078,
    151.1046600341797,
    155.04161071777344,
    180.9364776611328,
    159.3259735107422,
    166.29383850097656,
    165.49371337890625,
    173.1752471923828
  ],
  "val_apparent_age_avg_mean_absolute_error": [
    9.333876609802246,
    9.39261245727539,
    9.901165008544922,
    9.482177734375,
    9.643733024597168,
    10.307888984680176,
    9.969036102294922,
    9.291799545288086,
    10.46359634399414,
    9.299983024597168,
    9.535722732543945,
    8.787029266357422,
    9.23601245880127,
    9.716551780700684,
    9.594075202941895,
    9.22680950164795,
    10.024918556213379,
    9.85554027557373,
    9.756214141845703,
    9.875679969787598,
    10.016140937805176,
    9.553437232971191,
    9.973814964294434,
    9.346622467041016,
    9.481192588806152,
    9.007588386535645,
    9.133111000061035,
    9.535658836364746,
    9.815062522888184,
    9.174788475036621,
    9.110703468322754,
    9.564074516296387,
    9.644227981567383,
    9.453801155090332,
    9.48058795928955,
    9.751628875732422
  ],