{
  "apparent_age_avg_loss": [
    1018.7234497070312,
    854.5238647460938,
    695.4224243164062,
    553.4130859375,
    452.4131774902344,
    357.9154052734375,
    287.59100341796875,
    232.4386749267578,
    192.81556701660156,
    159.4550018310547,
    134.8382568359375,
    119.5058822631836,
    110.92953491210938,
    105.36145782470703,
    97.05142211914062,
    98.0603256225586,
    88.75655364990234,
    89.67357635498047,
    84.31336212158203,
    88.93132019042969,
    82.62857055664062,
    82.2216567993164,
    82.13784790039062,
    79.22277069091797,
    78.82611083984375,
    78.79910278320312,
    80.17893981933594,
    78.47850036621094,
    74.81277465820312,
    77.55127716064453,
    71.49752807617188,
    71.91934967041016,
    73.097412109375,
    73.37718200683594,
    69.34417724609375,
    66.9963607788086,
    68.42704772949219,
    69.38336181640625,
    67.61821746826172,
    67.16366577148438,
    69.20759582519531,
    65.47806549072266,
    61.565773010253906,
    60.09751510620117,
    61.28252410888672,
    61.02165222167969,
    62.02850341796875,
    66.7157211303711,
    61.60908126831055,
    60.248775482177734
  ],
  "apparent_age_avg_mean_absolute_error": [
    28.342853546142578,
    25.75926971435547,
    23.040136337280273,
    20.274492263793945,
    18.01839256286621,
    15.709832191467285,
    13.900899887084961,
    12.144346237182617,
    10.858489990234375,
    9.673577308654785,
    8.891809463500977,
    8.312408447265625,
    7.9088897705078125,
    7.72426700592041,
    7.520605564117432,
    7.592991828918457,
    7.233926773071289,
    7.311001777648926,
    7.117489337921143,
    7.192873477935791,
    7.06250524520874,
    7.01661491394043,
    7.001002311706543,
    6.869376182556152,
    6.826548099517822,
    6.820685863494873,
    6.922125339508057,
    6.8630218505859375,
    6.684601783752441,
    6.812317371368408,
    6.468813419342041,
    6.572020053863525,
    6.59958553314209,
    6.663286209106445,
    6.508598327636719,
    6.381564140319824,
    6.368765830993652,
    6.403064727783203,
    6.406657695770264,
    6.3620500564575195,
    6.43451452255249,
    6.3038740158081055,
    6.090117931365967,
    5.989558696746826,
    6.108242511749268,
    6.1001176834106445,
    6.091060638427734,
    6.290582656860352,
    6.081386089324951,
    6.059100151062012
  ],
  "apparent_age_std_loss": [
    0.0,
    0.0,
    0.0,
    0.0,
    0.0,
    0.0,
    0.0,
    0.0,
    0.0,
    0.0,
    0.0,
    0.0,
    0.0,
    0.0,
    0.0,
    0.0,
    0.0,
    0.0,
    0.0,
    0.0,
    0.0,
    0.0,
    0.0,
    0.0,
    0.0,
    0.0,
    0.0,
    0.0,
    0.0,
    0.0,
    0.0,
    0.0,
    0.0,
    0.0,
    0.0,
    0.0,
    0.0,
    0.0,
    0.0,
    0.0,
    0.0,
    0.0,
    0.0,
    0.0,
    0.0,
    0.0,
    0.0,
    0.0,
    0.0,
    0.0
  ],
  "loss": [
    1018.8256225585938,
    854.625732421875,
    695.5242309570312,
    553.5146484375,
    452.5145263671875,
    358.0167236328125,
    287.6922302246094,
    232.53961181640625,
    192.91644287109375,
    159.55580139160156,
    134.93896484375,
    119.60648345947266,
    111.03007507324219,
    105.46190643310547,
    97.15184783935547,
    98.16069030761719,
    88.85684967041016,
    89.77384185791016,
    84.4135971069336,
    89.03150939941406,
    82.72874450683594,
    82.32177734375,
    82.23796081542969,
    79.32286071777344,
    78.92617797851562,
    78.89916229248047,
    80.27900695800781,
    78.57854461669922,
    74.91282653808594,
    77.65131378173828,
    71.59756469726562,
    72.01939392089844,
    73.1974105834961,
    73.47721862792969,
    69.44419860839844,
    67.09638214111328,
    68.52708435058594,
    69.48339080810547,
    67.71826934814453,
    67.26374053955078,
    69.30767822265625,
    65.57817077636719,
    61.6658935546875,
    60.19764709472656,
    61.38265609741211,
    61.121788024902344,
    62.12868118286133,
    66.81586456298828,
    61.709285736083984,
    60.3489990234375
  ],
  "val_apparent_age_avg_loss": [
    947.2378540039062,
    784.4359741210938,
    632.8446044921875,
    511.2102966308594,
    413.6809387207031,
    335.12042236328125,
    281.148681640625,
    232.2379608154297,
    199.52647399902344,
    165.3553466796875,
    157.55328369140625,
    145.1002197265625,
    144.626220703125,
    138.1885528564453,
    126.20704650878906,
    132.49066162109375,
    128.0268096923828,
    129.05001831054688,
    131.41436767578125,
    127.11257934570312,
    132.89474487304688,
    130.3561248779297,
    123.42665100097656,
    122.56536102294922,
    122.41361236572266,
    123.37653350830078,
    128.68939208984375,
    122.4046630859375,
    127.77669525146484,
    123.49609375,
    124.2408447265625,
    125.56607055664062,
    121.5921630859375,
    125.92330932617188,
    126.67850494384766,
    122.79417419433594,
    120.26775360107422,
    128.31512451171875,
    122.7154541015625,
    119.60318756103516,
    124.211181640625,
    127.10259246826172,
    121.36611938476562,
    126.98768615722656,
    122.2344970703125,
    122.00736236572266,
    127.38388061523438,
    127.82736206054688,
    125.2393798828125,
    126.78347778320312
  ],
  "val_apparent_age_avg_mean_absolute_error": [
    27.17561149597168,
    24.517932891845703,
    21.791839599609375,
    19.23639678955078,
    17.001314163208008,
    15.005111694335938,
    13.389769554138184,
    12.058820724487305,
    10.871331214904785,
    9.795415878295898,
    9.503015518188477,
    9.06360149383545,
    9.062604904174805,
    8.874140739440918,
    8.368875503540039,
    8.667927742004395,
    8.624248504638672,
    8.644607543945312,
    8.66045093536377,
    8.586593627929688,
    8.819215774536133,
    8.825571060180664,
    8.438364028930664,
    8.606014251708984,
    8.414807319641113,
    8.47793197631836,
    8.615854263305664,
    8.437408447265625,
    8.614832878112793,
    8.4887113571167,
    8.452520370483398,
    8.420019149780273,
    8.428955078125,
    8.575760841369629,
    8.47287654876709,
    8.402443885803223,
    8.340904235839844,
    8.567924499511719,
    8.38809585571289,
    8.295296669006348,
    8.423983573913574,
    8.505125045776367,
    8.369678497314453,
    8.457012176513672,
    8.424520492553711,
    8.380735397338867,
    8.47509479522705,
    8.612227439880371,
    8.554277420043945,
    8.439403533935547
  ],
  "val_apparent_age_std_loss": [
    0.0,
    0.0,
    0.0,
    0.0,
    0.0,
    0.0,
    0.0,
    0.0,
    0.0,
    0.0,
    0.0,
    0.0,
    0.0,
    0.0,
    0.0,
    0.0,
    0.0,
    0.0,
    0.0,
    0.0,
    0.0,
    0.0,
    0.0,
    0.0,
    0.0,
    0.0,
    0.0,
    0.0,
    0.0,
    0.0,
    0.0,
    0.0,
    0.0,
    0.0,
    0.0,
    0.0,
    0.0,
    0.0,
    0.0,
    0.0,
    0.0,
    0.0,
    0.0,
    0.0,
    0.0,
    0.0,
    0.0,
    0.0,
    0.0,
    0.0
  ],