{
  "apparent_age_avg_loss": [
    169.2108612060547,
    121.44921112060547,
    109.12155151367188,
    103.43634796142578,
    93.03544616699219,
    88.95909118652344,
    86.6205825805664,
    77.33531951904297,
    78.4516372680664,
    74.02729797363281,
    73.65400695800781,
    71.0651626586914,
    66.97264099121094,
    65.99087524414062,
    63.418514251708984,
    60.76362609863281,
    64.67863464355469,
    58.259666442871094,
    55.6988410949707,
    55.161094665527344,
    53.748531341552734,
    54.64471435546875,
    52.1980094909668,
    50.868675231933594,
    50.07835006713867,
    46.51961135864258,
    47.024749755859375,
    47.81065368652344,
    45.18854522705078,
    46.761558532714844,
    45.93833541870117,
    42.77479934692383,
    42.02397537231445,
    44.22505569458008,
    42.7150993347168,
    42.68311309814453,
    43.60896301269531,
    41.04835891723633,
    40.004478454589844,
    39.662506103515625,
    40.08305740356445,
    40.918182373046875,
    40.41669464111328,
    38.164398193359375,
    39.54952621459961,
    38.81388854980469,
    39.611656188964844,
    38.3443603515625,
    37.22610092163086,
    36.549259185791016,
    36.46775817871094,
    37.80522155761719,
    37.4923210144043,
    33.730037689208984,
    35.46464920043945,
    34.73012161254883
  ],
  "apparent_age_avg_mean_absolute_error": [
    10.073465347290039,
    8.63891887664795,
    8.090035438537598,
    7.942680835723877,
    7.4806694984436035,
    7.334899425506592,
    7.191824436187744,
    6.857204914093018,
    6.864982604980469,
    6.662266254425049,
    6.651012420654297,
    6.57118558883667,
    6.35909366607666,
    6.297938346862793,
    6.183286666870117,
    6.057830810546875,
    6.240643501281738,
    5.970593452453613,
    5.812701225280762,
    5.838005542755127,
    5.721170425415039,
    5.76530647277832,
    5.644248008728027,
    5.5795111656188965,
    5.508803367614746,
    5.312905311584473,
    5.362541675567627,
    5.3833417892456055,
    5.245923042297363,
    5.288040637969971,
    5.312074661254883,
    5.146050930023193,
    5.050393104553223,
    5.2015838623046875,
    5.0582966804504395,
    5.157739162445068,
    5.16300106048584,
    4.972734451293945,
    4.920531749725342,
    4.932197093963623,
    4.894829750061035,
    4.984333038330078,
    4.957486152648926,
    4.815215110778809,
    4.9154486656188965,
    4.885903835296631,
    4.873444080352783,
    4.837955951690674,
    4.730562210083008,
    4.691161632537842,
    4.672348976135254,
    4.791269302368164,
    4.74796724319458,
    4.5194830894470215,
    4.636954307556152,
    4.567104816436768
  ],
  "apparent_age_avg_mean_squared_error": [
    169.2108612060547,
    121.44921112060547,
    109.12155151367188,
    103.43634796142578,
    93.03544616699219,
    88.95909118652344,
    86.6205825805664,
    77.33531951904297,
    78.4516372680664,
    74.02729797363281,
    73.65400695800781,
    71.0651626586914,
    66.97264099121094,
    65.99087524414062,
    63.418514251708984,
    60.76362609863281,
    64.67863464355469,
    58.259666442871094,
    55.6988410949707,
    55.161094665527344,
    53.748531341552734,
    54.64471435546875,
    52.1980094909668,
    50.868675231933594,
    50.07835006713867,
    46.51961135864258,
    47.024749755859375,
    47.81065368652344,
    45.18854522705078,
    46.761558532714844,
    45.93833541870117,
    42.77479934692383,
    42.02397537231445,
    44.22505569458008,
    42.7150993347168,
    42.68311309814453,
    43.60896301269531,
    41.04835891723633,
    40.004478454589844,
    39.662506103515625,
    40.08305740356445,
    40.918182373046875,
    40.41669464111328,
    38.164398193359375,
    39.54952621459961,
    38.81388854980469,
    39.611656188964844,
    38.3443603515625,
    37.22610092163086,
    36.549259185791016,
    36.46775817871094,
    37.80522155761719,
    37.4923210144043,
    33.730037689208984,
    35.46464920043945,
    34.73012161254883
  ],
  "apparent_age_std_loss": [
    8.875688552856445,
    3.752533435821533,
    3.3842148780822754,
    3.2235426902770996,
    2.96420955657959,
    2.904052972793579,
    2.8167614936828613,
    2.7791316509246826,
    2.700880527496338,
    2.552089214324951,
    2.5616164207458496,
    2.5654184818267822,
    2.5082404613494873,
    2.347709894180298,
    2.4187538623809814,
    2.3400790691375732,
    2.349095582962036,
    2.252815008163452,
    2.2500903606414795,
    2.222064971923828,
    2.1596622467041016,
    2.1984291076660156,
    2.1951191425323486,
    2.091679811477661,
    2.1226933002471924,
    2.082735061645508,
    2.049715280532837,
    2.0387327671051025,
    2.0080246925354004,
    2.0691938400268555,
    2.036332130432129,
    1.9871407747268677,
    1.9628021717071533,
    2.0157113075256348,
    2.0078043937683105,
    1.9363819360733032,
    2.008178949356079,
    1.972515344619751,
    1.9393197298049927,
    1.9143273830413818,
    1.9220494031906128,
    1.937842607498169,
    1.8966004848480225,
    1.870532512664795,
    1.8241474628448486,
    1.9595149755477905,
    1.9028393030166626,
    1.8961137533187866,
    1.854901909828186,
    1.8395863771438599,
    1.7607581615447998,
    1.8727883100509644,
    1.8250954151153564,
    1.8356051445007324,
    1.8704438209533691,
    1.8102887868881226
  ],
  "apparent_age_std_mean_absolute_error": [
    2.460383176803589,
    1.5165725946426392,
    1.4499337673187256,
    1.408806324005127,
    1.3539916276931763,
    1.3275278806686401,
    1.3058255910873413,
    1.3120222091674805,
    1.2631486654281616,
    1.2354439496994019,
    1.240045428276062,
    1.2292981147766113,
    1.2235071659088135,
    1.17927885055542,
    1.198304295539856,
    1.1765919923782349,
    1.1742961406707764,
    1.152543067932129,
    1.1514276266098022,
    1.1532055139541626,
    1.1286377906799316,
    1.1301990747451782,
    1.1377081871032715,
    1.112921118736267,
    1.1116786003112793,
    1.1081994771957397,
    1.0986889600753784,
    1.0854949951171875,
    1.0926491022109985,
    1.1007078886032104,
    1.0959796905517578,
    1.0715855360031128,
    1.071953535079956,
    1.0820086002349854,
    1.0772141218185425,
    1.0656825304031372,
    1.0870239734649658,
    1.0700438022613525,
    1.0615297555923462,
    1.0558377504348755,
    1.0556883811950684,
    1.0633841753005981,
    1.0546644926071167,
    1.0446281433105469,
    1.0345853567123413,
    1.0692720413208008,
    1.051817536354065,
    1.0445551872253418,
    1.0348881483078003,
    1.0232552289962769,
    1.0243183374404907,
    1.0418416261672974,
    1.0311130285263062,
    1.03304123878479,
    1.0398850440979004,
    1.0281533002853394
  ],