{
  "apparent_age_avg_loss": [
    1095.330078125,
    1033.1737060546875,
    968.495361328125,
    930.820068359375,
    857.5630493164062,
    800.6578979492188,
    740.57763671875,
    683.8926391601562,
    673.9935302734375,
    584.4241333007812,
    536.0354614257812,
    546.4755249023438,
    467.3393249511719,
    451.7679443359375,
    393.3369445800781,
    384.2639465332031,
    346.81268310546875,
    323.3146667480469,
    288.0489807128906,
    297.0946044921875,
    246.402587890625,
    221.2053680419922,
    232.1422119140625,
    198.28440856933594,
    182.0003662109375,
    167.1669464111328,
    147.13275146484375,
    137.11170959472656,
    133.1716766357422,
    121.01980590820312,
    112.97771453857422,
    115.15808868408203,
    106.54238891601562,
    100.25648498535156,
    93.82046508789062,
    88.26467895507812,
    85.52120971679688,
    83.6015853881836,
    72.01927185058594,
    81.05752563476562,
    72.70515441894531,
    73.0705337524414,
    69.99989318847656,
    68.8100357055664,
    74.36800384521484,
    66.85871124267578,
    66.38113403320312,
    61.071414947509766,
    64.31221771240234,
    65.36949157714844,
    60.28065490722656,
    58.60136032104492,
    61.811058044433594,
    59.79069900512695,
    60.375343322753906,
    57.5098876953125,
    53.33226013183594,
    58.961307525634766,
    57.466617584228516,
    54.51958084106445,
    57.16801071166992,
    56.10721206665039,
    51.9138298034668,
    55.047264099121094,
    49.44194030761719,
    50.1434326171875,
    53.21894836425781,
    47.22711181640625,
    52.97908401489258,
    54.7820930480957,
    48.7006721496582,
    49.1175422668457,
    46.4845085144043,
    50.612640380859375,
    49.50447463989258,
    49.75596618652344,
    49.70783615112305
  ],
  "apparent_age_avg_mean_absolute_error": [
    29.69658660888672,
    28.842071533203125,
    27.792795181274414,
    27.076303482055664,
    25.87693214416504,
    25.075305938720703,
    23.915565490722656,
    22.887794494628906,
    22.680503845214844,
    20.793630599975586,
    20.1069393157959,
    20.235750198364258,
    18.250680923461914,
    18.217287063598633,
    16.664369583129883,
    16.461929321289062,
    15.526735305786133,
    14.83484935760498,
    13.902066230773926,
    14.020797729492188,
    12.601598739624023,
    11.852995872497559,
    12.146110534667969,
    11.009578704833984,
    10.662012100219727,
    10.030594825744629,
    9.468291282653809,
    9.142230033874512,
    8.905909538269043,
    8.468505859375,
    8.177010536193848,
    8.227664947509766,
    7.912944316864014,
    7.782175540924072,
    7.43878698348999,
    7.16117525100708,
    6.947134494781494,
    7.0985798835754395,
    6.517495632171631,
    6.889278888702393,
    6.608273983001709,
    6.564826965332031,
    6.474721908569336,
    6.376773834228516,
    6.622990608215332,
    6.372825622558594,
    6.294041156768799,
    6.082235813140869,
    6.162707805633545,
    6.288666248321533,
    6.0300984382629395,
    5.9434814453125,
    6.057206630706787,
    5.974698543548584,
    6.01751708984375,
    5.890846252441406,
    5.652652263641357,
    5.9160051345825195,
    5.846251487731934,
    5.815672397613525,
    5.92720890045166,
    5.875848293304443,
    5.644248962402344,
    5.685344696044922,
    5.506657600402832,
    5.520604610443115,
    5.774194717407227,
    5.378703594207764,
    5.55300760269165,
    5.759453296661377,
    5.435960292816162,
    5.455519676208496,
    5.219630241394043,
    5.576516628265381,
    5.517555236816406,
    5.526545524597168,
    5.433391094207764
  ],
  "apparent_age_std_loss": [
    0.0,
    0.0,
    0.0,
    0.0,
    0.0,
    0.0,
    0.0,
    0.0,
    0.0,
    0.0,
    0.0,
    0.0,
    0.0,
    0.0,
    0.0,
    0.0,
    0.0,
    0.0,
    0.0,
    0.0,
    0.0,
    0.0,
    0.0,
    0.0,
    0.0,
    0.0,
    0.0,
    0.0,
    0.0,
    0.0,
    0.0,
    0.0,
    0.0,
    0.0,
    0.0,
    0.0,
    0.0,
    0.0,
    0.0,
    0.0,
    0.0,
    0.0,
    0.0,
    0.0,
    0.0,
    0.0,
    0.0,
    0.0,
    0.0,
    0.0,
    0.0,
    0.0,
    0.0,
    0.0,
    0.0,
    0.0,
    0.0,
    0.0,
    0.0,
    0.0,
    0.0,
    0.0,
    0.0,
    0.0,
    0.0,
    0.0,
    0.0,
    0.0,
    0.0,
    0.0,
    0.0,
    0.0,
    0.0,
    0.0,
    0.0,
    0.0,
    0.0
  ],
  "loss": [
    1095.4322509765625,
    1033.275634765625,
    968.5974731445312,
    930.9221801757812,
    857.6649169921875,
    800.7596435546875,
    740.6793212890625,
    683.9942016601562,
    674.0950927734375,
    584.5256958007812,
    536.1369018554688,
    546.5768432617188,
    467.4404602050781,
    451.8691711425781,
    393.4381103515625,
    384.364990234375,
    346.9136047363281,
    323.4156494140625,
    288.1498718261719,
    297.19549560546875,
    246.5034637451172,
    221.30616760253906,
    232.242919921875,
    198.3851318359375,
    182.1010284423828,
    167.267578125,
    147.23338317871094,
    137.21231079101562,
    133.272216796875,
    121.12034606933594,
    113.0782241821289,
    115.25856018066406,
    106.6428451538086,
    100.35693359375,
    93.9208755493164,
    88.36508178710938,
    85.6216049194336,
    83.70194244384766,
    72.1196060180664,
    81.15784454345703,
    72.80547332763672,
    73.17082977294922,
    70.10017395019531,
    68.9102783203125,
    74.46822357177734,
    66.95893096923828,
    66.48133087158203,
    61.17161560058594,
    64.4123764038086,
    65.46965789794922,
    60.38081359863281,
    58.70149230957031,
    61.91117858886719,
    59.89081954956055,
    60.47544479370117,
    57.609989166259766,
    53.432334899902344,
    59.06138610839844,
    57.56669235229492,
    54.61964416503906,
    57.26805877685547,
    56.207237243652344,
    52.01385498046875,
    55.14728546142578,
    49.541934967041016,
    50.243431091308594,
    53.318931579589844,
    47.327083587646484,
    53.07905578613281,
    54.88204574584961,
    48.80060958862305,
    49.21749496459961,
    46.584442138671875,
    50.71258544921875,
    49.60439682006836,
    49.85586929321289,
    49.80773162841797
  ],
  "val_apparent_age_avg_loss": [
    1103.6466064453125,
    1047.9442138671875,
    988.4612426757812,
    926.85107421875,
    867.4304809570312,
    822.4574584960938,
    760.2503051757812,
    704.7273559570312,
    659.7412109375,
    612.0687255859375,
    570.719970703125,
    533.4689331054688,
    491.5118713378906,
    452.0566101074219,
    422.0643310546875,
    392.3813781738281,
    364.8332214355469,
    341.5877685546875,
    323.7986145019531,
    297.1069641113281,
    277.2542419433594,
    258.6824035644531,
    244.20167541503906,
    239.59149169921875,
    220.1536102294922,
    211.25343322753906,
    197.093505859375,
    197.9448699951172,
    176.1074981689453,
    156.86521911621094,
    161.4279327392578,
    157.66322326660156,
    150.7315216064453,
    160.1074981689453,
    144.203369140625,
    142.0172882080078,
    140.19174194335938,
    152.87330627441406,
    142.70652770996094,
    137.86453247070312,
    132.41693115234375,
    132.75657653808594,
    136.96505737304688,
    134.39407348632812,
    136.03822326660156,
    137.4998016357422,
    120.0690689086914,
    134.63011169433594,
    133.0796356201172,
    127.78260040283203,
    136.1005096435547,
    129.79661560058594,
    127.97782135009766,
    121.0736083984375,
    130.0609893798828,
    123.3419189453125,
    116.1741943359375,
    130.98875427246094,
    124.73855590820312,
    120.0774917602539,
    137.2061004638672,
    133.25001525878906,
    133.787353515625,
    128.61912536621094,
    120.6865234375,
    128.1443634033203,
    114.20654296875,
    136.84506225585938,
    124.46593475341797,
    123.3540267944336,
    134.7290802001953,
    133.59068298339844,
    140.26063537597656,
    128.4380340576172,
    129.6754913330078,
    116.55339813232422,
    125.09158325195312
  ],