{
  "apparent_age_avg_loss": [
    1060.40625,
    855.5131225585938,
    662.7241821289062,
    510.7919921875,
    392.8829650878906,
    318.8694763183594,
    289.0197448730469,
    279.5780029296875,
    259.7042236328125,
    262.92010498046875,
    256.6999816894531,
    247.0196533203125,
    240.46653747558594,
    243.18907165527344,
    238.39674377441406,
    229.10198974609375,
    230.7721710205078,
    226.76242065429688,
    216.74542236328125,
    217.74520874023438,
    211.9496612548828,
    216.81773376464844,
    214.4478302001953,
    210.6503448486328,
    207.28453063964844,
    199.32919311523438,
    200.39280700683594,
    204.5303192138672,
    202.31752014160156,
    191.33006286621094,
    191.0685577392578,
    198.6482696533203,
    190.1261444091797,
    187.43650817871094,
    186.93069458007812,
    191.38067626953125,
    185.42791748046875,
    192.96755981445312,
    181.0146942138672,
    186.5070343017578,
    184.448486328125,
    187.12510681152344,
    179.86656188964844,
    190.9776153564453,
    183.079345703125,
    182.76058959960938,
    182.2693634033203,
    182.37722778320312,
    179.69952392578125,
    186.20310974121094,
    175.84652709960938,
    181.87657165527344,
    181.55828857421875,
    176.0623016357422,
    190.24072265625,
    179.489501953125,
    175.6142120361328
  ],
  "apparent_age_avg_mean_absolute_error": [
    28.980077743530273,
    25.40538215637207,
    21.78080177307129,
    18.441659927368164,
    15.450446128845215,
    13.585102081298828,
    12.735785484313965,
    12.558145523071289,
    12.137743949890137,
    12.287542343139648,
    12.223322868347168,
    11.96446704864502,
    11.819210052490234,
    11.743691444396973,
    11.796728134155273,
    11.51474380493164,
    11.576700210571289,
    11.50336742401123,
    11.301337242126465,
    11.243102073669434,
    11.071372985839844,
    11.160167694091797,
    11.204362869262695,
    11.086657524108887,
    11.028498649597168,
    10.857398986816406,
    10.92049789428711,
    10.965036392211914,
    10.844148635864258,
    10.620400428771973,
    10.57651424407959,
    10.83829116821289,
    10.605081558227539,
    10.552871704101562,
    10.552309036254883,
    10.636738777160645,
    10.564350128173828,
    10.654596328735352,
    10.364603042602539,
    10.55801773071289,
    10.5079984664917,
    10.509746551513672,
    10.427725791931152,
    10.70157241821289,
    10.531128883361816,
    10.490764617919922,
    10.303563117980957,
    10.471002578735352,
    10.435396194458008,
    10.623637199401855,
    10.321574211120605,
    10.428047180175781,
    10.334771156311035,
    10.26036548614502,
    10.758743286132812,
    10.441205024719238,
    10.289083480834961
  ],
  "apparent_age_std_loss": [
    0.0,
    0.0,
    0.0,
    0.0,
    0.0,
    0.0,
    0.0,
    0.0,
    0.0,
    0.0,
    0.0,
    0.0,
    0.0,
    0.0,
    0.0,
    0.0,
    0.0,
    0.0,
    0.0,
    0.0,
    0.0,
    0.0,
    0.0,
    0.0,
    0.0,
    0.0,
    0.0,
    0.0,
    0.0,
    0.0,
    0.0,
    0.0,
    0.0,
    0.0,
    0.0,
    0.0,
    0.0,
    0.0,
    0.0,
    0.0,
    0.0,
    0.0,
    0.0,
    0.0,
    0.0,
    0.0,
    0.0,
    0.0,
    0.0,
    0.0,
    0.0,
    0.0,
    0.0,
    0.0,
    0.0,
    0.0,
    0.0
  ],
  "loss": [
    1060.40625,
    855.5131225585938,
    662.7241821289062,
    510.7919921875,
    392.8829650878906,
    318.8694763183594,
    289.0197448730469,
    279.5780029296875,
    259.7042236328125,
    262.92010498046875,
    256.6999816894531,
    247.0196533203125,
    240.46653747558594,
    243.18907165527344,
    238.39674377441406,
    229.10198974609375,
    230.7721710205078,
    226.76242065429688,
    216.74542236328125,
    217.74520874023438,
    211.9496612548828,
    216.81773376464844,
    214.4478302001953,
    210.6503448486328,
    207.28453063964844,
    199.32919311523438,
    200.39280700683594,
    204.5303192138672,
    202.31752014160156,
    191.33006286621094,
    191.0685577392578,
    198.6482696533203,
    190.1261444091797,
    187.43650817871094,
    186.93069458007812,
    191.38067626953125,
    185.42791748046875,
    192.96755981445312,
    181.0146942138672,
    186.5070343017578,
    184.448486328125,
    187.12510681152344,
    179.86656188964844,
    190.9776153564453,
    183.079345703125,
    182.76058959960938,
    182.2693634033203,
    182.37722778320312,
    179.69952392578125,
    186.20310974121094,
    175.84652709960938,
    181.87657165527344,
    181.55828857421875,
    176.0623016357422,
    190.24072265625,
    179.489501953125,
    175.6142120361328
  ],
  "val_apparent_age_avg_loss": [
    965.633544921875,
    762.2484741210938,
    582.61376953125,
    445.14892578125,
    351.65020751953125,
    299.2110290527344,
    278.4945983886719,
    267.0321960449219,
    264.801513671875,
    262.57647705078125,
    249.31236267089844,
    246.93966674804688,
    244.26345825195312,
    244.5992889404297,
    235.65708923339844,
    237.521728515625,
    227.5137481689453,
    226.2700653076172,
    225.99876403808594,
    225.86343383789062,
    223.0528106689453,
    214.16082763671875,
    213.82383728027344,
    212.63095092773438,
    213.8648681640625,
    208.28982543945312,
    211.77825927734375,
    198.56637573242188,
    211.56312561035156,
    200.92738342285156,
    200.9232635498047,
    197.22560119628906,
    200.7030029296875,
    200.61016845703125,
    200.02870178222656,
    199.98916625976562,
    200.23419189453125,
    192.85401916503906,
    186.93429565429688,
    189.82113647460938,
    183.43373107910156,
    187.87205505371094,
    189.8025360107422,
    197.74087524414062,
    192.97923278808594,
    186.51536560058594,
    183.17681884765625,
    190.71282958984375,
    195.44482421875,
    196.2050018310547,
    187.80723571777344,
    199.2892303466797,
    191.11279296875,
    194.64337158203125,
    192.82635498046875,
    189.07545471191406,
    194.86500549316406
  ],
  "val_apparent_age_avg_mean_absolute_error": [
    27.305543899536133,
    23.69283103942871,
    20.17913055419922,
    16.920087814331055,
    14.535470008850098,
    13.125506401062012,
    12.733878135681152,
    12.37729549407959,
    12.530901908874512,
    12.290579795837402,
    11.990875244140625,
    11.905396461486816,
    11.96828842163086,
    11.959671974182129,
    11.646890640258789,
    11.869523048400879,
    11.64289379119873,
    11.641180992126465,
    11.486289024353027,
    11.545821189880371,
    11.530693054199219,
    11.28345012664795,
    11.141871452331543,
    11.241798400878906,
    11.292913436889648,
    11.109783172607422,
    11.06045913696289,
    10.790417671203613,
    11.129080772399902,
    10.873221397399902,
    10.976774215698242,
    10.781818389892578,
    10.908116340637207,
    10.936450958251953,
    10.9285306930542,
    10.916414260864258,
    11.038082122802734,
    10.657391548156738,
    10.546420097351074,
    10.662078857421875,
    10.484621047973633,
    10.678455352783203,
    10.646822929382324,
    10.991901397705078,
    10.736608505249023,
    10.458264350891113,
    10.471540451049805,
    10.650554656982422,
    10.797451972961426,
    10.73311710357666,
    10.5619478225708,
    11.068751335144043,
    10.789300918579102,
    10.803850173950195,
    10.648648262023926,
    10.558585166931152,
    10.798574447631836
  ],
  "val_apparent_age_std_loss": [
    0.0,
    0.0,
    0.0,
    0.0,
    0.0,
    0.0,
    0.0,
    0.0,
    0.0,
    0.0,
    0.0,
    0.0,
    0.0,
    0.0,
    0.0,
    0.0,
    0.0,
    0.0,
    0.0,
    0.0,
    0.0,
    0.0,
    0.0,
    0.0,
    0.0,
    0.0,
    0.0,
    0.0,
    0.0,
    0.0,
    0.0,
    0.0,
    0.0,
    0.0,
    0.0,
    0.0,
    0.0,
    0.0,
    0.0,
    0.0,
    0.0,
    0.0,
    0.0,
    0.0,
    0.0,
    0.0,
    0.0,
    0.0,
    0.0,
    0.0,
    0.0,
    0.0,
    0.0,
    0.0,
    0.0,
    0.0,
    0.0
  ],