{
  "apparent_age_avg_loss": [
    181.75172424316406,
    147.11866760253906,
    129.49114990234375,
    116.94440460205078,
    108.0473403930664,
    94.61589813232422,
    86.93936920166016,
    88.81779479980469,
    80.6070785522461,
    79.69574737548828,
    71.906982421875,
    77.4071044921875,
    71.06861877441406,
    68.1004409790039,
    65.87105560302734,
    65.14490509033203,
    60.740726470947266,
    59.8768424987793,
    55.08168411254883,
    54.2807731628418,
    54.620731353759766,
    51.64735412597656,
    54.680137634277344,
    45.983760833740234,
    51.570770263671875,
    47.75344467163086,
    46.88667678833008,
    46.6067008972168,
    44.72384262084961,
    45.55901336669922,
    45.057674407958984,
    41.565914154052734,
    42.36372756958008,
    47.32330322265625,
    39.389923095703125,
    43.01533126831055,
    40.6700439453125,
    40.06492614746094,
    40.470436096191406,
    43.50752639770508,
    40.71971893310547,
    36.69676971435547,
    40.94786071777344,
    35.06341552734375,
    39.37391662597656,
    40.80582046508789,
    36.12704086303711,
    36.11249542236328,
    38.194602966308594,
    36.2354736328125,
    35.67836380004883,
    32.69001007080078,
    34.79658126831055,
    38.29624938964844,
    34.66254425048828,
    33.72579574584961,
    34.43547821044922,
    36.69540786743164
  ],
  "apparent_age_avg_mean_absolute_error": [
    10.253201484680176,
    9.310242652893066,
    8.925729751586914,
    8.426932334899902,
    8.027596473693848,
    7.594520568847656,
    7.293300628662109,
    7.430424690246582,
    6.988004207611084,
    6.941967010498047,
    6.5998382568359375,
    6.855191707611084,
    6.562699794769287,
    6.468338966369629,
    6.296915531158447,
    6.2337541580200195,
    6.097171783447266,
    6.015607833862305,
    5.745161533355713,
    5.742462158203125,
    5.770236968994141,
    5.562921047210693,
    5.848618507385254,
    5.286615371704102,
    5.524900913238525,
    5.4155049324035645,
    5.286436080932617,
    5.344693183898926,
    5.284576892852783,
    5.192127704620361,
    5.239973545074463,
    5.028966426849365,
    5.029428482055664,
    5.348676681518555,
    4.915815353393555,
    5.112880706787109,
    4.992270469665527,
    4.936765193939209,
    5.017185688018799,
    5.185300350189209,
    4.9594950675964355,
    4.714231014251709,
    4.965381622314453,
    4.6454081535339355,
    4.9126129150390625,
    5.004942417144775,
    4.699945449829102,
    4.749652862548828,
    4.786754608154297,
    4.720881462097168,
    4.726775646209717,
    4.508918762207031,
    4.608390808105469,
    4.74856424331665,
    4.582998752593994,
    4.572630405426025,
    4.587604522705078,
    4.7173752784729
  ],
  "apparent_age_avg_mean_squared_error": [
    181.75172424316406,
    147.11866760253906,
    129.49114990234375,
    116.94440460205078,
    108.0473403930664,
    94.61589813232422,
    86.93936920166016,
    88.81779479980469,
    80.6070785522461,
    79.69574737548828,
    71.906982421875,
    77.4071044921875,
    71.06861877441406,
    68.1004409790039,
    65.87105560302734,
    65.14490509033203,
    60.740726470947266,
    59.8768424987793,
    55.08168411254883,
    54.2807731628418,
    54.620731353759766,
    51.64735412597656,
    54.680137634277344,
    45.983760833740234,
    51.570770263671875,
    47.75344467163086,
    46.88667678833008,
    46.6067008972168,
    44.72384262084961,
    45.55901336669922,
    45.057674407958984,
    41.565914154052734,
    42.36372756958008,
    47.32330322265625,
    39.389923095703125,
    43.01533126831055,
    40.6700439453125,
    40.06492614746094,
    40.470436096191406,
    43.50752639770508,
    40.71971893310547,
    36.69676971435547,
    40.94786071777344,
    35.06341552734375,
    39.37391662597656,
    40.80582046508789,
    36.12704086303711,
    36.11249542236328,
    38.194602966308594,
    36.2354736328125,
    35.67836380004883,
    32.69001007080078,
    34.79658126831055,
    38.29624938964844,
    34.66254425048828,
    33.72579574584961,
    34.43547821044922,
    36.69540786743164
  ],
  "apparent_age_std_loss": [
    13.098255157470703,
    5.543938159942627,
    3.7861998081207275,
    3.6344220638275146,
    3.4267120361328125,
    3.278371810913086,
    3.24348521232605,
    3.0116584300994873,
    3.0710978507995605,
    2.93683123588562,
    2.8672642707824707,
    2.630096912384033,
    2.799057722091675,
    2.711998701095581,
    2.5464141368865967,
    2.6697967052459717,
    2.487935781478882,
    2.6017963886260986,
    2.4291861057281494,
    2.4557673931121826,
    2.524292230606079,
    2.410099506378174,
    2.303835868835449,
    2.4231300354003906,
    2.1649744510650635,
    2.333381175994873,
    2.2261836528778076,
    2.2757248878479004,
    2.2012627124786377,
    2.237746477127075,
    2.1460492610931396,
    2.1028389930725098,
    2.2181131839752197,
    2.1779839992523193,
    2.019568681716919,
    2.1145660877227783,
    2.1563680171966553,
    2.044022560119629,
    2.0517334938049316,
    2.2310454845428467,
    2.0533621311187744,
    1.892421841621399,
    1.966247320175171,
    2.030623435974121,
    2.005408763885498,
    2.1020350456237793,
    1.8903825283050537,
    2.0059969425201416,
    1.969527006149292,
    2.0707509517669678,
    1.9818410873413086,
    1.9490152597427368,
    1.948256492614746,
    2.040560722351074,
    1.933791160583496,
    1.854400634765625,
    1.9251370429992676,
    1.881230354309082
  ],
  "apparent_age_std_mean_absolute_error": [
    3.155978202819824,
    1.8764045238494873,
    1.527108907699585,
    1.4944547414779663,
    1.4582555294036865,
    1.4068987369537354,
    1.4147742986679077,
    1.3531495332717896,
    1.363198161125183,
    1.316518783569336,
    1.305977463722229,
    1.2588837146759033,
    1.2869657278060913,
    1.2887868881225586,
    1.2430750131607056,
    1.2596412897109985,
    1.2160532474517822,
    1.2404979467391968,
    1.199516773223877,
    1.2082693576812744,
    1.2209458351135254,
    1.1810259819030762,
    1.1684881448745728,
    1.1979671716690063,
    1.136993169784546,
    1.163306474685669,
    1.1309430599212646,
    1.148988962173462,
    1.1361937522888184,
    1.1344140768051147,
    1.1212068796157837,
    1.1258294582366943,
    1.1205363273620605,
    1.1162893772125244,
    1.0777724981307983,
    1.1083283424377441,
    1.108449935913086,
    1.0853570699691772,
    1.0800421237945557,
    1.1217929124832153,
    1.103129506111145,
    1.065639615058899,
    1.0655184984207153,
    1.0892317295074463,
    1.071388840675354,
    1.1004961729049683,
    1.03544282913208,
    1.0742400884628296,
    1.0575549602508545,
    1.0888625383377075,
    1.0624884366989136,
    1.0807474851608276,
    1.0465948581695557,
    1.0730262994766235,
    1.0620118379592896,
    1.0336856842041016,
    1.042781114578247,
    1.0322062969207764
  ],