{
  "apparent_age_avg_loss": [
    40.489044189453125,
    35.87251663208008,
    33.565006256103516,
    34.16236877441406,
    32.599029541015625,
    31.0877685546875,
    28.975799560546875,
    29.332294464111328,
    28.98784065246582,
    28.902639389038086,
    29.64856719970703,
    27.052383422851562,
    27.236459732055664,
    28.210752487182617,
    25.078834533691406,
    26.215303421020508,
    26.157787322998047,
    25.282665252685547,
    25.663320541381836,
    25.269582748413086,
    25.609495162963867,
    26.106489181518555,
    27.87042808532715
  ],
  "apparent_age_avg_mean_absolute_error": [
    4.936317443847656,
    4.607641696929932,
    4.506746768951416,
    4.427828311920166,
    4.388288974761963,
    4.28133487701416,
    4.181273460388184,
    4.1834893226623535,
    4.159265041351318,
    4.052463531494141,
    4.198510646820068,
    3.9998531341552734,
    4.012234687805176,
    4.137937068939209,
    3.8446950912475586,
    3.9304187297821045,
    4.0050458908081055,
    3.856858730316162,
    3.8814902305603027,
    3.887878656387329,
    3.9277946949005127,
    4.005186557769775,
    4.083108901977539
  ],
  "apparent_age_avg_mean_squared_error": [
    40.489044189453125,
    35.87251663208008,
    33.565006256103516,
    34.16236877441406,
    32.599029541015625,
    31.0877685546875,
    28.975799560546875,
    29.332294464111328,
    28.98784065246582,
    28.902639389038086,
    29.64856719970703,
    27.052383422851562,
    27.236459732055664,
    28.210752487182617,
    25.078834533691406,
    26.215303421020508,
    26.157787322998047,
    25.282665252685547,
    25.663320541381836,
    25.269582748413086,
    25.609495162963867,
    26.106489181518555,
    27.87042808532715
  ],
  "apparent_age_std_loss": [
    3.0233607292175293,
    3.0886619091033936,
    2.847768783569336,
    2.8660783767700195,
    2.779188394546509,
    2.8530800342559814,
    2.767216205596924,
    2.952314853668213,
    2.5669753551483154,
    2.8468258380889893,
    2.8926641941070557,
    2.83453631401062,
    2.844109296798706,
    2.9638900756835938,
    2.762199878692627,
    2.8823623657226562,
    2.7715229988098145,
    2.867753505706787,
    2.6450583934783936,
    2.8891196250915527,
    2.7599666118621826,
    2.795551300048828,
    2.7654576301574707
  ],
  "apparent_age_std_mean_absolute_error": [
    1.3273659944534302,
    1.3427867889404297,
    1.3102036714553833,
    1.295695185661316,
    1.2712838649749756,
    1.2830289602279663,
    1.2883459329605103,
    1.3166229724884033,
    1.2273346185684204,
    1.2867072820663452,
    1.3290131092071533,
    1.297741174697876,
    1.2811611890792847,
    1.3163670301437378,
    1.2851955890655518,
    1.2915033102035522,
    1.2697287797927856,
    1.2959619760513306,
    1.2622205018997192,
    1.3082937002182007,
    1.265756368637085,
    1.2859543561935425,
    1.2865869998931885
  ],
  "apparent_age_std_mean_squared_error": [
    3.0233607292175293,
    3.0886619091033936,
    2.847768783569336,
    2.8660783767700195,
    2.779188394546509,
    2.8530800342559814,
    2.767216205596924,
    2.952314853668213,
    2.5669753551483154,
    2.8468258380889893,
    2.8926641941070557,
    2.83453631401062,
    2.844109296798706,
    2.9638900756835938,
    2.762199878692627,
    2.8823623657226562,
    2.7715229988098145,
    2.867753505706787,
    2.6450583934783936,
    2.8891196250915527,
    2.7599666118621826,
    2.795551300048828,
    2.7654576301574707
  ],
  "loss": [
    43.61034393310547,
    39.05910110473633,
    36.510677337646484,
    37.126338958740234,
    35.476097106933594,
    34.03871154785156,
    31.840858459472656,
    32.38243865966797,
    31.652637481689453,
    31.84726905822754,
    32.6390266418457,
    29.984708786010742,
    30.17833709716797,
    31.27239418029785,
    27.938779830932617,
    29.195402145385742,
    29.027034759521484,
    28.248126983642578,
    28.406085968017578,
    28.25638198852539,
    28.467138290405273,
    28.999710083007812,
    30.73354721069336
  ],
  "val_apparent_age_avg_loss": [
    108.81256866455078,
    113.37454986572266,
    102.69490814208984,
    109.2000503540039,
    107.12166595458984,
    98.2649917602539,
    102.94022369384766,
    99.74283599853516,
    101.87346649169922,
    96.03409576416016,
    97.83113861083984,
    97.52619171142578,
    95.2390365600586,
    102.5006332397461,
    99.84857940673828,
    99.83419799804688,
    97.9543228149414,
    95.51998901367188,
    103.82098388671875,
    96.37979888916016,
    98.44061279296875,
    96.45501708984375,
    96.3948745727539
  ],
  "val_apparent_age_avg_mean_absolute_error": [
    7.932880878448486,
    7.96612548828125,
    7.432064056396484,
    7.800974369049072,
    7.791751384735107,
    7.425502777099609,
    7.498025417327881,
    7.284502029418945,
    7.535328388214111,
    7.389898777008057,
    7.416407108306885,
    7.456819534301758,
    7.297558307647705,
    7.508386135101318,
    7.436529636383057,
    7.433918476104736,
    7.4214324951171875,
    7.136945724487305,
    7.491391658782959,
    7.349420070648193,
    7.436148166656494,
    7.324466228485107,
    7.273723602294922
  ],
  "val_apparent_age_avg_mean_squared_error": [
    108.81256866455078,
    113.37454986572266,
    102.69490814208984,
    109.2000503540039,
    107.12166595458984,
    98.2649917602539,
    102.94022369384766,
    99.74283599853516,
    101.87346649169922,
    96.03409576416016,
    97.83113861083984,
    97.52619171142578,
    95.2390365600586,
    102.5006332397461,
    99.84857940673828,
    99.83419799804688,
    97.9543228149414,
    95.51998901367188,
    103.82098388671875,
    96.37979888916016,
    98.44061279296875,
    96.45501708984375,
    96.3948745727539
  ],
  "val_apparent_age_std_loss": [
    3.8034896850585938,
    3.6714365482330322,
    3.7603931427001953,
    4.256519794464111,
    3.8732359409332275,
    4.009260654449463,
    3.793065309524536,
    3.8427343368530273,
    3.8983545303344727,
    3.8734700679779053,
    3.849576234817505,
    4.048926830291748,
    3.654168128967285,
    3.910449743270874,
    3.7820966243743896,
    3.5972166061401367,
    3.7910525798797607,
    3.464075803756714,
    3.727693557739258,
    3.7358779907226562,
    3.716440200805664,
    3.2914133071899414,
    3.7274169921875
  ],
  "val_apparent_age_std_mean_absolute_error": [
    1.5080509185791016,
    1.5152803659439087,
    1.5392464399337769,
    1.6104978322982788,
    1.5429400205612183,
    1.582027792930603,
    1.5390573740005493,
    1.5542839765548706,
    1.553146481513977,
    1.502930998802185,
    1.5248050689697266,
    1.573564052581787,
    1.5135746002197266,
    1.5223597288131714,
    1.5050753355026245,
    1.5004687309265137,
    1.5199285745620728,
    1.4674495458602905,
    1.5063575506210327,
    1.520699381828308,
    1.4971623420715332,
    1.4247742891311646,
    1.498421311378479
  ],
  "val_apparent_age_std_mean_squared_error": [
    3.8034896850585938,
    3.6714365482330322,
    3.7603931427001953,
    4.256519794464111,
    3.8732359409332275,
    4.009260654449463,
    3.793065309524536,
    3.8427343368530273,
    3.8983545303344727,
    3.8734700679779053,
    3.849576234817505,
    4.048926830291748,
    3.654168128967285,
    3.910449743270874,
    3.7820966243743896,
    3.5972166061401367,
    3.7910525798797607,
    3.464075803756714,
    3.727693557739258,
    3.7358779907226562,
    3.716440200805664,
    3.2914133071899414,
    3.7274169921875
  ],