{
  "apparent_age_avg_loss": [
    1018.7520751953125,
    921.1567993164062,
    833.4540405273438,
    764.6903076171875,
    708.487548828125,
    652.1504516601562,
    594.2666625976562,
    550.3080444335938,
    510.1588439941406,
    470.948974609375,
    430.4737243652344,
    396.8966064453125,
    366.6617431640625,
    338.1908874511719,
    310.1566162109375,
    286.9786376953125,
    256.89630126953125,
    238.08714294433594,
    220.30545043945312,
    196.9207000732422,
    181.7212677001953,
    168.12745666503906,
    158.45147705078125,
    144.16339111328125,
    133.44618225097656,
    132.78688049316406,
    118.40848541259766,
    111.0383071899414,
    110.77021789550781,
    102.62425231933594,
    98.54299926757812,
    93.27183532714844,
    92.23712921142578,
    87.83788299560547,
    88.6968994140625,
    88.55804443359375,
    85.7797622680664,
    84.26859283447266,
    81.26753997802734,
    80.28271484375,
    81.25927734375,
    80.77043914794922,
    76.72272491455078,
    76.74533081054688,
    78.27101135253906,
    73.12324523925781,
    77.59331512451172,
    70.53079986572266,
    69.67536926269531,
    74.885009765625,
    71.40704345703125,
    69.99506378173828,
    69.78531646728516,
    69.29502868652344,
    67.92084503173828,
    69.47210693359375,
    67.19281005859375,
    69.7043228149414
  ],
  "apparent_age_avg_mean_absolute_error": [
    28.446931838989258,
    27.00278091430664,
    25.568317413330078,
    24.39563751220703,
    23.38176918029785,
    22.296173095703125,
    21.191797256469727,
    20.25397491455078,
    19.302122116088867,
    18.482755661010742,
    17.490427017211914,
    16.690542221069336,
    15.884106636047363,
    15.087221145629883,
    14.41242790222168,
    13.660493850708008,
    12.89121150970459,
    12.283903121948242,
    11.741290092468262,
    11.06714916229248,
    10.51750659942627,
    10.072721481323242,
    9.69025993347168,
    9.277753829956055,
    8.87037467956543,
    8.76744270324707,
    8.305316925048828,
    8.056653022766113,
    8.081660270690918,
    7.673187732696533,
    7.610207557678223,
    7.3959245681762695,
    7.291933536529541,
    7.211318492889404,
    7.240204811096191,
    7.24260950088501,
    7.095742225646973,
    7.041310787200928,
    6.939265727996826,
    6.942628383636475,
    6.856292724609375,
    6.963364124298096,
    6.739540100097656,
    6.761582374572754,
    6.810750484466553,
    6.596184730529785,
    6.771708965301514,
    6.519436359405518,
    6.4493231773376465,
    6.6956987380981445,
    6.499601364135742,
    6.425572395324707,
    6.485935688018799,
    6.345583915710449,
    6.361511707305908,
    6.419139385223389,
    6.307122230529785,
    6.465791702270508
  ],
  "apparent_age_std_loss": [
    0.0,
    0.0,
    0.0,
    0.0,
    0.0,
    0.0,
    0.0,
    0.0,
    0.0,
    0.0,
    0.0,
    0.0,
    0.0,
    0.0,
    0.0,
    0.0,
    0.0,
    0.0,
    0.0,
    0.0,
    0.0,
    0.0,
    0.0,
    0.0,
    0.0,
    0.0,
    0.0,
    0.0,
    0.0,
    0.0,
    0.0,
    0.0,
    0.0,
    0.0,
    0.0,
    0.0,
    0.0,
    0.0,
    0.0,
    0.0,
    0.0,
    0.0,
    0.0,
    0.0,
    0.0,
    0.0,
    0.0,
    0.0,
    0.0,
    0.0,
    0.0,
    0.0,
    0.0,
    0.0,
    0.0,
    0.0,
    0.0,
    0.0
  ],
  "loss": [
    1018.8544311523438,
    921.259033203125,
    833.5557250976562,
    764.7919311523438,
    708.5888671875,
    652.2518310546875,
    594.36767578125,
    550.4091186523438,
    510.2598571777344,
    471.0495910644531,
    430.5742492675781,
    396.9971008300781,
    366.76190185546875,
    338.291015625,
    310.2565002441406,
    287.07855224609375,
    256.99615478515625,
    238.1868896484375,
    220.4050750732422,
    197.02029418945312,
    181.82078552246094,
    168.22686767578125,
    158.5508270263672,
    144.2626495361328,
    133.5454559326172,
    132.8860321044922,
    118.50767517089844,
    111.1374740600586,
    110.86931610107422,
    102.72334289550781,
    98.64208221435547,
    93.3708724975586,
    92.33607482910156,
    87.9368896484375,
    88.79594421386719,
    88.65702819824219,
    85.87870788574219,
    84.36751556396484,
    81.36651611328125,
    80.38167572021484,
    81.35828399658203,
    80.86942291259766,
    76.82172393798828,
    76.8443832397461,
    78.37010192871094,
    73.22236633300781,
    77.6924819946289,
    70.62998962402344,
    69.77461242675781,
    74.98423767089844,
    71.50634765625,
    70.09439086914062,
    69.8846664428711,
    69.3944091796875,
    68.0202865600586,
    69.57160186767578,
    67.2923583984375,
    69.80392456054688
  ],
  "val_apparent_age_avg_loss": [
    980.8538208007812,
    888.5081176757812,
    809.5220336914062,
    744.2840576171875,
    691.3663330078125,
    634.2764892578125,
    585.4794921875,
    541.120849609375,
    500.4610900878906,
    462.69195556640625,
    423.65496826171875,
    398.2112731933594,
    365.7635192871094,
    334.8629150390625,
    310.5027160644531,
    285.58697509765625,
    261.88018798828125,
    242.79469299316406,
    228.9288787841797,
    211.273193359375,
    195.09092712402344,
    186.39035034179688,
    168.95635986328125,
    162.78482055664062,
    155.93809509277344,
    149.6186065673828,
    146.9017333984375,
    133.83370971679688,
    135.01768493652344,
    130.67788696289062,
    129.8939971923828,
    127.3372802734375,
    129.17318725585938,
    122.63496398925781,
    119.2652816772461,
    119.38712310791016,
    126.65283203125,
    119.29744720458984,
    121.32674407958984,
    118.1962890625,
    119.44692993164062,
    116.69471740722656,
    118.6280746459961,
    119.93505859375,
    120.06098175048828,
    114.79717254638672,
    119.58126068115234,
    113.6760025024414,
    116.62394714355469,
    114.9337158203125,
    117.04804229736328,
    118.33555603027344,
    116.12629699707031,
    115.80391693115234,
    116.1544189453125,
    118.94111633300781,
    118.00419616699219,
    117.19522094726562
  ],
  "val_apparent_age_avg_mean_absolute_error": [
    27.867345809936523,
    26.43357276916504,
    25.114309310913086,
    23.98548126220703,
    22.964275360107422,
    21.913558959960938,
    20.921485900878906,
    19.986536026000977,
    19.0770206451416,
    18.151229858398438,
    17.26539421081543,
    16.663715362548828,
    15.762543678283691,
    15.006965637207031,
    14.303829193115234,
    13.523502349853516,
    12.912744522094727,
    12.315911293029785,
    11.908249855041504,
    11.25684928894043,
    10.845659255981445,
    10.525694847106934,
    10.001069068908691,
    9.798968315124512,
    9.526866912841797,
    9.230642318725586,
    9.185439109802246,
    8.674738883972168,
    8.714981079101562,
    8.68887996673584,
    8.726244926452637,
    8.556842803955078,
    8.61626148223877,
    8.386502265930176,
    8.256823539733887,
    8.273590087890625,
    8.482361793518066,
    8.322750091552734,
    8.306533813476562,
    8.20302963256836,
    8.28565788269043,
    8.178927421569824,
    8.287193298339844,
    8.263843536376953,
    8.29389762878418,
    8.145064353942871,
    8.295716285705566,
    8.133810043334961,
    8.097236633300781,
    8.112536430358887,
    8.256053924560547,
    8.208028793334961,
    8.161142349243164,
    8.115891456604004,
    8.104546546936035,
    8.224242210388184,
    8.249396324157715,
    8.132537841796875
  ],