{
  "apparent_age_avg_loss": [
    53.27486801147461,
    43.55348587036133,
    41.22479248046875,
    42.372928619384766,
    38.05208206176758,
    40.1756477355957,
    40.660194396972656,
    40.1231575012207,
    38.85975646972656,
    37.60980224609375,
    35.71535873413086,
    35.06533432006836,
    36.34511947631836,
    38.81113052368164,
    36.06747055053711,
    34.827972412109375,
    34.07062530517578,
    33.992496490478516,
    34.37163543701172,
    35.57734298706055,
    34.16785430908203,
    33.633140563964844,
    34.44975280761719,
    35.51048278808594,
    32.57181930541992,
    34.44171142578125,
    32.28770446777344,
    33.225643157958984,
    35.308467864990234
  ],
  "apparent_age_avg_mean_absolute_error": [
    5.704475402832031,
    5.147643566131592,
    5.049508094787598,
    5.059494972229004,
    4.806665420532227,
    4.962554454803467,
    5.04240083694458,
    4.9360809326171875,
    4.881772041320801,
    4.750300407409668,
    4.669490337371826,
    4.581345558166504,
    4.778722763061523,
    4.939486026763916,
    4.647264003753662,
    4.639716625213623,
    4.574480056762695,
    4.532578468322754,
    4.549801349639893,
    4.68252420425415,
    4.5894598960876465,
    4.5040435791015625,
    4.525706768035889,
    4.629086494445801,
    4.483454704284668,
    4.595089912414551,
    4.385181427001953,
    4.484654903411865,
    4.644733905792236
  ],
  "apparent_age_avg_mean_squared_error": [
    53.27486801147461,
    43.55348587036133,
    41.22479248046875,
    42.372928619384766,
    38.05208206176758,
    40.1756477355957,
    40.660194396972656,
    40.1231575012207,
    38.85975646972656,
    37.60980224609375,
    35.71535873413086,
    35.06533432006836,
    36.34511947631836,
    38.81113052368164,
    36.06747055053711,
    34.827972412109375,
    34.07062530517578,
    33.992496490478516,
    34.37163543701172,
    35.57734298706055,
    34.16785430908203,
    33.633140563964844,
    34.44975280761719,
    35.51048278808594,
    32.57181930541992,
    34.44171142578125,
    32.28770446777344,
    33.225643157958984,
    35.308467864990234
  ],
  "apparent_age_std_loss": [
    2.2279090881347656,
    2.046665668487549,
    2.056265354156494,
    2.1161367893218994,
    1.9956655502319336,
    2.0745561122894287,
    2.0803120136260986,
    1.947387933731079,
    1.9912506341934204,
    2.010774612426758,
    1.9302202463150024,
    2.002718925476074,
    2.0433928966522217,
    1.9646379947662354,
    1.965962290763855,
    1.9781816005706787,
    1.9848337173461914,
    1.943739414215088,
    1.9752851724624634,
    1.980377197265625,
    2.0908002853393555,
    1.9086164236068726,
    2.0081377029418945,
    1.9398069381713867,
    1.900299310684204,
    1.9193576574325562,
    2.027789354324341,
    1.8996965885162354,
    1.8621315956115723
  ],
  "apparent_age_std_mean_absolute_error": [
    1.1406469345092773,
    1.10674250125885,
    1.0898892879486084,
    1.1015398502349854,
    1.0720908641815186,
    1.0911893844604492,
    1.0874738693237305,
    1.0642520189285278,
    1.0754886865615845,
    1.0749119520187378,
    1.063957691192627,
    1.070494294166565,
    1.0688071250915527,
    1.069858193397522,
    1.0625730752944946,
    1.0728470087051392,
    1.0667383670806885,
    1.039954423904419,
    1.0712051391601562,
    1.0658724308013916,
    1.092982292175293,
    1.0351951122283936,
    1.0780984163284302,
    1.0690580606460571,
    1.0469640493392944,
    1.0487502813339233,
    1.0655462741851807,
    1.0398346185684204,
    1.0521947145462036
  ],
  "apparent_age_std_mean_squared_error": [
    2.2279090881347656,
    2.046665668487549,
    2.056265354156494,
    2.1161367893218994,
    1.9956655502319336,
    2.0745561122894287,
    2.0803120136260986,
    1.947387933731079,
    1.9912506341934204,
    2.010774612426758,
    1.9302202463150024,
    2.002718925476074,
    2.0433928966522217,
    1.9646379947662354,
    1.965962290763855,
    1.9781816005706787,
    1.9848337173461914,
    1.943739414215088,
    1.9752851724624634,
    1.980377197265625,
    2.0908002853393555,
    1.9086164236068726,
    2.0081377029418945,
    1.9398069381713867,
    1.900299310684204,
    1.9193576574325562,
    2.027789354324341,
    1.8996965885162354,
    1.8621315956115723
  ],
  "loss": [
    55.50276184082031,
    45.60015106201172,
    43.28107452392578,
    44.48906707763672,
    40.047752380371094,
    42.25022506713867,
    42.74050521850586,
    42.0705451965332,
    40.85100173950195,
    39.62059020996094,
    37.64558792114258,
    37.06803512573242,
    38.38852310180664,
    40.7757682800293,
    38.03343200683594,
    36.80615997314453,
    36.055458068847656,
    35.936248779296875,
    36.346927642822266,
    37.5577278137207,
    36.2586555480957,
    35.54175567626953,
    36.45789337158203,
    37.45027542114258,
    34.47211456298828,
    36.36106491088867,
    34.31549072265625,
    35.125335693359375,
    37.17060089111328
  ],
  "val_apparent_age_avg_loss": [
    112.83698272705078,
    108.48717498779297,
    105.608154296875,
    104.67578887939453,
    103.6612777709961,
    99.34765625,
    104.83065795898438,
    97.68180084228516,
    102.66332244873047,
    104.0330810546875,
    92.4621810913086,
    96.39303588867188,
    110.6819076538086,
    101.2944107055664,
    98.5935287475586,
    99.37810516357422,
    96.52875518798828,
    100.01315307617188,
    87.05231475830078,
    89.21743774414062,
    94.1529541015625,
    95.3521728515625,
    95.91240692138672,
    98.32740020751953,
    95.14305877685547,
    90.90067291259766,
    93.25701904296875,
    95.39202880859375,
    88.32958221435547
  ],
  "val_apparent_age_avg_mean_absolute_error": [
    7.950889587402344,
    7.83941650390625,
    7.6429924964904785,
    7.701866626739502,
    7.634355068206787,
    7.5182952880859375,
    7.573347568511963,
    7.482210636138916,
    7.57153844833374,
    7.69375467300415,
    7.168057918548584,
    7.430176258087158,
    7.88511848449707,
    7.40900182723999,
    7.4111409187316895,
    7.48118782043457,
    7.224727630615234,
    7.379851818084717,
    6.967894077301025,
    7.060983180999756,
    7.298498153686523,
    7.309998035430908,
    7.27764368057251,
    7.398475646972656,
    7.231701374053955,
    7.1634840965271,
    7.051179885864258,
    7.286502838134766,
    7.083774089813232
  ],
  "val_apparent_age_avg_mean_squared_error": [
    112.83698272705078,
    108.48717498779297,
    105.608154296875,
    104.67578887939453,
    103.6612777709961,
    99.34765625,
    104.83065795898438,
    97.68180084228516,
    102.66332244873047,
    104.0330810546875,
    92.4621810913086,
    96.39303588867188,
    110.6819076538086,
    101.2944107055664,
    98.5935287475586,
    99.37810516357422,
    96.52875518798828,
    100.01315307617188,
    87.05231475830078,
    89.21743774414062,
    94.1529541015625,
    95.3521728515625,
    95.91240692138672,
    98.32740020751953,
    95.14305877685547,
    90.90067291259766,
    93.25701904296875,
    95.39202880859375,
    88.32958221435547
  ],
  "val_apparent_age_std_loss": [
    2.798398733139038,
    2.7844016551971436,
    2.736687421798706,
    2.651496410369873,
    2.814194917678833,
    2.642644166946411,
    2.687211751937866,
    2.5647995471954346,
    2.6983938217163086,
    2.7639853954315186,
    2.4092557430267334,
    2.582712411880493,
    2.715927839279175,
    2.7690954208374023,
    2.6336352825164795,
    2.476266860961914,
    2.7537994384765625,
    2.7129669189453125,
    2.474926233291626,
    2.4744088649749756,
    2.689666986465454,
    2.5079424381256104,
    2.61372971534729,
    2.5513765811920166,
    2.5933148860931396,
    2.5344350337982178,
    2.645872116088867,
    2.6075539588928223,
    2.609386444091797
  ],