{
  "apparent_age_avg_loss": [
    57.850257873535156,
    53.14215850830078,
    48.0040283203125,
    50.795162200927734,
    44.27561569213867,
    44.95604705810547,
    45.50616455078125,
    45.9698600769043,
    42.57829284667969,
    36.43998336791992,
    37.84379196166992,
    40.92273712158203,
    43.55698013305664,
    35.154502868652344,
    38.05134963989258,
    34.373294830322266,
    32.57208251953125,
    32.329261779785156,
    38.48020935058594,
    32.0849494934082,
    33.87582778930664,
    39.16473388671875,
    31.723876953125,
    38.41402053833008,
    38.828678131103516,
    33.78704071044922,
    30.14704704284668,
    31.174402236938477,
    32.5156364440918,
    28.216947555541992,
    32.8881721496582
  ],
  "apparent_age_avg_mean_absolute_error": [
    5.9122843742370605,
    5.7647576332092285,
    5.362665176391602,
    5.501002788543701,
    5.2279582023620605,
    5.249239444732666,
    5.255256652832031,
    5.255687236785889,
    5.026102066040039,
    4.7295732498168945,
    4.792786598205566,
    4.919909477233887,
    5.073235034942627,
    4.679177761077881,
    4.816794395446777,
    4.561153888702393,
    4.444082260131836,
    4.440186023712158,
    4.8115386962890625,
    4.375700950622559,
    4.543018341064453,
    4.861105918884277,
    4.359988689422607,
    4.691113471984863,
    4.7192182540893555,
    4.458166122436523,
    4.3003621101379395,
    4.319678783416748,
    4.357519149780273,
    4.113321781158447,
    4.440598964691162
  ],
  "apparent_age_avg_mean_squared_error": [
    57.850257873535156,
    53.14215850830078,
    48.0040283203125,
    50.795162200927734,
    44.27561569213867,
    44.95604705810547,
    45.50616455078125,
    45.9698600769043,
    42.57829284667969,
    36.43998336791992,
    37.84379196166992,
    40.92273712158203,
    43.55698013305664,
    35.154502868652344,
    38.05134963989258,
    34.373294830322266,
    32.57208251953125,
    32.329261779785156,
    38.48020935058594,
    32.0849494934082,
    33.87582778930664,
    39.16473388671875,
    31.723876953125,
    38.41402053833008,
    38.828678131103516,
    33.78704071044922,
    30.14704704284668,
    31.174402236938477,
    32.5156364440918,
    28.216947555541992,
    32.8881721496582
  ],
  "apparent_age_std_loss": [
    6.350028991699219,
    6.185526371002197,
    5.93283224105835,
    6.284674167633057,
    6.120429515838623,
    5.602509498596191,
    5.90371036529541,
    5.8654632568359375,
    5.390152931213379,
    5.397785663604736,
    5.518946170806885,
    5.174322605133057,
    5.2942633628845215,
    5.323178768157959,
    5.098630428314209,
    4.894176006317139,
    4.81436014175415,
    4.666597366333008,
    5.14658784866333,
    4.595317363739014,
    4.46380615234375,
    4.600881099700928,
    4.765830993652344,
    4.425849914550781,
    4.365207195281982,
    4.57624626159668,
    4.297115802764893,
    4.246600151062012,
    4.449067115783691,
    4.12420654296875,
    4.081689357757568
  ],
  "apparent_age_std_mean_absolute_error": [
    1.9972096681594849,
    1.980154275894165,
    1.9372730255126953,
    1.9841963052749634,
    1.9709172248840332,
    1.9013681411743164,
    1.9237116575241089,
    1.8870593309402466,
    1.8254048824310303,
    1.8194289207458496,
    1.8481206893920898,
    1.8125382661819458,
    1.810166835784912,
    1.7836798429489136,
    1.7765477895736694,
    1.724935531616211,
    1.7089998722076416,
    1.7052544355392456,
    1.7639490365982056,
    1.6806234121322632,
    1.6486848592758179,
    1.701828956604004,
    1.6745898723602295,
    1.6351996660232544,
    1.6455622911453247,
    1.646708369255066,
    1.5943387746810913,
    1.5918582677841187,
    1.637746810913086,
    1.577591061592102,
    1.5531617403030396
  ],
  "apparent_age_std_mean_squared_error": [
    6.350028991699219,
    6.185526371002197,
    5.93283224105835,
    6.284674167633057,
    6.120429515838623,
    5.602509498596191,
    5.90371036529541,
    5.8654632568359375,
    5.390152931213379,
    5.397785663604736,
    5.518946170806885,
    5.174322605133057,
    5.2942633628845215,
    5.323178768157959,
    5.098630428314209,
    4.894176006317139,
    4.81436014175415,
    4.666597366333008,
    5.14658784866333,
    4.595317363739014,
    4.46380615234375,
    4.600881099700928,
    4.765830993652344,
    4.425849914550781,
    4.365207195281982,
    4.57624626159668,
    4.297115802764893,
    4.246600151062012,
    4.449067115783691,
    4.12420654296875,
    4.081689357757568
  ],
  "loss": [
    64.2994384765625,
    59.42683410644531,
    54.036014556884766,
    57.17898941040039,
    50.49517822265625,
    50.657684326171875,
    51.508995056152344,
    51.934452056884766,
    48.06755828857422,
    41.93687438964844,
    43.46183395385742,
    46.19615936279297,
    48.95034408569336,
    40.57677459716797,
    43.24906539916992,
    39.36655044555664,
    37.48552322387695,
    37.09491729736328,
    43.725852966308594,
    36.779327392578125,
    38.438690185546875,
    43.86465072631836,
    36.588741302490234,
    42.93889617919922,
    43.29291915893555,
    38.462310791015625,
    34.543174743652344,
    35.5200080871582,
    37.0637092590332,
    32.44015121459961,
    37.06885528564453
  ],
  "val_apparent_age_avg_loss": [
    128.0731658935547,
    112.96170806884766,
    127.44671630859375,
    113.23455810546875,
    126.11913299560547,
    113.6202392578125,
    118.64996337890625,
    127.13228607177734,
    114.43814849853516,
    122.3682632446289,
    120.8126449584961,
    110.65193939208984,
    121.5862045288086,
    115.1377944946289,
    116.9027328491211,
    120.71434783935547,
    109.88259887695312,
    101.34902954101562,
    112.3592529296875,
    111.35123443603516,
    97.45378875732422,
    110.57675170898438,
    107.1258773803711,
    118.64069366455078,
    117.5455551147461,
    108.64456176757812,
    107.05810546875,
    119.4529800415039,
    106.79952239990234,
    107.2646713256836,
    110.16024017333984
  ],
  "val_apparent_age_avg_mean_absolute_error": [
    8.62696361541748,
    8.275713920593262,
    8.856972694396973,
    8.116084098815918,
    8.561006546020508,
    8.257759094238281,
    8.242619514465332,
    8.650187492370605,
    8.180060386657715,
    8.512542724609375,
    8.422175407409668,
    8.139513969421387,
    8.42290210723877,
    8.215372085571289,
    8.443225860595703,
    8.512988090515137,
    8.156383514404297,
    7.9294257164001465,
    8.183762550354004,
    8.123101234436035,
    7.784461975097656,
    8.079937934875488,
    7.8971710205078125,
    8.549837112426758,
    8.304993629455566,
    8.066529273986816,
    8.104415893554688,
    8.207350730895996,
    7.889575958251953,
    8.044736862182617,
    8.273362159729004
  ],
  "val_apparent_age_avg_mean_squared_error": [
    128.0731658935547,
    112.96170806884766,
    127.44671630859375,
    113.23455810546875,
    126.11913299560547,
    113.6202392578125,
    118.64996337890625,
    127.13228607177734,
    114.43814849853516,
    122.3682632446289,
    120.8126449584961,
    110.65193939208984,
    121.5862045288086,
    115.1377944946289,
    116.9027328491211,
    120.71434783935547,
    109.88259887695312,
    101.34902954101562,
    112.3592529296875,
    111.35123443603516,
    97.45378875732422,
    110.57675170898438,
    107.1258773803711,
    118.64069366455078,
    117.5455551147461,
    108.64456176757812,
    107.05810546875,
    119.4529800415039,
    106.79952239990234,
    107.2646713256836,
    110.16024017333984
  ],