{
  "apparent_age_avg_loss": [
    45.92139434814453,
    40.61615753173828,
    37.95476531982422,
    34.27978515625,
    36.89330291748047,
    34.04438400268555,
    32.8294677734375,
    33.8892822265625,
    31.00154685974121,
    36.690120697021484,
    31.544212341308594,
    33.10138702392578,
    31.925687789916992,
    29.3979549407959,
    31.793066024780273,
    28.573884963989258,
    31.08074188232422,
    28.965713500976562,
    30.33843994140625,
    30.23381996154785
  ],
  "apparent_age_avg_mean_absolute_error": [
    5.239830493927002,
    4.906588554382324,
    4.769548416137695,
    4.580209732055664,
    4.666758060455322,
    4.538748264312744,
    4.4499192237854,
    4.52033805847168,
    4.333902835845947,
    4.662748336791992,
    4.29669713973999,
    4.485949993133545,
    4.408020496368408,
    4.238102436065674,
    4.296465873718262,
    4.1264801025390625,
    4.319759368896484,
    4.184079647064209,
    4.301782608032227,
    4.266881465911865
  ],
  "apparent_age_avg_mean_squared_error": [
    45.92139434814453,
    40.61615753173828,
    37.95476531982422,
    34.27978515625,
    36.89330291748047,
    34.04438400268555,
    32.8294677734375,
    33.8892822265625,
    31.00154685974121,
    36.690120697021484,
    31.544212341308594,
    33.10138702392578,
    31.925687789916992,
    29.3979549407959,
    31.793066024780273,
    28.573884963989258,
    31.08074188232422,
    28.965713500976562,
    30.33843994140625,
    30.23381996154785
  ],
  "apparent_age_std_loss": [
    2.250957489013672,
    2.3163392543792725,
    2.117788791656494,
    2.1618146896362305,
    2.199892282485962,
    2.1291086673736572,
    2.1160943508148193,
    2.1344711780548096,
    2.125852346420288,
    2.1651859283447266,
    2.148848533630371,
    2.092778205871582,
    2.0219528675079346,
    2.1417901515960693,
    2.0137827396392822,
    2.100658893585205,
    2.0145070552825928,
    2.065755844116211,
    2.0289344787597656,
    2.0389392375946045
  ],
  "apparent_age_std_mean_absolute_error": [
    1.1538537740707397,
    1.156309723854065,
    1.097880244255066,
    1.1282320022583008,
    1.1135040521621704,
    1.102508306503296,
    1.1026254892349243,
    1.0913808345794678,
    1.1009632349014282,
    1.1159414052963257,
    1.0997941493988037,
    1.1025604009628296,
    1.0787534713745117,
    1.1216630935668945,
    1.065908432006836,
    1.0891995429992676,
    1.0777467489242554,
    1.1026076078414917,
    1.0845893621444702,
    1.0839024782180786
  ],
  "apparent_age_std_mean_squared_error": [
    2.250957489013672,
    2.3163392543792725,
    2.117788791656494,
    2.1618146896362305,
    2.199892282485962,
    2.1291086673736572,
    2.1160943508148193,
    2.1344711780548096,
    2.125852346420288,
    2.1651859283447266,
    2.148848533630371,
    2.092778205871582,
    2.0219528675079346,
    2.1417901515960693,
    2.0137827396392822,
    2.100658893585205,
    2.0145070552825928,
    2.065755844116211,
    2.0289344787597656,
    2.0389392375946045
  ],
  "loss": [
    48.27140808105469,
    43.03156280517578,
    40.17158889770508,
    36.54062271118164,
    39.192195892333984,
    36.27246856689453,
    35.04452896118164,
    36.122703552246094,
    33.22632598876953,
    38.954227447509766,
    33.79195022583008,
    35.29304504394531,
    34.0465087890625,
    31.63859748840332,
    33.90567398071289,
    30.773357391357422,
    33.19404983520508,
    31.130266189575195,
    32.466156005859375,
    32.37152099609375
  ],
  "val_apparent_age_avg_loss": [
    108.0971450805664,
    105.13589477539062,
    101.243896484375,
    100.4995346069336,
    99.88111114501953,
    105.60283660888672,
    104.1060791015625,
    104.00257110595703,
    100.34649658203125,
    93.27191162109375,
    97.95661163330078,
    99.32146453857422,
    106.8992919921875,
    103.4342041015625,
    100.35687255859375,
    102.85415649414062,
    100.94061279296875,
    106.33480834960938,
    101.3366470336914,
    101.22342681884766
  ],
  "val_apparent_age_avg_mean_absolute_error": [
    7.919963359832764,
    7.642276287078857,
    7.761610507965088,
    7.693528652191162,
    7.586686611175537,
    7.671726226806641,
    7.701550006866455,
    7.7060980796813965,
    7.509108066558838,
    7.3200364112854,
    7.412102222442627,
    7.453010559082031,
    7.878459453582764,
    7.7213454246521,
    7.673351287841797,
    7.519384384155273,
    7.605884552001953,
    7.796098709106445,
    7.573989391326904,
    7.533054828643799
  ],
  "val_apparent_age_avg_mean_squared_error": [
    108.0971450805664,
    105.13589477539062,
    101.243896484375,
    100.4995346069336,
    99.88111114501953,
    105.60283660888672,
    104.1060791015625,
    104.00257110595703,
    100.34649658203125,
    93.27191162109375,
    97.95661163330078,
    99.32146453857422,
    106.8992919921875,
    103.4342041015625,
    100.35687255859375,
    102.85415649414062,
    100.94061279296875,
    106.33480834960938,
    101.3366470336914,
    101.22342681884766
  ],
  "val_apparent_age_std_loss": [
    3.258512258529663,
    2.956603765487671,
    2.9172298908233643,
    2.8528354167938232,
    3.0691068172454834,
    2.9197559356689453,
    3.088571310043335,
    2.986229658126831,
    3.001495122909546,
    2.9987049102783203,
    2.704149007797241,
    3.0196316242218018,
    2.9251410961151123,
    2.8984720706939697,
    2.972515344619751,
    2.889512062072754,
    2.8909223079681396,
    3.052615165710449,
    3.1387100219726562,
    2.7908051013946533
  ],
  "val_apparent_age_std_mean_absolute_error": [
    1.4199848175048828,
    1.3456131219863892,
    1.3270710706710815,
    1.3347307443618774,
    1.3752857446670532,
    1.3407350778579712,
    1.3639925718307495,
    1.3348058462142944,
    1.3287450075149536,
    1.3679805994033813,
    1.2968472242355347,
    1.3645507097244263,
    1.3275432586669922,
    1.3230195045471191,
    1.3543113470077515,
    1.3363972902297974,
    1.3414398431777954,
    1.3704477548599243,
    1.384371280670166,
    1.278653860092163
  ],
  "val_apparent_age_std_mean_squared_error": [
    3.258512258529663,
    2.956603765487671,
    2.9172298908233643,
    2.8528354167938232,
    3.0691068172454834,
    2.9197559356689453,
    3.088571310043335,
    2.986229658126831,
    3.001495122909546,
    2.9987049102783203,
    2.704149007797241,
    3.0196316242218018,
    2.9251410961151123,
    2.8984720706939697,
    2.972515344619751,
    2.889512062072754,
    2.8909223079681396,
    3.052615165710449,
    3.1387100219726562,
    2.7908051013946533
  ],
  "val_loss": [
    111.4547119140625,
    108.19153594970703,
    104.26012420654297,
    103.45135498046875,
    103.0492172241211,
    108.62152862548828,
    107.29360961914062,
    107.0877456665039,
    103.4468994140625,
    96.36951446533203,
    100.75963592529297,
    102.43994903564453,
    109.92327880859375,
    106.43151092529297,
    103.4282455444336,
    105.84247589111328,
    103.93032836914062,
    109.48619842529297,
    104.57413482666016,
    104.11299896240234
  ]
}