{
  "apparent_age_avg_loss": [
    63.08733367919922,
    56.63514709472656,
    58.054046630859375,
    59.18266296386719,
    56.891658782958984,
    53.26930618286133,
    51.927608489990234,
    49.828216552734375,
    51.63066864013672,
    49.389156341552734,
    48.05936050415039,
    47.58781433105469,
    48.148311614990234,
    43.449928283691406,
    45.32268524169922,
    46.42814636230469,
    47.05484390258789,
    44.47260665893555,
    42.19559097290039,
    42.211570739746094,
    43.28337478637695,
    41.8638916015625,
    40.73189926147461,
    40.931175231933594,
    42.83579635620117,
    43.45339584350586,
    42.873329162597656,
    41.796791076660156,
    41.180572509765625,
    39.62099075317383,
    40.184017181396484,
    38.88286209106445,
    40.232582092285156
  ],
  "apparent_age_avg_mean_absolute_error": [
    6.102161407470703,
    5.8874921798706055,
    5.929821968078613,
    5.967718601226807,
    5.940846920013428,
    5.739871978759766,
    5.633883476257324,
    5.525673866271973,
    5.535343170166016,
    5.477656841278076,
    5.418266296386719,
    5.347020626068115,
    5.416384220123291,
    5.128799915313721,
    5.265999794006348,
    5.357250213623047,
    5.3637261390686035,
    5.201066970825195,
    5.093285083770752,
    5.072314739227295,
    5.169888973236084,
    5.052136421203613,
    5.003791332244873,
    4.9678802490234375,
    5.0830464363098145,
    5.122303485870361,
    5.115107536315918,
    5.028602600097656,
    5.037155628204346,
    4.9503960609436035,
    4.902595520019531,
    4.884122848510742,
    4.906187057495117
  ],
  "apparent_age_avg_mean_squared_error": [
    63.08733367919922,
    56.63514709472656,
    58.054046630859375,
    59.18266296386719,
    56.891658782958984,
    53.26930618286133,
    51.927608489990234,
    49.828216552734375,
    51.63066864013672,
    49.389156341552734,
    48.05936050415039,
    47.58781433105469,
    48.148311614990234,
    43.449928283691406,
    45.32268524169922,
    46.42814636230469,
    47.05484390258789,
    44.47260665893555,
    42.19559097290039,
    42.211570739746094,
    43.28337478637695,
    41.8638916015625,
    40.73189926147461,
    40.931175231933594,
    42.83579635620117,
    43.45339584350586,
    42.873329162597656,
    41.796791076660156,
    41.180572509765625,
    39.62099075317383,
    40.184017181396484,
    38.88286209106445,
    40.232582092285156
  ],
  "apparent_age_std_loss": [
    2.3794970512390137,
    2.287353038787842,
    2.3171935081481934,
    2.2849128246307373,
    2.313328981399536,
    2.273977756500244,
    2.27716326713562,
    2.1958603858947754,
    2.2968571186065674,
    2.1880457401275635,
    2.180551528930664,
    2.1747772693634033,
    2.143190622329712,
    2.075608968734741,
    2.229433298110962,
    2.0631139278411865,
    2.17814564704895,
    2.1440441608428955,
    2.150254964828491,
    2.1072850227355957,
    2.1358981132507324,
    2.128861904144287,
    2.0047576427459717,
    2.0453295707702637,
    2.1151962280273438,
    2.0365121364593506,
    2.0682754516601562,
    2.1266028881073,
    2.135772705078125,
    1.9706125259399414,
    2.1292638778686523,
    2.0280723571777344,
    1.9949496984481812
  ],
  "apparent_age_std_mean_absolute_error": [
    1.1882375478744507,
    1.1662266254425049,
    1.1747527122497559,
    1.1578558683395386,
    1.1822328567504883,
    1.1575119495391846,
    1.162591814994812,
    1.1328301429748535,
    1.1646860837936401,
    1.13753342628479,
    1.1229629516601562,
    1.1426703929901123,
    1.122652292251587,
    1.0972936153411865,
    1.1391021013259888,
    1.0993223190307617,
    1.1207520961761475,
    1.1155887842178345,
    1.1140836477279663,
    1.105919361114502,
    1.1190683841705322,
    1.1210153102874756,
    1.0856176614761353,
    1.0911544561386108,
    1.1095181703567505,
    1.0920854806900024,
    1.0909600257873535,
    1.1022483110427856,
    1.121146321296692,
    1.0667171478271484,
    1.1172723770141602,
    1.0850739479064941,
    1.0839840173721313
  ],
  "apparent_age_std_mean_squared_error": [
    2.3794970512390137,
    2.287353038787842,
    2.3171935081481934,
    2.2849128246307373,
    2.313328981399536,
    2.273977756500244,
    2.27716326713562,
    2.1958603858947754,
    2.2968571186065674,
    2.1880457401275635,
    2.180551528930664,
    2.1747772693634033,
    2.143190622329712,
    2.075608968734741,
    2.229433298110962,
    2.0631139278411865,
    2.17814564704895,
    2.1440441608428955,
    2.150254964828491,
    2.1072850227355957,
    2.1358981132507324,
    2.128861904144287,
    2.0047576427459717,
    2.0453295707702637,
    2.1151962280273438,
    2.0365121364593506,
    2.0682754516601562,
    2.1266028881073,
    2.135772705078125,
    1.9706125259399414,
    2.1292638778686523,
    2.0280723571777344,
    1.9949496984481812
  ],
  "loss": [
    65.46683502197266,
    58.92250442504883,
    60.371253967285156,
    61.46757125854492,
    59.20498275756836,
    55.54327392578125,
    54.20477294921875,
    52.02406692504883,
    53.92753982543945,
    51.57720947265625,
    50.23993682861328,
    49.76258087158203,
    50.291507720947266,
    45.52552795410156,
    47.55210494995117,
    48.49126052856445,
    49.232967376708984,
    46.61664962768555,
    44.345855712890625,
    44.3188591003418,
    45.41926193237305,
    43.992767333984375,
    42.73666000366211,
    42.97650146484375,
    44.95098876953125,
    45.489891052246094,
    44.94159698486328,
    43.92338943481445,
    43.316349029541016,
    41.591609954833984,
    42.31328201293945,
    40.91092300415039,
    42.2275276184082
  ],
  "val_apparent_age_avg_loss": [
    105.51665496826172,
    105.77545928955078,
    98.37738800048828,
    103.2867431640625,
    96.27951049804688,
    100.34725952148438,
    100.71023559570312,
    96.83163452148438,
    99.99410247802734,
    96.01105499267578,
    96.45669555664062,
    92.02682495117188,
    92.168701171875,
    95.74447631835938,
    94.94436645507812,
    96.41837310791016,
    94.98220825195312,
    93.12718963623047,
    98.00497436523438,
    90.72645568847656,
    91.00334930419922,
    90.22168731689453,
    92.64521026611328,
    92.49214935302734,
    94.4335708618164,
    92.44017791748047,
    88.49720764160156,
    92.41796875,
    95.26473999023438,
    94.39079284667969,
    87.17420959472656,
    89.38468933105469,
    91.22695922851562
  ],
  "val_apparent_age_avg_mean_absolute_error": [
    7.7181396484375,
    7.681768417358398,
    7.56684684753418,
    7.7266669273376465,
    7.38559627532959,
    7.566272258758545,
    7.55190372467041,
    7.473267555236816,
    7.622883319854736,
    7.375731468200684,
    7.3687896728515625,
    7.23878288269043,
    7.2909722328186035,
    7.26397180557251,
    7.228050231933594,
    7.560372352600098,
    7.244077205657959,
    7.3007659912109375,
    7.476987361907959,
    7.205695152282715,
    7.232367515563965,
    7.270181655883789,
    7.266054153442383,
    7.287801742553711,
    7.384565353393555,
    7.235903263092041,
    7.098226070404053,
    7.277029991149902,
    7.387156963348389,
    7.275459289550781,
    7.071316719055176,
    7.130756855010986,
    7.1610589027404785
  ],