{
  "apparent_age_avg_loss": [
    90.51998901367188,
    68.2741928100586,
    60.914730072021484,
    52.4890251159668,
    53.9025993347168,
    44.876014709472656,
    44.10105895996094,
    46.11027908325195,
    41.20272445678711,
    40.3796272277832,
    42.4400634765625,
    41.51373291015625,
    33.98408126831055,
    39.24381637573242,
    37.65799331665039,
    35.93643569946289,
    33.29554748535156,
    32.297996520996094,
    41.715782165527344,
    35.055965423583984,
    35.92412185668945,
    35.65592575073242,
    33.453338623046875
  ],
  "apparent_age_avg_mean_absolute_error": [
    7.276713848114014,
    6.4594011306762695,
    6.100664138793945,
    5.5637102127075195,
    5.7468414306640625,
    5.13958215713501,
    5.197041034698486,
    5.290274620056152,
    5.0281476974487305,
    4.947423934936523,
    5.137667655944824,
    5.011877059936523,
    4.53495454788208,
    4.926760196685791,
    4.806773662567139,
    4.712367057800293,
    4.529469966888428,
    4.408092498779297,
    4.976929187774658,
    4.6101975440979,
    4.659168720245361,
    4.597723007202148,
    4.439235210418701
  ],
  "apparent_age_avg_mean_squared_error": [
    90.51998901367188,
    68.2741928100586,
    60.914730072021484,
    52.4890251159668,
    53.9025993347168,
    44.876014709472656,
    44.10105895996094,
    46.11027908325195,
    41.20272445678711,
    40.3796272277832,
    42.4400634765625,
    41.51373291015625,
    33.98408126831055,
    39.24381637573242,
    37.65799331665039,
    35.93643569946289,
    33.29554748535156,
    32.297996520996094,
    41.715782165527344,
    35.055965423583984,
    35.92412185668945,
    35.65592575073242,
    33.453338623046875
  ],
  "apparent_age_std_loss": [
    12.787765502929688,
    11.921008110046387,
    11.445337295532227,
    10.388940811157227,
    10.458219528198242,
    9.707467079162598,
    8.942635536193848,
    8.439135551452637,
    7.242187976837158,
    6.585782051086426,
    6.384420871734619,
    6.184255599975586,
    5.553549289703369,
    5.339340686798096,
    4.727762699127197,
    4.865878105163574,
    4.887324333190918,
    4.239048957824707,
    4.483598232269287,
    3.903687000274658,
    4.132875919342041,
    3.866126775741577,
    3.8027968406677246
  ],
  "apparent_age_std_mean_absolute_error": [
    3.051684617996216,
    2.8876914978027344,
    2.8206593990325928,
    2.6754117012023926,
    2.7049949169158936,
    2.5593225955963135,
    2.4457712173461914,
    2.336670160293579,
    2.175847053527832,
    2.0420281887054443,
    2.002244710922241,
    1.977190375328064,
    1.851837396621704,
    1.8367000818252563,
    1.7128727436065674,
    1.7157645225524902,
    1.714499592781067,
    1.6101917028427124,
    1.6517194509506226,
    1.5393327474594116,
    1.5766401290893555,
    1.5150808095932007,
    1.4595082998275757
  ],
  "apparent_age_std_mean_squared_error": [
    12.787765502929688,
    11.921008110046387,
    11.445337295532227,
    10.388940811157227,
    10.458219528198242,
    9.707467079162598,
    8.942635536193848,
    8.439135551452637,
    7.242187976837158,
    6.585782051086426,
    6.384420871734619,
    6.184255599975586,
    5.553549289703369,
    5.339340686798096,
    4.727762699127197,
    4.865878105163574,
    4.887324333190918,
    4.239048957824707,
    4.483598232269287,
    3.903687000274658,
    4.132875919342041,
    3.866126775741577,
    3.8027968406677246
  ],
  "loss": [
    103.40697479248047,
    80.29444885253906,
    72.45932006835938,
    62.97720718383789,
    64.46003723144531,
    54.68269729614258,
    53.14291000366211,
    54.64861297607422,
    48.544097900390625,
    47.06458282470703,
    48.92364501953125,
    47.797142028808594,
    39.63676071166992,
    44.68227005004883,
    42.48485565185547,
    40.901397705078125,
    38.281951904296875,
    36.63610076904297,
    46.29841995239258,
    39.058677673339844,
    40.15599822998047,
    39.62105178833008,
    37.35511016845703
  ],
  "val_apparent_age_avg_loss": [
    125.59518432617188,
    130.85020446777344,
    146.1368865966797,
    137.59657287597656,
    138.58584594726562,
    122.48416900634766,
    136.20079040527344,
    119.30133056640625,
    130.39317321777344,
    122.79851531982422,
    111.06536865234375,
    122.7978515625,
    122.21502685546875,
    127.473388671875,
    119.01696014404297,
    116.38105010986328,
    123.3809814453125,
    116.37078857421875,
    116.8250503540039,
    117.5186996459961,
    114.73389434814453,
    113.32743072509766,
    118.78631591796875
  ],
  "val_apparent_age_avg_mean_absolute_error": [
    8.810294151306152,
    8.98366641998291,
    9.093875885009766,
    8.982125282287598,
    8.985808372497559,
    8.453872680664062,
    8.969927787780762,
    8.391389846801758,
    8.774222373962402,
    8.509135246276855,
    7.899153232574463,
    8.293471336364746,
    8.542572975158691,
    8.587224006652832,
    8.260394096374512,
    8.340065956115723,
    8.813427925109863,
    8.267576217651367,
    8.299201011657715,
    8.369843482971191,
    8.485036849975586,
    8.176192283630371,
    8.246392250061035
  ],
  "val_apparent_age_avg_mean_squared_error": [
    125.59518432617188,
    130.85020446777344,
    146.1368865966797,
    137.59657287597656,
    138.58584594726562,
    122.48416900634766,
    136.20079040527344,
    119.30133056640625,
    130.39317321777344,
    122.79851531982422,
    111.06536865234375,
    122.7978515625,
    122.21502685546875,
    127.473388671875,
    119.01696014404297,
    116.38105010986328,
    123.3809814453125,
    116.37078857421875,
    116.8250503540039,
    117.5186996459961,
    114.73389434814453,
    113.32743072509766,
    118.78631591796875
  ],
  "val_apparent_age_std_loss": [
    12.983723640441895,
    12.348968505859375,
    12.212628364562988,
    10.976947784423828,
    10.462434768676758,
    9.301620483398438,
    9.1109037399292,
    8.82232666015625,
    8.093815803527832,
    7.637325286865234,
    6.906087398529053,
    6.775753021240234,
    5.961526393890381,
    6.257003307342529,
    5.486480712890625,
    5.500856399536133,
    5.345623016357422,
    5.642528533935547,
    5.007020473480225,
    4.954354763031006,
    5.195583820343018,
    5.17397928237915,
    4.598414897918701
  ],
  "val_apparent_age_std_mean_absolute_error": [
    3.0230515003204346,
    2.9329633712768555,
    2.936434745788574,
    2.7533302307128906,
    2.6813080310821533,
    2.5214760303497314,
    2.4503819942474365,
    2.414907455444336,
    2.307642936706543,
    2.178093910217285,
    2.090475082397461,
    2.0954036712646484,
    1.9119666814804077,
    1.9940757751464844,
    1.8459725379943848,
    1.8446869850158691,
    1.8240636587142944,
    1.927560806274414,
    1.7869572639465332,
    1.7624772787094116,
    1.7759844064712524,
    1.7757126092910767,
    1.6760822534561157
  ],
  "val_apparent_age_std_mean_squared_error": [
    12.983723640441895,
    12.348968505859375,
    12.212628364562988,
    10.976947784423828,
    10.462434768676758,
    9.301620483398438,
    9.1109037399292,
    8.82232666015625,
    8.093815803527832,
    7.637325286865234,
    6.906087398529053,
    6.775753021240234,
    5.961526393890381,
    6.257003307342529,
    5.486480712890625,
    5.500856399536133,
    5.345623016357422,
    5.642528533935547,
    5.007020473480225,
    4.954354763031006,
    5.195583820343018,
    5.17397928237915,
    4.598414897918701
  ],