{
  "apparent_age_avg_loss": [
    1042.453857421875,
    995.8016357421875,
    942.1631469726562,
    905.0541381835938,
    856.4927368164062,
    811.56298828125,
    786.3125,
    746.2135620117188,
    711.2053833007812,
    680.0760498046875,
    678.184814453125,
    631.1846923828125,
    607.8189086914062,
    581.841552734375,
    577.9071655273438,
    533.9070434570312,
    521.5709838867188,
    494.62982177734375,
    468.2685852050781,
    462.9461669921875,
    432.29376220703125,
    424.84027099609375,
    401.1663818359375,
    378.7473449707031,
    370.26153564453125,
    355.1710510253906,
    344.2982177734375,
    333.7330017089844,
    301.2626647949219,
    301.99761962890625,
    273.9490966796875,
    273.3394470214844,
    261.20074462890625,
    237.4744110107422,
    230.16519165039062,
    224.57763671875,
    210.6964874267578,
    201.00833129882812,
    198.98081970214844,
    184.45034790039062,
    179.7753143310547,
    172.9080047607422,
    162.3668975830078,
    155.22328186035156,
    151.0563201904297,
    143.40335083007812,
    144.33251953125,
    138.9505157470703,
    127.19354248046875,
    120.3502426147461,
    116.34051513671875,
    112.32763671875,
    106.3609848022461,
    106.65667724609375,
    103.4137191772461,
    96.76786041259766,
    97.96485900878906,
    94.00629425048828,
    90.30548858642578,
    90.08512115478516,
    87.76030731201172,
    83.85548400878906,
    81.0924072265625,
    80.32282257080078,
    80.89649963378906,
    81.34312438964844,
    74.32984924316406,
    73.78496551513672,
    73.496826171875,
    70.62167358398438,
    70.94088745117188,
    69.87630462646484,
    72.31891632080078,
    69.7379150390625,
    68.11331176757812,
    62.6671142578125,
    64.38899993896484,
    66.8973159790039,
    63.28635025024414,
    65.23615264892578,
    62.9351692199707,
    62.02244567871094,
    68.39451599121094,
    60.5064811706543
  ],
  "apparent_age_avg_mean_absolute_error": [
    28.754480361938477,
    28.188562393188477,
    27.353240966796875,
    26.75727081298828,
    26.00362777709961,
    25.22930908203125,
    24.82672691345215,
    24.06060218811035,
    23.50857162475586,
    22.89488983154297,
    22.806438446044922,
    21.866025924682617,
    21.448909759521484,
    21.051057815551758,
    20.656204223632812,
    19.869535446166992,
    19.607200622558594,
    19.004117965698242,
    18.528766632080078,
    18.2791690826416,
    17.58477783203125,
    17.298873901367188,
    16.913543701171875,
    16.243322372436523,
    15.937455177307129,
    15.642751693725586,
    15.371423721313477,
    15.037917137145996,
    14.21926498413086,
    14.107831001281738,
    13.502476692199707,
    13.394651412963867,
    13.069087028503418,
    12.383548736572266,
    12.112602233886719,
    11.900904655456543,
    11.485175132751465,
    11.191361427307129,
    11.05759334564209,
    10.703470230102539,
    10.463335990905762,
    10.260462760925293,
    9.9255952835083,
    9.669568061828613,
    9.520235061645508,
    9.330562591552734,
    9.122878074645996,
    9.078577041625977,
    8.609301567077637,
    8.463342666625977,
    8.233657836914062,
    8.092814445495605,
    7.8750386238098145,
    7.972105979919434,
    7.762938499450684,
    7.579217910766602,
    7.552481174468994,
    7.473487377166748,
    7.252878665924072,
    7.39204216003418,
    7.132737159729004,
    7.138318061828613,
    6.8856706619262695,
    6.912957191467285,
    6.901298522949219,
    6.889059066772461,
    6.6363654136657715,
    6.551904201507568,
    6.672797203063965,
    6.469263076782227,
    6.500295162200928,
    6.522041320800781,
    6.539759159088135,
    6.445633888244629,
    6.396288871765137,
    6.183498382568359,
    6.196523666381836,
    6.351293563842773,
    6.155148983001709,
    6.255201816558838,
    6.1212382316589355,
    6.064156532287598,
    6.290398120880127,
    6.009574890136719
  ],
  "apparent_age_std_loss": [
    0.0,
    0.0,
    0.0,
    0.0,
    0.0,
    0.0,
    0.0,
    0.0,
    0.0,
    0.0,
    0.0,
    0.0,
    0.0,
    0.0,
    0.0,
    0.0,
    0.0,
    0.0,
    0.0,
    0.0,
    0.0,
    0.0,
    0.0,
    0.0,
    0.0,
    0.0,
    0.0,
    0.0,
    0.0,
    0.0,
    0.0,
    0.0,
    0.0,
    0.0,
    0.0,
    0.0,
    0.0,
    0.0,
    0.0,
    0.0,
    0.0,
    0.0,
    0.0,
    0.0,
    0.0,
    0.0,
    0.0,
    0.0,
    0.0,
    0.0,
    0.0,
    0.0,
    0.0,
    0.0,
    0.0,
    0.0,
    0.0,
    0.0,
    0.0,
    0.0,
    0.0,
    0.0,
    0.0,
    0.0,
    0.0,
    0.0,
    0.0,
    0.0,
    0.0,
    0.0,
    0.0,
    0.0,
    0.0,
    0.0,
    0.0,
    0.0,
    0.0,
    0.0,
    0.0,
    0.0,
    0.0,
    0.0,
    0.0,
    0.0
  ],
  "loss": [
    1042.5562744140625,
    995.9038696289062,
    942.2652587890625,
    905.1561889648438,
    856.594482421875,
    811.6647338867188,
    786.4141235351562,
    746.315185546875,
    711.3068237304688,
    680.1775512695312,
    678.2861938476562,
    631.2860107421875,
    607.919921875,
    581.9425048828125,
    578.008056640625,
    534.0079345703125,
    521.6716918945312,
    494.7303771972656,
    468.36920166015625,
    463.0468444824219,
    432.39410400390625,
    424.9407653808594,
    401.26666259765625,
    378.8477478027344,
    370.36181640625,
    355.2711486816406,
    344.3982849121094,
    333.8330993652344,
    301.3625793457031,
    302.0976257324219,
    274.04901123046875,
    273.4392395019531,
    261.3005676269531,
    237.57412719726562,
    230.26487731933594,
    224.67727661132812,
    210.7960968017578,
    201.10792541503906,
    199.08033752441406,
    184.5498504638672,
    179.87477111816406,
    173.00741577148438,
    162.46630859375,
    155.3226776123047,
    151.15570068359375,
    143.50267028808594,
    144.43182373046875,
    139.0498504638672,
    127.29283142089844,
    120.44950103759766,
    116.43972778320312,
    112.42684936523438,
    106.4601821899414,
    106.75584411621094,
    103.51287841796875,
    96.86698913574219,
    98.06397247314453,
    94.10540008544922,
    90.40457153320312,
    90.18421936035156,
    87.85938262939453,
    83.95455932617188,
    81.19146728515625,
    80.42188262939453,
    80.99554443359375,
    81.44217681884766,
    74.42890167236328,
    73.884033203125,
    73.59587860107422,
    70.7207260131836,
    71.0399398803711,
    69.975341796875,
    72.41798400878906,
    69.83695983886719,
    68.21238708496094,
    62.76619338989258,
    64.48809051513672,
    66.99638366699219,
    63.38541793823242,
    65.33523559570312,
    63.03425598144531,
    62.12153625488281,
    68.49362182617188,
    60.6055908203125
  ],