{
  "apparent_age_avg_loss": [
    36.2844123840332,
    31.724483489990234,
    29.21455955505371,
    28.869770050048828,
    28.957876205444336,
    28.462875366210938,
    29.839014053344727,
    28.007614135742188,
    26.86115264892578,
    25.000015258789062,
    24.936628341674805,
    25.56313705444336,
    25.425424575805664,
    25.389434814453125,
    24.819021224975586,
    25.541332244873047,
    24.96865463256836,
    25.68604278564453,
    23.84092903137207,
    24.459962844848633,
    25.289613723754883,
    25.65886688232422,
    23.997699737548828,
    23.710407257080078,
    23.14252281188965,
    23.569747924804688,
    23.583538055419922,
    23.37379264831543,
    22.138769149780273,
    22.772003173828125,
    24.765947341918945,
    23.68106460571289,
    22.967134475708008
  ],
  "apparent_age_avg_mean_absolute_error": [
    4.62785530090332,
    4.364467144012451,
    4.138443946838379,
    4.153136730194092,
    4.1393842697143555,
    4.07064962387085,
    4.187489986419678,
    4.087823390960693,
    3.989182710647583,
    3.8293654918670654,
    3.8675572872161865,
    3.900024652481079,
    3.884223461151123,
    3.869616985321045,
    3.8282575607299805,
    3.8976922035217285,
    3.8659825325012207,
    3.916966438293457,
    3.7884414196014404,
    3.759748697280884,
    3.91672420501709,
    3.88830304145813,
    3.763408660888672,
    3.781883716583252,
    3.7164106369018555,
    3.7039694786071777,
    3.790268659591675,
    3.7412471771240234,
    3.616410493850708,
    3.6867921352386475,
    3.8100075721740723,
    3.7472946643829346,
    3.65043306350708
  ],
  "apparent_age_avg_mean_squared_error": [
    36.2844123840332,
    31.724483489990234,
    29.21455955505371,
    28.869770050048828,
    28.957876205444336,
    28.462875366210938,
    29.839014053344727,
    28.007614135742188,
    26.86115264892578,
    25.000015258789062,
    24.936628341674805,
    25.56313705444336,
    25.425424575805664,
    25.389434814453125,
    24.819021224975586,
    25.541332244873047,
    24.96865463256836,
    25.68604278564453,
    23.84092903137207,
    24.459962844848633,
    25.289613723754883,
    25.65886688232422,
    23.997699737548828,
    23.710407257080078,
    23.14252281188965,
    23.569747924804688,
    23.583538055419922,
    23.37379264831543,
    22.138769149780273,
    22.772003173828125,
    24.765947341918945,
    23.68106460571289,
    22.967134475708008
  ],
  "apparent_age_std_loss": [
    2.646360158920288,
    2.542109966278076,
    2.6063411235809326,
    2.41839337348938,
    2.5051207542419434,
    2.4530675411224365,
    2.4657340049743652,
    2.463902235031128,
    2.4275825023651123,
    2.4077553749084473,
    2.506152391433716,
    2.4244883060455322,
    2.3964083194732666,
    2.2913241386413574,
    2.378269672393799,
    2.2504019737243652,
    2.452085256576538,
    2.403937339782715,
    2.3815901279449463,
    2.404036045074463,
    2.4160351753234863,
    2.3974146842956543,
    2.3554306030273438,
    2.3390917778015137,
    2.37392258644104,
    2.306049108505249,
    2.4165165424346924,
    2.35793399810791,
    2.3185410499572754,
    2.1908204555511475,
    2.3869144916534424,
    2.2747347354888916,
    2.294670820236206
  ],
  "apparent_age_std_mean_absolute_error": [
    1.2604870796203613,
    1.238815188407898,
    1.2445006370544434,
    1.197392463684082,
    1.2193530797958374,
    1.1949501037597656,
    1.2031292915344238,
    1.2049700021743774,
    1.20108962059021,
    1.1960488557815552,
    1.209118127822876,
    1.208680510520935,
    1.1900901794433594,
    1.170629620552063,
    1.197074294090271,
    1.1655844449996948,
    1.2106726169586182,
    1.1851657629013062,
    1.1816670894622803,
    1.1871603727340698,
    1.2000625133514404,
    1.1921013593673706,
    1.1672472953796387,
    1.177870512008667,
    1.1879839897155762,
    1.176011085510254,
    1.188679814338684,
    1.1818852424621582,
    1.170740008354187,
    1.1320041418075562,
    1.1824594736099243,
    1.1459459066390991,
    1.1563365459442139
  ],
  "apparent_age_std_mean_squared_error": [
    2.646360158920288,
    2.542109966278076,
    2.6063411235809326,
    2.41839337348938,
    2.5051207542419434,
    2.4530675411224365,
    2.4657340049743652,
    2.463902235031128,
    2.4275825023651123,
    2.4077553749084473,
    2.506152391433716,
    2.4244883060455322,
    2.3964083194732666,
    2.2913241386413574,
    2.378269672393799,
    2.2504019737243652,
    2.452085256576538,
    2.403937339782715,
    2.3815901279449463,
    2.404036045074463,
    2.4160351753234863,
    2.3974146842956543,
    2.3554306030273438,
    2.3390917778015137,
    2.37392258644104,
    2.306049108505249,
    2.4165165424346924,
    2.35793399810791,
    2.3185410499572754,
    2.1908204555511475,
    2.3869144916534424,
    2.2747347354888916,
    2.294670820236206
  ],
  "loss": [
    39.02775573730469,
    34.36356735229492,
    31.917856216430664,
    31.38510513305664,
    31.55992317199707,
    31.01285171508789,
    32.40163040161133,
    30.56839942932129,
    29.385589599609375,
    27.504606246948242,
    27.53961181640625,
    28.084442138671875,
    27.91864776611328,
    27.777530670166016,
    27.294050216674805,
    27.888498306274414,
    27.51748275756836,
    28.186702728271484,
    26.319223403930664,
    26.960695266723633,
    27.80233383178711,
    28.152957916259766,
    26.449783325195312,
    26.146137237548828,
    25.613079071044922,
    25.9724178314209,
    26.096656799316406,
    25.828311920166016,
    24.55389404296875,
    25.05939483642578,
    27.24941635131836,
    26.052349090576172,
    25.35834312438965
  ],
  "val_apparent_age_avg_loss": [
    99.66609191894531,
    88.50807189941406,
    94.27699279785156,
    96.09555053710938,
    91.74626159667969,
    93.51942443847656,
    87.30065155029297,
    91.96599578857422,
    88.11234283447266,
    87.29505920410156,
    90.90267944335938,
    91.02638244628906,
    91.15076446533203,
    90.22831726074219,
    91.45600891113281,
    89.23934173583984,
    85.04755401611328,
    88.13282012939453,
    86.5281982421875,
    92.98202514648438,
    81.94715118408203,
    83.88597106933594,
    88.13432312011719,
    89.81160736083984,
    85.49333953857422,
    85.855224609375,
    87.43245697021484,
    81.59475708007812,
    86.96092224121094,
    85.45503997802734,
    84.345703125,
    81.7498779296875,
    83.60037231445312
  ],
  "val_apparent_age_avg_mean_absolute_error": [
    7.434046268463135,
    7.000085353851318,
    7.16564416885376,
    7.29987907409668,
    7.175315856933594,
    7.12606143951416,
    6.9337358474731445,
    7.197336673736572,
    6.994019508361816,
    6.91007661819458,
    7.014807224273682,
    7.057872295379639,
    7.051851272583008,
    6.941540241241455,
    7.025087356567383,
    6.942988395690918,
    6.865874290466309,
    6.959130764007568,
    6.882195949554443,
    7.138298988342285,
    6.714076519012451,
    6.715242385864258,
    6.905858516693115,
    7.055764675140381,
    6.799827575683594,
    6.773891925811768,
    6.889074325561523,
    6.737215995788574,
    6.905755996704102,
    6.8005852699279785,
    6.831326007843018,
    6.6556549072265625,
    6.685354709625244
  ],