{
  "apparent_age_avg_loss": [
    295.0408020019531,
    299.9785461425781,
    250.82235717773438,
    333.5457458496094,
    253.21322631835938,
    352.95257568359375,
    214.94528198242188,
    349.08685302734375,
    281.57257080078125,
    260.98272705078125,
    315.8420104980469,
    295.51275634765625,
    237.37957763671875
  ],
  "apparent_age_avg_mean_absolute_error": [
    16.15097427368164,
    16.200931549072266,
    15.00622844696045,
    17.195993423461914,
    15.05517864227295,
    17.67889976501465,
    13.602481842041016,
    17.749252319335938,
    15.685144424438477,
    15.3251953125,
    16.961978912353516,
    16.011219024658203,
    14.421113967895508
  ],
  "apparent_age_avg_mean_squared_error": [
    295.0408020019531,
    299.9785461425781,
    250.82235717773438,
    333.5457458496094,
    253.21322631835938,
    352.95257568359375,
    214.94528198242188,
    349.08685302734375,
    281.57257080078125,
    260.98272705078125,
    315.8420104980469,
    295.51275634765625,
    237.37957763671875
  ],
  "apparent_age_std_loss": [
    5.764044761657715,
    5.3733978271484375,
    5.020174980163574,
    4.857185363769531,
    5.277311325073242,
    6.488285064697266,
    4.783538818359375,
    5.820268630981445,
    5.712547779083252,
    5.547088146209717,
    5.559085845947266,
    4.9133710861206055,
    5.098809242248535
  ],
  "apparent_age_std_mean_absolute_error": [
    1.9365277290344238,
    1.8553102016448975,
    1.7557274103164673,
    1.7930099964141846,
    1.8177517652511597,
    2.1102747917175293,
    1.702286720275879,
    1.9953887462615967,
    1.8663926124572754,
    1.9141740798950195,
    1.9716373682022095,
    1.737562894821167,
    1.8180440664291382
  ],
  "apparent_age_std_mean_squared_error": [
    5.764044761657715,
    5.3733978271484375,
    5.020174980163574,
    4.857185363769531,
    5.277311325073242,
    6.488285064697266,
    4.783538818359375,
    5.820268630981445,
    5.712547779083252,
    5.547088146209717,
    5.559085845947266,
    4.9133710861206055,
    5.098809242248535
  ],
  "loss": [
    300.90631103515625,
    305.45343017578125,
    255.94400024414062,
    338.50439453125,
    258.5920104980469,
    359.5423278808594,
    219.83029174804688,
    355.00860595703125,
    287.3865661621094,
    266.63128662109375,
    321.5025634765625,
    300.527587890625,
    242.57986450195312
  ],
  "val_apparent_age_avg_loss": [
    644.2369384765625,
    603.466064453125,
    538.312744140625,
    639.435546875,
    562.3322143554688,
    624.749755859375,
    616.6468505859375,
    559.82275390625,
    605.4412231445312,
    575.3507080078125,
    635.7601928710938,
    579.17822265625,
    540.851806640625
  ],
  "val_apparent_age_avg_mean_absolute_error": [
    19.782264709472656,
    18.430742263793945,
    17.991262435913086,
    18.627704620361328,
    18.702234268188477,
    18.11631202697754,
    18.314411163330078,
    17.989154815673828,
    18.641998291015625,
    18.085811614990234,
    18.32870101928711,
    18.364261627197266,
    17.949499130249023
  ],
  "val_apparent_age_avg_mean_squared_error": [
    644.2369384765625,
    603.466064453125,
    538.312744140625,
    639.435546875,
    562.3322143554688,
    624.749755859375,
    616.6468505859375,
    559.82275390625,
    605.4412231445312,
    575.3507080078125,
    635.7601928710938,
    579.17822265625,
    540.851806640625
  ],
  "val_apparent_age_std_loss": [
    6.551364898681641,
    6.108645439147949,
    6.475970268249512,
    5.427008152008057,
    6.607338905334473,
    6.489670753479004,
    6.114530563354492,
    5.229104042053223,
    5.351503849029541,
    5.962689399719238,
    5.975749492645264,
    6.218223571777344,
    5.823892593383789
  ],
  "val_apparent_age_std_mean_absolute_error": [
    1.8836467266082764,
    1.7594448328018188,
    1.880361795425415,
    1.682546854019165,
    1.8813586235046387,
    1.9773361682891846,
    1.7348825931549072,
    1.734985589981079,
    1.6251881122589111,
    1.8282337188720703,
    1.6917476654052734,
    1.8830225467681885,
    1.8005578517913818
  ],
  "val_apparent_age_std_mean_squared_error": [
    6.551364898681641,
    6.108645439147949,
    6.475970268249512,
    5.427008152008057,
    6.607338905334473,
    6.489670753479004,
    6.114530563354492,
    5.229104042053223,
    5.351503849029541,
    5.962689399719238,
    5.975749492645264,
    6.218223571777344,
    5.823892593383789
  ],
  "val_loss": [
    650.8897705078125,
    609.6761474609375,
    544.89013671875,
    644.9639892578125,
    569.041015625,
    631.3408813476562,
    622.86279296875,
    565.1533203125,
    610.8941650390625,
    581.4148559570312,
    641.83740234375,
    585.4978637695312,
    546.7771606445312
  ]
}