{
  "apparent_age_avg_loss": [
    93.39128112792969,
    76.959716796875,
    69.65841674804688,
    58.73040771484375,
    58.49641418457031,
    53.183372497558594,
    48.899383544921875,
    45.80979537963867,
    47.51237869262695,
    47.0968132019043,
    41.030879974365234,
    39.55924606323242,
    41.84831237792969,
    38.470985412597656,
    40.250186920166016,
    37.12877655029297,
    35.86141586303711,
    40.0072021484375,
    36.527984619140625,
    33.843135833740234,
    32.65469741821289,
    34.575321197509766,
    34.41093826293945,
    34.5129508972168,
    32.55723571777344,
    34.80378723144531,
    33.06674575805664,
    32.61635208129883,
    32.45381546020508,
    33.10905838012695,
    28.411943435668945,
    31.577722549438477,
    30.722400665283203,
    30.393640518188477,
    30.50370979309082,
    29.106637954711914,
    29.17974853515625,
    30.632061004638672,
    28.681974411010742
  ],
  "apparent_age_avg_mean_absolute_error": [
    7.5144782066345215,
    6.800957202911377,
    6.484476089477539,
    5.970484733581543,
    5.960435390472412,
    5.63604211807251,
    5.468481063842773,
    5.268607139587402,
    5.403609275817871,
    5.315136909484863,
    4.997490882873535,
    4.880484104156494,
    5.005242824554443,
    4.7980852127075195,
    4.943083763122559,
    4.713128566741943,
    4.71776008605957,
    4.911839008331299,
    4.677983283996582,
    4.521920204162598,
    4.513834476470947,
    4.540424823760986,
    4.5751848220825195,
    4.563232898712158,
    4.4462995529174805,
    4.5886006355285645,
    4.413486957550049,
    4.403927326202393,
    4.38674259185791,
    4.47821569442749,
    4.140283584594727,
    4.395923614501953,
    4.315888404846191,
    4.241877555847168,
    4.223112106323242,
    4.212024211883545,
    4.208718299865723,
    4.2985148429870605,
    4.148534774780273
  ],
  "apparent_age_avg_mean_squared_error": [
    93.39128112792969,
    76.959716796875,
    69.65841674804688,
    58.73040771484375,
    58.49641418457031,
    53.183372497558594,
    48.899383544921875,
    45.80979537963867,
    47.51237869262695,
    47.0968132019043,
    41.030879974365234,
    39.55924606323242,
    41.84831237792969,
    38.470985412597656,
    40.250186920166016,
    37.12877655029297,
    35.86141586303711,
    40.0072021484375,
    36.527984619140625,
    33.843135833740234,
    32.65469741821289,
    34.575321197509766,
    34.41093826293945,
    34.5129508972168,
    32.55723571777344,
    34.80378723144531,
    33.06674575805664,
    32.61635208129883,
    32.45381546020508,
    33.10905838012695,
    28.411943435668945,
    31.577722549438477,
    30.722400665283203,
    30.393640518188477,
    30.50370979309082,
    29.106637954711914,
    29.17974853515625,
    30.632061004638672,
    28.681974411010742
  ],
  "apparent_age_std_loss": [
    9.282904624938965,
    4.496535778045654,
    3.341780185699463,
    3.0325965881347656,
    2.9732704162597656,
    2.8598837852478027,
    2.6875858306884766,
    2.5844790935516357,
    2.647226095199585,
    2.5533018112182617,
    2.528679370880127,
    2.5174338817596436,
    2.5051910877227783,
    2.447233200073242,
    2.433985948562622,
    2.35349702835083,
    2.300783634185791,
    2.30644154548645,
    2.2908971309661865,
    2.186892509460449,
    2.2511847019195557,
    2.205984592437744,
    2.1839067935943604,
    2.027625560760498,
    2.0985660552978516,
    2.1865832805633545,
    2.073439359664917,
    2.043510913848877,
    2.1442012786865234,
    1.9440348148345947,
    2.0936944484710693,
    1.9642177820205688,
    2.1687986850738525,
    2.0035288333892822,
    2.0656521320343018,
    2.102780818939209,
    1.9099764823913574,
    2.011592149734497,
    1.9302494525909424
  ],
  "apparent_age_std_mean_absolute_error": [
    2.5567569732666016,
    1.6516809463500977,
    1.3979473114013672,
    1.335707664489746,
    1.307451844215393,
    1.2714823484420776,
    1.2572662830352783,
    1.2252105474472046,
    1.2418771982192993,
    1.2287189960479736,
    1.2085576057434082,
    1.2132339477539062,
    1.1957515478134155,
    1.1888787746429443,
    1.162224292755127,
    1.1681296825408936,
    1.145462989807129,
    1.1505540609359741,
    1.1453511714935303,
    1.1229201555252075,
    1.138627052307129,
    1.1264007091522217,
    1.1007477045059204,
    1.0859777927398682,
    1.1105881929397583,
    1.1062848567962646,
    1.0922653675079346,
    1.0845043659210205,
    1.0976403951644897,
    1.0551390647888184,
    1.1056967973709106,
    1.0579872131347656,
    1.1309051513671875,
    1.073744773864746,
    1.091153621673584,
    1.0953130722045898,
    1.047550082206726,
    1.0758755207061768,
    1.0477538108825684
  ],
  "apparent_age_std_mean_squared_error": [
    9.282904624938965,
    4.496535778045654,
    3.341780185699463,
    3.0325965881347656,
    2.9732704162597656,
    2.8598837852478027,
    2.6875858306884766,
    2.5844790935516357,
    2.647226095199585,
    2.5533018112182617,
    2.528679370880127,
    2.5174338817596436,
    2.5051910877227783,
    2.447233200073242,
    2.433985948562622,
    2.35349702835083,
    2.300783634185791,
    2.30644154548645,
    2.2908971309661865,
    2.186892509460449,
    2.2511847019195557,
    2.205984592437744,
    2.1839067935943604,
    2.027625560760498,
    2.0985660552978516,
    2.1865832805633545,
    2.073439359664917,
    2.043510913848877,
    2.1442012786865234,
    1.9440348148345947,
    2.0936944484710693,
    1.9642177820205688,
    2.1687986850738525,
    2.0035288333892822,
    2.0656521320343018,
    2.102780818939209,
    1.9099764823913574,
    2.011592149734497,
    1.9302494525909424
  ],
  "loss": [
    102.77409362792969,
    81.55615234375,
    73.1000747680664,
    61.86284637451172,
    61.56950759887695,
    56.14306640625,
    51.686737060546875,
    48.49399948120117,
    50.259315490722656,
    49.749786376953125,
    43.6591911315918,
    42.17628860473633,
    44.45308303833008,
    41.01774597167969,
    42.783687591552734,
    39.58175277709961,
    38.261634826660156,
    42.413047790527344,
    38.918251037597656,
    36.129356384277344,
    35.00518798828125,
    36.880577087402344,
    36.69407272338867,
    36.6397819519043,
    34.75496292114258,
    37.08949661254883,
    35.23927307128906,
    34.7589111328125,
    34.69703674316406,
    35.1520881652832,
    30.604610443115234,
    33.640872955322266,
    32.99010467529297,
    32.496028900146484,
    32.66819381713867,
    31.3082218170166,
    31.188488006591797,
    32.74238586425781,
    30.710922241210938
  ],
  "val_apparent_age_avg_loss": [
    132.64710998535156,
    125.01415252685547,
    127.83417510986328,
    120.3736801147461,
    113.59850311279297,
    113.54113006591797,
    111.8715591430664,
    110.44778442382812,
    114.59998321533203,
    114.8380355834961,
    118.1225357055664,
    113.97391510009766,
    107.68628692626953,
    107.51095581054688,
    110.75048828125,
    100.83423614501953,
    107.4842529296875,
    109.35385131835938,
    109.06896209716797,
    103.53375244140625,
    110.85710906982422,
    111.90294647216797,
    103.85198211669922,
    112.56110382080078,
    110.87335968017578,
    105.97173309326172,
    97.611328125,
    101.1895523071289,
    106.67172241210938,
    100.8627700805664,
    103.37958526611328,
    105.70138549804688,
    100.00267791748047,
    98.19222259521484,
    99.3403091430664,
    107.8821029663086,
    101.2081527709961,
    99.85904693603516,
    99.82455444335938
  ],