{
  "apparent_age_avg_loss": [
    65.85591888427734,
    50.52943420410156,
    55.86088562011719,
    51.47386169433594,
    51.56529998779297,
    49.26639938354492,
    53.59253692626953,
    51.390625,
    47.60413360595703,
    43.68806457519531,
    48.42079162597656,
    46.33990478515625,
    43.643165588378906,
    39.63218307495117,
    43.10858154296875,
    43.586181640625,
    38.44198226928711
  ],
  "apparent_age_avg_mean_absolute_error": [
    6.294566631317139,
    5.641998767852783,
    5.901332378387451,
    5.607623100280762,
    5.688876628875732,
    5.5704121589660645,
    5.644287586212158,
    5.7437357902526855,
    5.507633686065674,
    5.3025126457214355,
    5.477408409118652,
    5.4186177253723145,
    5.2934722900390625,
    4.990485668182373,
    5.143533706665039,
    5.198204517364502,
    4.930537223815918
  ],
  "apparent_age_avg_mean_squared_error": [
    65.85591888427734,
    50.52943420410156,
    55.86088562011719,
    51.47386169433594,
    51.56529998779297,
    49.26639938354492,
    53.59253692626953,
    51.390625,
    47.60413360595703,
    43.68806457519531,
    48.42079162597656,
    46.33990478515625,
    43.643165588378906,
    39.63218307495117,
    43.10858154296875,
    43.586181640625,
    38.44198226928711
  ],
  "apparent_age_std_loss": [
    2.4832065105438232,
    2.2937252521514893,
    2.5561861991882324,
    2.346224069595337,
    2.617396831512451,
    2.3500630855560303,
    2.365900993347168,
    2.61022686958313,
    2.1945621967315674,
    2.5696146488189697,
    2.370582342147827,
    2.216392993927002,
    2.3698694705963135,
    2.594959259033203,
    2.4054129123687744,
    2.439838171005249,
    2.2711427211761475
  ],
  "apparent_age_std_mean_absolute_error": [
    1.2093135118484497,
    1.1733462810516357,
    1.2285367250442505,
    1.2090271711349487,
    1.2571947574615479,
    1.1843039989471436,
    1.21293044090271,
    1.2743732929229736,
    1.1691288948059082,
    1.2696731090545654,
    1.2162926197052002,
    1.1366733312606812,
    1.19136381149292,
    1.2758638858795166,
    1.182370901107788,
    1.202067494392395,
    1.1560803651809692
  ],
  "apparent_age_std_mean_squared_error": [
    2.4832065105438232,
    2.2937252521514893,
    2.5561861991882324,
    2.346224069595337,
    2.617396831512451,
    2.3500630855560303,
    2.365900993347168,
    2.61022686958313,
    2.1945621967315674,
    2.5696146488189697,
    2.370582342147827,
    2.216392993927002,
    2.3698694705963135,
    2.594959259033203,
    2.4054129123687744,
    2.439838171005249,
    2.2711427211761475
  ],
  "loss": [
    68.33912658691406,
    52.82315444946289,
    58.417076110839844,
    53.82008743286133,
    54.18269729614258,
    51.61646270751953,
    55.95843505859375,
    54.0008544921875,
    49.798702239990234,
    46.25768280029297,
    50.79136657714844,
    48.556297302246094,
    46.013038635253906,
    42.22714614868164,
    45.513999938964844,
    46.02602005004883,
    40.71312713623047
  ],
  "val_apparent_age_avg_loss": [
    146.53045654296875,
    140.3065185546875,
    151.0704345703125,
    137.65106201171875,
    152.19088745117188,
    138.2364501953125,
    120.78470611572266,
    137.63211059570312,
    132.5076446533203,
    140.74411010742188,
    127.49471282958984,
    141.92556762695312,
    138.23648071289062,
    136.4403533935547,
    127.25830078125,
    124.83821868896484,
    134.42474365234375
  ],
  "val_apparent_age_avg_mean_absolute_error": [
    9.390204429626465,
    9.166823387145996,
    9.491769790649414,
    9.099308013916016,
    9.424341201782227,
    9.091254234313965,
    8.135948181152344,
    8.971268653869629,
    8.9845609664917,
    9.27285099029541,
    8.727801322937012,
    9.417909622192383,
    8.885974884033203,
    8.847314834594727,
    8.787403106689453,
    8.527027130126953,
    8.771328926086426
  ],
  "val_apparent_age_avg_mean_squared_error": [
    146.53045654296875,
    140.3065185546875,
    151.0704345703125,
    137.65106201171875,
    152.19088745117188,
    138.2364501953125,
    120.78470611572266,
    137.63211059570312,
    132.5076446533203,
    140.74411010742188,
    127.49471282958984,
    141.92556762695312,
    138.23648071289062,
    136.4403533935547,
    127.25830078125,
    124.83821868896484,
    134.42474365234375
  ],
  "val_apparent_age_std_loss": [
    3.722092390060425,
    3.7364487648010254,
    3.909377336502075,
    3.419395923614502,
    3.573558807373047,
    3.581843614578247,
    3.3744194507598877,
    3.57680082321167,
    3.9524693489074707,
    3.787050247192383,
    3.168635129928589,
    3.929678440093994,
    3.475905656814575,
    3.578331708908081,
    3.4372475147247314,
    3.6142966747283936,
    3.6989822387695312
  ],
  "val_apparent_age_std_mean_absolute_error": [
    1.5581151247024536,
    1.5496711730957031,
    1.624969244003296,
    1.4470784664154053,
    1.4505417346954346,
    1.5004750490188599,
    1.43710196018219,
    1.5408210754394531,
    1.585376262664795,
    1.541195273399353,
    1.4009395837783813,
    1.5730220079421997,
    1.4571549892425537,
    1.5507056713104248,
    1.4846577644348145,
    1.510172724723816,
    1.5507903099060059
  ],
  "val_apparent_age_std_mean_squared_error": [
    3.722092390060425,
    3.7364487648010254,
    3.909377336502075,
    3.419395923614502,
    3.573558807373047,
    3.581843614578247,
    3.3744194507598877,
    3.57680082321167,
    3.9524693489074707,
    3.787050247192383,
    3.168635129928589,
    3.929678440093994,
    3.475905656814575,
    3.578331708908081,
    3.4372475147247314,
    3.6142966747283936,
    3.6989822387695312
  ],
  "val_loss": [
    150.25254821777344,
    144.04296875,
    154.9798126220703,
    141.07046508789062,
    155.7644500732422,
    141.81829833984375,
    124.15911865234375,
    141.20889282226562,
    136.46011352539062,
    144.53115844726562,
    130.66334533691406,
    145.855224609375,
    141.71238708496094,
    140.01870727539062,
    130.695556640625,
    128.4525146484375,
    138.1237335205078
  ]
}