{
  "apparent_age_avg_loss": [
    98.2054672241211,
    80.39486694335938,
    65.69112396240234,
    67.98746490478516,
    59.415313720703125,
    55.06270217895508,
    52.6985969543457,
    48.119720458984375,
    48.66059875488281,
    43.60167694091797,
    41.97761154174805,
    43.4136848449707,
    36.654640197753906,
    40.9429931640625,
    36.902462005615234,
    43.73983383178711,
    37.755882263183594,
    37.15293502807617,
    35.53594207763672,
    37.21492385864258,
    32.58133316040039,
    37.7860107421875,
    35.732486724853516,
    34.86269760131836,
    35.57733154296875,
    34.40122604370117,
    33.71531295776367,
    33.088539123535156,
    31.956241607666016,
    28.978891372680664,
    32.32815170288086,
    32.036163330078125,
    30.893146514892578,
    29.316638946533203,
    31.106494903564453,
    28.572383880615234,
    31.18967056274414,
    31.76959228515625,
    26.189952850341797,
    29.782747268676758,
    32.99760437011719,
    28.06536865234375,
    29.052824020385742,
    28.654996871948242,
    30.930532455444336,
    28.44169807434082,
    26.017187118530273,
    27.328994750976562,
    29.720993041992188,
    27.90203857421875,
    25.358352661132812,
    26.057193756103516,
    27.508193969726562,
    25.008655548095703,
    23.81291389465332
  ],
  "apparent_age_avg_mean_absolute_error": [
    7.709782123565674,
    6.894644737243652,
    6.202888488769531,
    6.428411483764648,
    5.913930892944336,
    5.825005531311035,
    5.6940083503723145,
    5.423696517944336,
    5.407204627990723,
    5.160656452178955,
    5.121319770812988,
    5.123447895050049,
    4.720728874206543,
    4.968571186065674,
    4.677430152893066,
    5.093337535858154,
    4.771572113037109,
    4.7241668701171875,
    4.649943828582764,
    4.737097263336182,
    4.437650203704834,
    4.717107772827148,
    4.56745719909668,
    4.569143772125244,
    4.556516647338867,
    4.567061901092529,
    4.471076965332031,
    4.42983341217041,
    4.330476760864258,
    4.219335556030273,
    4.3921637535095215,
    4.34535026550293,
    4.303249835968018,
    4.202801704406738,
    4.250551700592041,
    4.0759663581848145,
    4.277268409729004,
    4.375236511230469,
    3.9114160537719727,
    4.17172908782959,
    4.348474979400635,
    4.114563941955566,
    4.143892765045166,
    4.125564098358154,
    4.30711555480957,
    4.135207176208496,
    3.9031822681427,
    3.9985830783843994,
    4.137148380279541,
    4.1142191886901855,
    3.886857271194458,
    3.9373912811279297,
    4.023770332336426,
    3.855471611022949,
    3.734027624130249
  ],
  "apparent_age_avg_mean_squared_error": [
    98.2054672241211,
    80.39486694335938,
    65.69112396240234,
    67.98746490478516,
    59.415313720703125,
    55.06270217895508,
    52.6985969543457,
    48.119720458984375,
    48.66059875488281,
    43.60167694091797,
    41.97761154174805,
    43.4136848449707,
    36.654640197753906,
    40.9429931640625,
    36.902462005615234,
    43.73983383178711,
    37.755882263183594,
    37.15293502807617,
    35.53594207763672,
    37.21492385864258,
    32.58133316040039,
    37.7860107421875,
    35.732486724853516,
    34.86269760131836,
    35.57733154296875,
    34.40122604370117,
    33.71531295776367,
    33.088539123535156,
    31.956241607666016,
    28.978891372680664,
    32.32815170288086,
    32.036163330078125,
    30.893146514892578,
    29.316638946533203,
    31.106494903564453,
    28.572383880615234,
    31.18967056274414,
    31.76959228515625,
    26.189952850341797,
    29.782747268676758,
    32.99760437011719,
    28.06536865234375,
    29.052824020385742,
    28.654996871948242,
    30.930532455444336,
    28.44169807434082,
    26.017187118530273,
    27.328994750976562,
    29.720993041992188,
    27.90203857421875,
    25.358352661132812,
    26.057193756103516,
    27.508193969726562,
    25.008655548095703,
    23.81291389465332
  ],
  "apparent_age_std_loss": [
    17.518159866333008,
    16.483203887939453,
    15.320330619812012,
    13.662079811096191,
    11.558566093444824,
    9.850740432739258,
    8.155363082885742,
    6.716421127319336,
    5.707706928253174,
    5.177074909210205,
    4.745875835418701,
    4.505311012268066,
    4.369302272796631,
    4.112598419189453,
    3.975541353225708,
    3.9032466411590576,
    3.8756015300750732,
    3.759371042251587,
    3.5047695636749268,
    3.543288469314575,
    3.5080301761627197,
    3.402562379837036,
    3.302154779434204,
    3.334956169128418,
    3.302051544189453,
    3.1408722400665283,
    3.433157205581665,
    3.225144386291504,
    3.0264334678649902,
    3.280407667160034,
    3.081476926803589,
    3.0981783866882324,
    3.0165340900421143,
    2.985445737838745,
    2.908195734024048,
    2.895914077758789,
    2.7269887924194336,
    3.1754302978515625,
    2.748131513595581,
    2.7030465602874756,
    2.845759153366089,
    2.7094013690948486,
    2.8279197216033936,
    2.706181764602661,
    2.8673882484436035,
    2.769516706466675,
    2.69008731842041,
    2.6738240718841553,
    2.733309507369995,
    2.630871057510376,
    2.596662998199463,
    2.7082996368408203,
    2.715258836746216,
    2.5656559467315674,
    2.560216188430786
  ],
  "apparent_age_std_mean_absolute_error": [
    3.771883487701416,
    3.623839855194092,
    3.4707672595977783,
    3.2270309925079346,
    2.90704083442688,
    2.6297919750213623,
    2.3371477127075195,
    2.0906074047088623,
    1.8961207866668701,
    1.809606671333313,
    1.7114121913909912,
    1.6535311937332153,
    1.6251764297485352,
    1.5677851438522339,
    1.530854344367981,
    1.5293601751327515,
    1.5122413635253906,
    1.5066531896591187,
    1.4504586458206177,
    1.4650685787200928,
    1.4324795007705688,
    1.4278544187545776,
    1.3942461013793945,
    1.4152625799179077,
    1.3936272859573364,
    1.3813647031784058,
    1.4395381212234497,
    1.3632596731185913,
    1.3487012386322021,
    1.4028167724609375,
    1.3382946252822876,
    1.364273190498352,
    1.344841718673706,
    1.328440546989441,
    1.3025156259536743,
    1.3010950088500977,
    1.261399745941162,
    1.3655052185058594,
    1.2567884922027588,
    1.2736343145370483,
    1.3058884143829346,
    1.2612377405166626,
    1.3048275709152222,
    1.264794945716858,
    1.3076956272125244,
    1.267311930656433,
    1.2582670450210571,
    1.2579859495162964,
    1.2772331237792969,
    1.2465614080429077,
    1.235342264175415,
    1.2493325471878052,
    1.2695188522338867,
    1.2315818071365356,
    1.2170095443725586
  ],
  "apparent_age_std_mean_squared_error": [
    17.518159866333008,
    16.483203887939453,
    15.320330619812012,
    13.662079811096191,
    11.558566093444824,
    9.850740432739258,
    8.155363082885742,
    6.716421127319336,
    5.707706928253174,
    5.177074909210205,
    4.745875835418701,
    4.505311012268066,
    4.369302272796631,
    4.112598419189453,
    3.975541353225708,
    3.9032466411590576,
    3.8756015300750732,
    3.759371042251587,
    3.5047695636749268,
    3.543288469314575,
    3.5080301761627197,
    3.402562379837036,
    3.302154779434204,
    3.334956169128418,
    3.302051544189453,
    3.1408722400665283,
    3.433157205581665,
    3.225144386291504,
    3.0264334678649902,
    3.280407667160034,
    3.081476926803589,
    3.0981783866882324,
    3.0165340900421143,
    2.985445737838745,
    2.908195734024048,
    2.895914077758789,
    2.7269887924194336,
    3.1754302978515625,
    2.748131513595581,
    2.7030465602874756,
    2.845759153366089,
    2.7094013690948486,
    2.8279197216033936,
    2.706181764602661,
    2.8673882484436035,
    2.769516706466675,
    2.69008731842041,
    2.6738240718841553,
    2.733309507369995,
    2.630871057510376,
    2.596662998199463,
    2.7082996368408203,
    2.715258836746216,
    2.5656559467315674,
    2.560216188430786
  ],