{
  "apparent_age_avg_loss": [
    81.71967315673828,
    82.83484649658203,
    77.8680419921875,
    69.85726165771484,
    72.82818603515625,
    61.095943450927734,
    68.36608123779297,
    52.46564865112305,
    56.426025390625,
    54.157440185546875,
    53.507198333740234,
    55.266639709472656,
    61.31192398071289,
    59.95347213745117,
    55.298301696777344,
    64.96849822998047
  ],
  "apparent_age_avg_mean_absolute_error": [
    7.205600738525391,
    7.262055397033691,
    7.092842102050781,
    6.980414390563965,
    6.756954193115234,
    6.3796515464782715,
    6.68033504486084,
    5.671210289001465,
    6.000093936920166,
    6.046805381774902,
    5.882142066955566,
    5.901368618011475,
    6.217690467834473,
    6.220035076141357,
    5.92480993270874,
    6.546505928039551
  ],
  "apparent_age_avg_mean_squared_error": [
    81.71967315673828,
    82.83484649658203,
    77.8680419921875,
    69.85726165771484,
    72.82818603515625,
    61.095943450927734,
    68.36608123779297,
    52.46564865112305,
    56.426025390625,
    54.157440185546875,
    53.507198333740234,
    55.266639709472656,
    61.31192398071289,
    59.95347213745117,
    55.298301696777344,
    64.96849822998047
  ],
  "apparent_age_std_loss": [
    11.90941333770752,
    12.089322090148926,
    12.168539047241211,
    12.417266845703125,
    10.847935676574707,
    11.53111457824707,
    10.985136032104492,
    10.308295249938965,
    10.949037551879883,
    11.007744789123535,
    9.89292049407959,
    10.1393461227417,
    9.415807723999023,
    10.704258918762207,
    9.82363224029541,
    9.566197395324707
  ],
  "apparent_age_std_mean_absolute_error": [
    3.062072277069092,
    3.033447265625,
    3.0903570652008057,
    3.1007442474365234,
    2.8647193908691406,
    3.0339791774749756,
    2.858294725418091,
    2.7862751483917236,
    2.8802831172943115,
    2.891957998275757,
    2.7695107460021973,
    2.726097583770752,
    2.663069248199463,
    2.8377513885498047,
    2.7085587978363037,
    2.6766953468322754
  ],
  "apparent_age_std_mean_squared_error": [
    11.90941333770752,
    12.089322090148926,
    12.168539047241211,
    12.417266845703125,
    10.847935676574707,
    11.53111457824707,
    10.985136032104492,
    10.308295249938965,
    10.949037551879883,
    11.007744789123535,
    9.89292049407959,
    10.1393461227417,
    9.415807723999023,
    10.704258918762207,
    9.82363224029541,
    9.566197395324707
  ],
  "loss": [
    93.72957611083984,
    95.02464294433594,
    90.13704681396484,
    82.37500762939453,
    83.77659606933594,
    72.72753143310547,
    79.45169830322266,
    62.874420166015625,
    67.47554016113281,
    65.2656478881836,
    63.50058364868164,
    65.50645446777344,
    70.82819366455078,
    70.75819396972656,
    65.2223892211914,
    74.6351547241211
  ],
  "val_apparent_age_avg_loss": [
    197.3190460205078,
    220.5645294189453,
    203.1234130859375,
    215.9252166748047,
    225.3068389892578,
    187.56214904785156,
    233.2278289794922,
    210.4093780517578,
    204.62548828125,
    189.3605194091797,
    217.13182067871094,
    201.9594268798828,
    197.8577117919922,
    216.6377716064453,
    226.68321228027344,
    195.1543731689453
  ],
  "val_apparent_age_avg_mean_absolute_error": [
    10.620264053344727,
    11.617756843566895,
    10.958781242370605,
    11.073539733886719,
    11.599455833435059,
    10.391517639160156,
    11.780777931213379,
    11.37745189666748,
    11.052330017089844,
    10.71911907196045,
    11.434292793273926,
    10.748932838439941,
    10.742019653320312,
    10.888731956481934,
    10.831512451171875,
    10.5193510055542
  ],
  "val_apparent_age_avg_mean_squared_error": [
    197.3190460205078,
    220.5645294189453,
    203.1234130859375,
    215.9252166748047,
    225.3068389892578,
    187.56214904785156,
    233.2278289794922,
    210.4093780517578,
    204.62548828125,
    189.3605194091797,
    217.13182067871094,
    201.9594268798828,
    197.8577117919922,
    216.6377716064453,
    226.68321228027344,
    195.1543731689453
  ],
  "val_apparent_age_std_loss": [
    11.504683494567871,
    11.523110389709473,
    11.211685180664062,
    11.849404335021973,
    11.507851600646973,
    11.38206958770752,
    10.401995658874512,
    10.58224868774414,
    10.455069541931152,
    10.622634887695312,
    10.312039375305176,
    10.175634384155273,
    10.859062194824219,
    10.235577583312988,
    10.104732513427734,
    9.426705360412598
  ],
  "val_apparent_age_std_mean_absolute_error": [
    2.8104934692382812,
    2.84261417388916,
    2.7871100902557373,
    2.9102089405059814,
    2.830214738845825,
    2.8068504333496094,
    2.609111785888672,
    2.703935384750366,
    2.6684954166412354,
    2.6844301223754883,
    2.679382562637329,
    2.5966992378234863,
    2.6868057250976562,
    2.602956533432007,
    2.5421791076660156,
    2.449259042739868
  ],
  "val_apparent_age_std_mean_squared_error": [
    11.504683494567871,
    11.523110389709473,
    11.211685180664062,
    11.849404335021973,
    11.507851600646973,
    11.38206958770752,
    10.401995658874512,
    10.58224868774414,
    10.455069541931152,
    10.622634887695312,
    10.312039375305176,
    10.175634384155273,
    10.859062194824219,
    10.235577583312988,
    10.104732513427734,
    9.426705360412598
  ],
  "val_loss": [
    208.92420959472656,
    232.1881561279297,
    214.43556213378906,
    227.87510681152344,
    236.9151611328125,
    199.0447235107422,
    243.73028564453125,
    221.09210205078125,
    215.1810302734375,
    200.0836181640625,
    227.5443115234375,
    212.2355499267578,
    208.8172149658203,
    226.97381591796875,
    236.88841247558594,
    204.6815185546875
  ]
}